stop_id,stop_code,stop_name,stop_lat,stop_lon
0001,1.0,Erin Mills Pky North Of Lincoln Green Way,43.535249,-79.663644
0002,2.0,Erin Mills Pky At Paula Crt Walkway,43.534534,-79.663118
0004,4.0,Eglinton Ave West Of East Mill Rd,43.579365,-79.683931
0009,9.0,The Collegeway East Of Glen Erin Dr,43.537222,-79.684341
0010,10.0,Explorer Dr At 5875 Explorer Dr,43.654616,-79.616731
0011,11.0,Mclaughlin Rd At South Ceremonial Dr,43.599851,-79.666981
0012,12.0,Creekbank Rd North Of Tech Ave,43.643532,-79.615677
0014,14.0,Matheson Blvd At Solar Dr,43.652747,-79.609733
0020,20.0,Matheson Blvd At Shuttle Dr,43.660658,-79.600934
0021,21.0,Matheson Blvd West Of Orbitor Dr,43.657669,-79.604165
0022,22.0,Tours Rd At Millers Grove,43.571865,-79.754781
0023,23.0,Tours Rd East Of Winston Churchill Blvd,43.574212,-79.751081
0024,24.0,Tours Rd At Windwood Dr,43.575569,-79.74901
0025,25.0,Mclaughlin Rd South Of Britannia Rd,43.616293,-79.689595
0026,26.0,Matheson Blvd At Whittle Rd,43.62112,-79.667701
0027,27.0,Matheson Blvd East Of Whittle Rd,43.622389,-79.663918
0028,28.0,Matheson Blvd At 267 Matheson Blvd,43.622733,-79.66184
0029,29.0,Matheson Blvd At Mcadam Rd,43.624168,-79.658239
0030,30.0,Matheson Blvd At Kennedy Rd,43.625811,-79.655513
0031,31.0,Matheson Blvd At Timberlea Blvd,43.631449,-79.644987
0032,32.0,Matheson Blvd At Ambler Dr,43.639994,-79.632917
0033,33.0,Matheson Blvd At Dixie Rd,43.642188,-79.630413
0034,34.0,Matheson Blvd At Matheson Blvd,43.643498,-79.628548
0035,35.0,Spectrum Station East Platform A,43.649807,-79.605578
0036,36.0,Spectrum Station West Platform B,43.649555,-79.606183
0037,37.0,Matheson Blvd At Spectrum Way,43.652174,-79.611796
0038,38.0,Matheson Blvd At Creekbank Rd,43.649013,-79.620576
0039,39.0,Matheson Blvd At West Explorer Dr,43.651994,-79.615557
0040,40.0,Matheson Blvd At Spectrum Way,43.651973,-79.612358
0041,41.0,Matheson Blvd At Solar Dr,43.652685,-79.609409
0042,42.0,Matheson Blvd At Satellite Dr,43.654645,-79.607671
0043,43.0,Matheson Blvd At Shuttle Dr,43.660344,-79.600903
0044,44.0,Matheson Blvd At East Explorer Dr,43.66253,-79.598496
0045,45.0,Matheson Blvd At Bradco Blvd,43.638257,-79.635178
0046,46.0,Matheson Blvd At Maingate Dr,43.636372,-79.637214
0047,47.0,Creekbank Rd At Matheson Blvd,43.648054,-79.620376
0048,48.0,Matheson Blvd At Falbourne St,43.615314,-79.680446
0049,49.0,Lisgar Dr At Derry Rd,43.576887,-79.783746
0050,50.0,Matheson Blvd At Tomken Rd,43.633638,-79.641318
0051,51.0,Matheson Blvd At Kennedy Rd,43.626301,-79.655306
0052,52.0,Matheson Blvd At Mcadam Rd,43.62472,-79.657681
0053,53.0,Matheson Blvd At Mclaughlin Rd,43.613012,-79.684585
0054,54.0,Britannia Rd At Ellesboro Dr,43.590026,-79.720153
0057,57.0,Erin Centre Blvd West Of Erin Mills Pky,43.561061,-79.712595
0058,58.0,Erin Centre Blvd West Of Erin Mills Pky,43.560682,-79.713187
0059,59.0,Mississauga Valley Blvd North Of Central Pky,43.591651,-79.626864
0062,62.0,Financial Dr At Derry Rd,43.611995,-79.749617
0063,63.0,Falbourne St At 5875 Falbourne St,43.617673,-79.681237
0064,64.0,Falbourne St At Britannia Rd,43.620104,-79.685063
0066,66.0,Elm Dr East Of Hurontario St,43.59121,-79.63064
0067,67.0,Britannia Rd At Ellesboro Dr,43.590385,-79.720169
0068,68.0,Elm Dr At Obelisk Way,43.591816,-79.629375
0069,69.0,Elm Dr At Hurontario St,43.591134,-79.6311
0070,70.0,Elm Dr At Kariya Dr,43.589207,-79.633337
0071,71.0,Confederation Pky At Paisley Blvd,43.573831,-79.61408
0072,72.0,Tours Rd At Windwood Dr,43.575693,-79.749019
0073,73.0,Tours Rd At Winston Churchill Blvd,43.574233,-79.75134
0074,74.0,Kariya Dr At North Enfield Pl,43.59046,-79.636538
0075,75.0,Kariya Dr At South Enfield Pl,43.58972,-79.635515
0076,76.0,Elm Dr East Of Kariya Dr,43.589793,-79.632353
0078,78.0,Elm Dr At Mississauga Valley Blvd,43.592219,-79.628437
0079,79.0,Matheson Blvd At West Explorer Dr,43.652246,-79.614795
0080,80.0,Matheson Blvd At Timberlea Blvd,43.631824,-79.644767
0081,81.0,Lisgar Dr At Beacham St,43.571236,-79.778176
0082,82.0,Lisgar Dr At Dillingwood Dr,43.576122,-79.782907
0083,83.0,Lisgar Dr At Yarrow Ave,43.573771,-79.780317
0085,85.0,City Centre Transit Terminal Platform L,43.593731,-79.647476
0087,87.0,Mavis Rd At Courtneypark Dr,43.623801,-79.711618
0088,88.0,Lisgar Dr At Berryman Trail,43.57023,-79.777565
0091,91.0,Derry Rd At Forest Park Dr,43.581178,-79.779077
0092,92.0,Derry Rd East Of Tenth Line,43.584007,-79.775987
0093,93.0,Winston Churchill Blvd At Vanderbilt Rd,43.584867,-79.766725
0094,94.0,Tours Rd At Millers Grove,43.571827,-79.755
0095,95.0,Hurontario St At Annagem Blvd,43.63565,-79.691803
0096,96.0,Hurontario St At Courtneypark Dr,43.637836,-79.694768
0097,97.0,Hurontario St At Courtneypark Dr,43.637239,-79.69457
0098,98.0,Hurontario St South Of Prologis Blvd,43.634871,-79.691398
0099,99.0,Meadowvale Blvd At Tottington Dr,43.615147,-79.748821
0100,100.0,Clarkson Go Station Platform 9,43.512562,-79.633058
0101,101.0,Clarkson Go Station Platform 4,43.512818,-79.632805
0103,103.0,Southdown Rd At South Sheridan Way,43.521719,-79.644571
0104,104.0,Southdown Rd At Truscott Dr,43.518647,-79.640408
0105,105.0,Southdown Rd At Wiseman Crt,43.516098,-79.636848
0106,106.0,Southdown Rd At Bromsgrove Rd,43.51441,-79.634607
0108,108.0,Bromsgrove Rd At 2150 Bromsgrove Rd,43.512203,-79.637785
0109,109.0,Bromsgrove Rd East Of Seagull Dr,43.509354,-79.639668
0110,110.0,Bromsgrove Rd East Of Treadmore Dr,43.507697,-79.643466
0111,111.0,Bromsgrove Rd At Tredmore Dr,43.506006,-79.645174
0112,112.0,Bromsgrove Rd At Playford Rd,43.504546,-79.646592
0113,113.0,Bromsgrove Rd At Cramer St,43.501793,-79.649783
0114,114.0,Winston Churchill Blvd South Of Kingsway Dr,43.503921,-79.656118
0115,115.0,Bromsgrove Rd At Seagull Dr,43.508683,-79.642318
0116,116.0,Truscott Dr At Buckby Rd,43.508275,-79.653535
0117,117.0,Truscott Dr At Sandgate Cres,43.509486,-79.650106
0118,118.0,Truscott Dr West Of Seagull Dr,43.511556,-79.648476
0119,119.0,Truscott Dr At Bodmin Rd,43.513141,-79.646251
0120,120.0,Truscott Dr At Lewisham Dr,43.515299,-79.643872
0121,121.0,Truscott Dr At Thetford Crt,43.518529,-79.641949
0122,122.0,Truscott Dr At Thetford Crt,43.518571,-79.641676
0123,123.0,Truscott Dr At Lewisham Dr,43.51502,-79.643892
0124,124.0,Truscott Dr At Bodmin Rd,43.513526,-79.645536
0125,125.0,Truscott Dr East Of Buckby Rd,43.509034,-79.650661
0126,126.0,Truscott Dr East Of Kelly Rd,43.511151,-79.64851
0127,127.0,Truscott Dr At Buckby Rd,43.508104,-79.653502
0128,128.0,Truscott Dr East Of Winston Churchill Blvd,43.505701,-79.65744
0129,129.0,Winston Churchill Blvd At Stockholm Rd,43.502944,-79.654303
0130,130.0,Bromsgrove Rd At Cramer St,43.502045,-79.649777
0131,131.0,Bromsgrove Rd At Playford Rd,43.504771,-79.646506
0132,132.0,Bromsgrove Rd East Of Tredmore Dr,43.506623,-79.644801
0133,133.0,Bromsgrove Rd At Seagull Dr,43.508888,-79.642177
0135,135.0,Bromsgrove Rd At 2170 Bromsgrove Rd,43.512492,-79.637803
0136,136.0,Bromsgrove Rd West Of Southdown Rd,43.514407,-79.63609
0137,137.0,Truscott Dr At Winston Churchill Blvd,43.50581,-79.657573
0138,138.0,Truscott Dr At Lockhart Rd,43.507508,-79.655705
0139,139.0,Clarkson Go Station Platform 7,43.512961,-79.633382
0141,141.0,Bromsgrove Rd At 2252 Bromsgrove Rd,43.509649,-79.639537
0142,142.0,Bromsgrove Rd At Winston Churchill Blvd,43.500844,-79.651053
0143,143.0,Winston Churchill Blvd At Stockholm Rd,43.503096,-79.654949
0144,144.0,Winston Churchill Blvd At Truscott Dr,43.50537,-79.657632
0146,146.0,Glen Erin Dr At Rogers Rd,43.543509,-79.691779
0147,147.0,Glen Erin Dr At Rolling Valley Dr,43.545891,-79.695534
0148,148.0,Glen Erin Dr At Folkway Dr,43.54727,-79.699237
0149,149.0,Dundas St At Clayhill Rd,43.570863,-79.627636
0150,150.0,Winston Churchill Blvd North Of Stockholm Rd,43.504144,-79.656002
0153,153.0,Glen Erin Dr North Of Erin Centre Blvd,43.558326,-79.718264
0154,154.0,Glen Erin Dr At Middlebury Dr,43.560325,-79.720711
0155,155.0,Glen Erin Dr At Burnford Trail,43.562574,-79.722892
0156,156.0,Glen Erin Dr North Of Burnford Trail,43.564171,-79.725644
0157,157.0,Glen Erin Dr North Of Thomas St,43.566372,-79.729288
0160,160.0,Glen Erin Dr At Folkway Dr,43.547222,-79.699795
0161,161.0,Glen Erin Dr South Of Rolling Valley Dr,43.545011,-79.694569
0162,162.0,Glen Erin Dr At Romark Mews Walkway,43.544368,-79.693467
0177,177.0,Kennedy Rd At Matheson Blvd,43.625958,-79.655026
0178,178.0,Kennedy Rd At Coopers Ave,43.631036,-79.661929
0179,179.0,Kennedy Rd At Coopers Ave,43.634128,-79.666075
0180,180.0,Kennedy Rd At Abilene Dr,43.63795,-79.671136
0181,181.0,Kennedy Rd At Otto Rd,43.643063,-79.677941
0182,182.0,Kennedy Rd At Courtneypark Dr,43.647654,-79.684127
0190,190.0,Hurontario St At Barondale Dr,43.61691,-79.666654
0191,191.0,Hurontario St At Barondale Dr,43.616925,-79.667137
0193,193.0,Kennedy Rd At Courtneypark Dr,43.647833,-79.684805
0194,194.0,Kennedy Rd At Pendant Dr,43.643159,-79.678522
0196,196.0,Kennedy Rd At Britannia Rd,43.634261,-79.66668
0197,197.0,Kennedy Rd At Matheson Blvd,43.626174,-79.655765
0198,198.0,South Millway At Council Ring Rd,43.539403,-79.675934
0199,199.0,South Millway At Council Ring Rd,43.539461,-79.676321
0208,208.0,Lakeshore Rd At Inverhouse Dr,43.513267,-79.627332
0209,209.0,Lakeshore Rd West Of Clarkson Rd,43.515338,-79.62512
0210,210.0,Lakeshore Rd At Clarkson Rd,43.517072,-79.623249
0211,211.0,Lakeshore Rd At Meadow Wood Rd,43.518973,-79.621152
0212,212.0,Southdown Rd South Of Bonnymede Dr,43.506741,-79.624511
0214,214.0,Lakeshore Rd At Silver Birch Trail,43.52403,-79.615604
0216,216.0,Lakeshore Rd At Tennyson Ave,43.531725,-79.607236
0218,218.0,Lakeshore Rd At Maple Ave,43.542869,-79.595146
0219,219.0,Lakeshore Rd At Shawnmarr Rd,43.54023,-79.598029
0221,221.0,Lakeshore Rd At Benson Ave,43.544513,-79.593424
0222,222.0,Lakeshore Rd East Of Benson Ave,43.545863,-79.59187
0223,223.0,Lakeshore Rd At Mississauga Rd,43.547719,-79.589772
0224,224.0,Lakeshore Rd At Front St,43.549976,-79.587342
0225,225.0,Lakeshore Rd At Festavon Crt,43.526589,-79.612811
0226,226.0,Park St At Mississauga Rd,43.54951,-79.591909
0227,227.0,Mississauga Rd West Of Kane Rd,43.55076,-79.597673
0228,228.0,Indian Rd At Kane Rd,43.550785,-79.602662
0229,229.0,Indian Rd At Indian Grove,43.547266,-79.606444
0230,230.0,Indian Rd At Woodeden Dr,43.542453,-79.611989
0231,231.0,Indian Rd At Tecumseh Park Dr,43.541834,-79.613625
0232,232.0,Indian Rd At Caldwell Ave,43.540299,-79.617769
0233,233.0,Indian Rd At Birchview Dr,43.538695,-79.622113
0234,234.0,Indian Rd At Narva Rd,43.537395,-79.625621
0235,235.0,Indian Rd At Lorne Park Rd,43.536499,-79.628107
0236,236.0,Lorne Park Rd At Crescent Rd,43.535208,-79.627168
0237,237.0,Truscott Dr West Of Lorne Park Rd,43.532243,-79.625453
0238,238.0,Truscott Dr At Chasehurst Dr,43.531576,-79.627597
0239,239.0,Truscott Dr At Fairmile Dr,43.52758,-79.633826
0240,240.0,Truscott Dr At Clarkson Rd,43.52619,-79.635763
0241,241.0,Truscott Dr At Delaney Dr,43.524559,-79.63721
0242,242.0,Truscott Dr At Robillard Rd,43.522869,-79.638956
0243,243.0,Truscott Dr At Davebrook Rd,43.519976,-79.640209
0244,244.0,Southdown Rd At Wiseman Crt,43.516182,-79.636633
0245,245.0,Southdown Rd At Truscott Dr,43.518964,-79.640422
0246,246.0,Truscott Dr At Davebrook Rd,43.519687,-79.640166
0247,247.0,Truscott Dr At Robillard Rd,43.52241,-79.638986
0248,248.0,Truscott Dr At Delaney Dr,43.524521,-79.63705
0249,249.0,Truscott Dr At Clarkson Rd,43.525903,-79.635893
0250,250.0,Truscott Dr At Mazo Cres,43.527365,-79.63388
0251,251.0,Truscott Dr At Chasehurst Dr,43.531307,-79.627715
0252,252.0,Truscott Dr At Lorne Park Rd,43.532186,-79.62517
0253,253.0,Lorne Park Rd At Lindburgh Crt,43.533118,-79.624122
0254,254.0,Lorne Park Rd At Royal Oaks Rd,43.535114,-79.626799
0255,255.0,Lorne Park Rd At Indian Rd,43.536212,-79.628284
0256,256.0,Indian Rd At Narva Rd,43.537191,-79.625799
0257,257.0,Indian Rd At Birchview Dr,43.538611,-79.621917
0258,258.0,Indian Rd At Caldwell Ave,43.540154,-79.617711
0259,259.0,Indian Rd At Tecumseh Park Dr,43.541567,-79.613866
0260,260.0,Indian Rd At Woodeden Dr,43.54259,-79.611404
0261,261.0,Indian Rd At Indian Grove,43.5471,-79.606388
0262,262.0,Indian Rd At Kane Rd,43.5508,-79.602402
0263,263.0,Mississauga Rd South Of Indian Rd,43.550638,-79.597973
0264,264.0,Mississauga Rd At Park St,43.549249,-79.591915
0266,266.0,Lakeshore Rd At Johnsons Lane,43.522532,-79.617606
0267,267.0,Lakeshore Rd At John St,43.54958,-79.58807
0268,268.0,Lakeshore Rd At Mississauga Rd,43.548275,-79.589586
0269,269.0,Lakeshore Rd At Benson Ave,43.54465,-79.593594
0270,270.0,Lakeshore Rd At Maple Ave,43.543184,-79.595163
0272,272.0,Lakeshore Rd At Shawnmarr Rd,43.540706,-79.597907
0273,273.0,Tomken Rd At Tomken Station,43.622433,-79.624093
0275,275.0,Lakeshore Rd At Lorne Park Rd,43.532166,-79.607176
0276,276.0,Lakeshore Rd At Festavon Crt,43.526779,-79.612881
0278,278.0,Lakeshore Rd At Silver Birch Trail,43.524335,-79.615548
0279,279.0,Lakeshore Rd At Meadow Wood Rd,43.519475,-79.620955
0280,280.0,Lakeshore Rd At Clarkson Rd,43.517493,-79.623103
0281,281.0,Lakeshore Rd West Of Clarkson Rd,43.5152,-79.625593
0282,282.0,Lakeshore Rd At Walden Cir,43.513859,-79.627133
0283,283.0,Southdown Rd At Hartland Dr,43.514634,-79.634498
0284,284.0,Inverhouse Dr At Carrera Crt,43.508632,-79.620744
0285,285.0,Inverhouse Dr South Of Bonnymede Dr,43.510423,-79.623672
0286,286.0,Southdown Rd South Of Lushes Ave,43.508973,-79.627404
0287,287.0,Southdown Rd South Of Royal Windsor Dr,43.510265,-79.629243
0288,288.0,Southdown Rd At South Sheridan Way,43.522182,-79.644787
0289,289.0,Indian Rd At Cermel Dr,43.543336,-79.610508
0290,290.0,Indian Rd At Cermel Dr,43.543614,-79.610477
0291,291.0,Lakeshore Rd At Balboa Dr,43.53899,-79.599704
0292,292.0,Lakeshore Rd At Ibar Way,43.536473,-79.602422
0294,294.0,Sorrento Dr At Trudeau Ave,43.607971,-79.649137
0295,295.0,Lakeshore Rd At Ibar Way,43.536471,-79.602089
0296,296.0,Lakeshore Rd At Balboa Dr,43.538488,-79.599901
0298,298.0,Erin Mills Pky At Mcfarren Blvd,43.567691,-79.718375
0299,299.0,Erin Mills Pky At Banfield Rd,43.567362,-79.718717
0302,302.0,Elizabeth St At Lakeshore Rd,43.553118,-79.584384
0303,303.0,Front St At John St,43.550597,-79.588581
0304,304.0,Hurontario St North Of Mineola Rd,43.563214,-79.59263
0305,305.0,Hurontario St South Of Indian Valley Trail,43.562732,-79.592257
0306,306.0,Front St At Park St,43.550804,-79.590284
0307,307.0,Tranmere Dr At 7875 Tranmere Dr,43.680102,-79.67229
0308,308.0,Tranmere Dr West Of Telford Way,43.680652,-79.673109
0309,309.0,Dixie Rd South Of Mid-Way Blvd,43.666368,-79.662707
0310,310.0,Bloor St At Green Lanes,43.644202,-79.526089
0311,311.0,Elizabeth St At High St,43.553762,-79.585508
0313,313.0,Erin Centre Blvd At John Fraser Secondary School,43.559761,-79.715411
0314,314.0,Port Credit Go Station Platform 7,43.555443,-79.587499
0320,320.0,Winston Churchill Blvd At North Sheridan Way,43.513313,-79.66842
0322,322.0,Eglinton Ave At Albina Way,43.610992,-79.648073
0323,323.0,Lakeshore Rd At St Lawrence Dr,43.555048,-79.581801
0324,324.0,Hurontario St At Inglewood Dr,43.55943,-79.587307
0325,325.0,Lakeshore Rd At Stavebank Rd,43.551913,-79.585254
0326,326.0,Lakeshore Rd East Of Elizabeth St,43.553361,-79.583661
0327,327.0,Derry Rd At Torbram Rd,43.693887,-79.653779
0328,328.0,Derry Rd At Bramalea Rd,43.685479,-79.663124
0329,329.0,Hurontario St At Pinetree Way,43.566983,-79.598176
0330,330.0,Hurontario St At Hampshire Cres,43.565522,-79.595808
0331,331.0,Hurontario St At Indian Valley Trail,43.564509,-79.594729
0332,332.0,Hurontario St At Pinewood Trail,43.564478,-79.594408
0333,333.0,Hurontario St At Mineola Rd,43.561387,-79.590493
0334,334.0,Hurontario St At Mineola Rd,43.561618,-79.590277
0335,335.0,Hurontario St At Inglewood Dr,43.559334,-79.587557
0336,336.0,Hurontario St At Park St,43.556737,-79.583606
0337,337.0,Hurontario St At Park St,43.556475,-79.583575
0338,338.0,Winston Churchill Blvd At Upper Middle Rd,43.513486,-79.669241
0339,339.0,Hurontario St At Lakeshore Rd,43.555422,-79.582139
0340,340.0,Eglinton Ave At Forum Dr,43.611584,-79.647849
0341,341.0,Ann St At Park St,43.556118,-79.584537
0342,342.0,Port Credit Go Station Platform 6,43.555514,-79.587411
0344,344.0,Port Credit Go Station Platform 5,43.555683,-79.587259
0345,345.0,Elizabeth St At Park St,43.554398,-79.586719
0346,346.0,Winston Churchill Blvd At Aquitaine Ave,43.582313,-79.763237
0348,348.0,Port Credit Go Station Platform 8,43.555319,-79.587626
0349,349.0,Burnhamthorpe Rd East Of Glen Erin Dr,43.543465,-79.689305
0350,350.0,Burnhamthorpe Rd At South Common Crt,43.544066,-79.687509
0351,351.0,Meadowvale Blvd At Mississauga Rd,43.611933,-79.75548
0352,352.0,Battleford Rd At Edenwood Dr,43.578269,-79.75979
0353,353.0,Lakeshore Rd At Elmwood Ave,43.557031,-79.579737
0354,354.0,Lakeshore Rd At Cumberland Dr,43.558745,-79.577876
0355,355.0,Lakeshore Rd At Hiawatha Pky,43.560452,-79.57609
0356,356.0,Lakeshore Rd At Wenonah Dr,43.562043,-79.574406
0357,357.0,Lakeshore Rd At Shaw Dr,43.563988,-79.572292
0358,358.0,Lakeshore Rd At Shaw Dr,43.564462,-79.572188
0359,359.0,Lakeshore Rd At Wenonah Dr,43.562322,-79.574424
0360,360.0,Lakeshore Rd At Mohawk Ave,43.560776,-79.57607
0361,361.0,Lakeshore Rd At Cumberland Dr,43.559042,-79.577857
0362,362.0,Lakeshore Rd At Woodlawn Ave,43.557976,-79.578972
0363,363.0,Lakeshore Rd At Hurontario St,43.555107,-79.582134
0364,364.0,City Centre Transit Terminal Platform H,43.593666,-79.646318
0365,365.0,Cawthra Rd At South Service Rd,43.580424,-79.581014
0366,366.0,Cawthra Rd At Arbor Rd,43.577037,-79.576789
0367,367.0,Atwater Ave West Of Cawthra Rd,43.574379,-79.573605
0368,368.0,Atwater Ave At Delwood Pl,43.572956,-79.575139
0369,369.0,Atwater Ave At Claredale Rd,43.570142,-79.577695
0370,370.0,Atwater Ave At Canterbury Rd,43.569377,-79.578456
0371,371.0,Atwater Ave At Mineola Gdns,43.567922,-79.580199
0372,372.0,Mineola Rd At Lochlin Trail,43.567709,-79.584273
0373,373.0,Mineola Rd At Broadmoor Ave,43.56691,-79.585146
0374,374.0,Mineola Rd At Crossfield Bend,43.564744,-79.58748
0375,375.0,Mineola Rd At Wilson Ave,43.563385,-79.588973
0376,376.0,Mineola Rd At Hurontario St,43.562008,-79.590466
0377,377.0,Lakeshore Rd At Stavebank Rd,43.552351,-79.585034
0378,378.0,Lakeshore Rd West Of Stavebank Rd,43.551481,-79.585983
0379,379.0,Rexdale Blvd At Humberwood Blvd,43.720226,-79.612764
0380,380.0,Mineola Rd At Oakes Dr,43.56396,-79.58813
0381,381.0,Mineola Rd At Broadmoor Ave,43.566656,-79.585186
0382,382.0,Mineola Rd At Lochlin Trail,43.567484,-79.584281
0384,384.0,Atwater Ave At Canterbury Rd,43.569135,-79.578499
0385,385.0,Atwater Ave At Claredale Rd,43.569891,-79.577706
0386,386.0,Atwater Ave At Delwood Pl,43.572734,-79.575145
0387,387.0,Cawthra Rd At Atwater Ave,43.575132,-79.57349
0392,392.0,Grossbeak Dr At Prairie Circle,43.562163,-79.753373
0393,393.0,Grossbeak Dr At Osprey Blvd,43.564297,-79.757576
0394,394.0,Osprey Blvd At Snowflake Lane,43.567642,-79.759615
0395,395.0,Osprey Blvd At Longspur Rd,43.570653,-79.763228
0396,396.0,Osprey Blvd At Warbler Lane,43.5716,-79.764222
0397,397.0,Trelawny Cir At Osprey Blvd,43.571073,-79.768025
0398,398.0,Trelawny Cir At Mount Carmel Secondary School,43.573894,-79.77323
0399,399.0,Britannia Rd At Long Valley Rd,43.566136,-79.747025
0400,400.0,North Service Rd At Annapolis Ave,43.585322,-79.58197
0401,401.0,Britannia Rd East Of Queen St,43.588637,-79.721783
0402,402.0,North Service Rd At Insley Rd,43.589919,-79.576459
0403,403.0,North Service Rd At Stanfield Rd,43.592844,-79.5733
0404,404.0,Britannia Rd At River Grove Ave,43.59479,-79.714889
0405,405.0,North Service Rd At Harvest Dr,43.595431,-79.570515
0408,408.0,Lakeshore Rd At Dixie Rd,43.584065,-79.551368
0409,409.0,North Service Rd At Harvest Dr,43.595687,-79.570518
0410,410.0,North Service Rd At Tolman Rd,43.594141,-79.572137
0411,411.0,North Service Rd At Stanfield Rd,43.591957,-79.574489
0412,412.0,North Service Rd At Insley Rd,43.59009,-79.576531
0413,413.0,North Service Rd At Redan Dr,43.587398,-79.579444
0414,414.0,North Service Rd At Annapolis Ave,43.585431,-79.582042
0415,415.0,North Service Rd At Cawthra Rd,43.585388,-79.585846
0416,416.0,Cawthra Rd At Cawthra Park Secondary School,43.576087,-79.574929
0418,418.0,Lisgar Dr At Yarrow Ave,43.573697,-79.780071
0419,419.0,Lisgar Dr At Allcroft Rd,43.576047,-79.782636
0420,420.0,Ogden Ave At Halliday Ave,43.582869,-79.567201
0422,422.0,Queensway West Of The West Mall,43.608518,-79.56912
0423,423.0,Dixie Rd At Kendall Rd,43.601756,-79.573419
0424,424.0,Dixie Rd At Primate Rd,43.600342,-79.57137
0426,426.0,Dixie Mall Bus Terminal Platform B,43.594015,-79.564978
0427,427.0,South Service Rd At Haig Blvd,43.592203,-79.573397
0428,428.0,South Service Rd At Dixie Mall North Access,43.594006,-79.571173
0429,429.0,Ogden Ave At South Service Rd,43.589219,-79.576044
0430,430.0,Ogden Ave At Strathy Ave,43.585873,-79.571267
0431,431.0,Ogden Ave South Of Strathy Ave,43.584352,-79.569285
0432,432.0,Ogden Ave At Atwater Ave,43.581761,-79.565692
0433,433.0,Ogden Ave At Pelham Ave,43.580652,-79.564145
0434,434.0,Ogden Ave At Lakeshore Rd,43.577323,-79.559382
0435,435.0,Lakeshore Rd At Beechwood Ave,43.566051,-79.570129
0436,436.0,Lakeshore Rd At Hampton Cres,43.568251,-79.567585
0437,437.0,Lakeshore Rd At Cawthra Rd,43.56964,-79.566326
0438,438.0,Lakeshore Rd At East Ave,43.572127,-79.563592
0439,439.0,Lakeshore Rd At Lakefront Promenade,43.57481,-79.560742
0440,440.0,Lakeshore Rd At Strathy Ave,43.577405,-79.558042
0441,441.0,Lakeshore Rd At Haig Blvd,43.58,-79.555317
0442,442.0,Lakeshore Rd East Of Orchard Rd,43.58135,-79.553836
0443,443.0,Lakeshore Rd At Dixie Rd,43.584007,-79.55106
0444,444.0,Lakeshore Rd East Of Deta Rd,43.586122,-79.548878
0445,445.0,Lakeshore Rd East Of Island Rd,43.58775,-79.547328
0446,446.0,Long Branch Go Station Platform A,43.591754,-79.544281
0447,447.0,Lakeshore Rd West Of Forty-Third St,43.587317,-79.548139
0448,448.0,Lakeshore Rd At Deta Rd,43.585921,-79.549354
0449,449.0,Ogden Ave At Delco Ave,43.583688,-79.567913
0450,450.0,Lakeshore Rd West Of Fergus Ave,43.581818,-79.553812
0451,451.0,Lakeshore Rd At Haig Blvd,43.580058,-79.555601
0452,452.0,Lakeshore Rd At Ogden Ave,43.577197,-79.558666
0453,453.0,Lakeshore Rd At Alexandra Ave,43.574816,-79.561163
0454,454.0,Lakeshore Rd At East Ave,43.572577,-79.563544
0455,455.0,Lakeshore Rd At Cawthra Rd,43.569694,-79.566611
0456,456.0,Lakeshore Rd At Hampton Cres,43.568214,-79.568218
0457,457.0,Lakeshore Rd At Beechwood Ave,43.566817,-79.56976
0458,458.0,Dixie Rd At Kendall Rd,43.601328,-79.572277
0461,461.0,Dixie Mall Bus Terminal Platform A,43.593809,-79.564646
0462,462.0,South Service Rd At Haig Blvd,43.592252,-79.573056
0463,463.0,South Service Rd At Applewood Rd,43.59117,-79.574313
0464,464.0,Ogden Ave At South Service Rd,43.589408,-79.576015
0465,465.0,Ogden Ave North Of Strathy Ave,43.586667,-79.572103
0466,466.0,Ogden Ave At Strathy Ave,43.585723,-79.570812
0467,467.0,Ogden Ave At Atwater Ave,43.581729,-79.565346
0468,468.0,Ogden Ave At Pelham Ave,43.580629,-79.563786
0469,469.0,Ogden Ave At Gardner Ave,43.57808,-79.560131
0470,470.0,South Service Rd At Dixie Mall Access,43.593641,-79.571268
0471,471.0,Lakeshore Rd At Forty-Third St,43.589712,-79.545819
0472,472.0,Lakeshore Rd At Forty-First St,43.590345,-79.545025
0475,475.0,Eglinton Ave At East Mill Rd,43.580286,-79.682779
0476,476.0,Burnhamthorpe Community Centre,43.624001,-79.598581
0477,477.0,City Centre Transit Terminal Platform E,43.593809,-79.646228
0479,479.0,Terry Fox Way At Preston Manor Dr,43.599062,-79.689833
0480,480.0,Rathburn Rd At City Centre Dr,43.59707,-79.644061
0481,481.0,City Centre Dr At Square One Dr,43.596309,-79.642666
0482,482.0,Eglinton Ave At Hurontario St,43.607256,-79.652717
0483,483.0,Terry Fox Way At Preston Manor Dr,43.599221,-79.690313
0484,484.0,Hadwen Rd At 2075 Hawden Rd,43.522006,-79.655015
0485,485.0,Speakman Dr At Hadwen Rd,43.521931,-79.65757
0486,486.0,Speakman Dr South Of Sheridan Park Dr,43.5158,-79.669477
0487,487.0,Speakman Dr At 2660 Speakman Dr,43.513592,-79.666197
0489,489.0,Speakman Dr South Of Sheridan Park Dr,43.516026,-79.669571
0490,490.0,University Of Toronto At Mississauga Campus,43.547872,-79.663841
0491,491.0,Cawthra Rd At Queensway,43.58953,-79.592388
0492,492.0,Cawthra Rd At Hassall Rd,43.606638,-79.616842
0493,493.0,Cawthra Rd At Arbor Crt,43.577651,-79.57713
0494,494.0,Winterton Way At Astwell Ave,43.597295,-79.67405
0496,496.0,Cawthra Rd At South Service Rd,43.580408,-79.580661
0497,497.0,Cawthra Rd At North Service Rd,43.585606,-79.586683
0498,498.0,Cawthra Rd At Tedwyn Dr,43.586799,-79.588525
0499,499.0,Cawthra Rd At Melton Dr,43.587854,-79.590099
0500,500.0,Leanne Blvd At Erin Mills Pky,43.526899,-79.653174
0501,501.0,Dundas St At Woodchester Dr,43.527646,-79.676134
0502,502.0,Erin Mills Pky South Of Leanne Blvd,43.526437,-79.6513
0503,503.0,Erin Mills Pky At Sheridan Centre,43.529004,-79.654448
0504,504.0,Erin Mills Pky At Lincoln Green Way,43.530422,-79.656639
0505,505.0,Sheridan Park Dr At Fifth Line West,43.52895,-79.659015
0506,506.0,Sheridan Park Dr West Of Fifth Line West,43.527295,-79.660698
0507,507.0,Homelands Dr At Pyramid Cres,43.525265,-79.662698
0508,508.0,Homelands Dr At Woking Cres,43.525764,-79.666065
0509,509.0,Homelands Dr West Of Woking Cres,43.524173,-79.66787
0510,510.0,Homelands Dr At Vineland Rd,43.523063,-79.669144
0511,511.0,Homelands Dr At Barcella Cres,43.521484,-79.671196
0512,512.0,Thorn Lodge Dr At Barnstone Cres,43.52109,-79.674471
0513,513.0,Thorn Lodge Dr At Winthrop Cres,43.523462,-79.674852
0514,514.0,Speakman Dr At 2699 Speakman Dr,43.513812,-79.666576
0515,515.0,Hadwen Rd North Of North Sheridan Way,43.520871,-79.653083
0516,516.0,Woodchester Dr At Thorn Lodge Dr,43.525504,-79.674659
0517,517.0,Woodchester Dr At Dundas St,43.526474,-79.675999
0518,518.0,Speakman Dr At Hadwen Rd,43.522143,-79.657471
0519,519.0,Glen Erin Dr At Quails Run,43.570094,-79.732776
0520,520.0,Dundas St At Nanticoke Rd,43.544687,-79.65499
0521,521.0,Glen Erin Dr At Bell Harbour Dr,43.57299,-79.735725
0523,523.0,Dundas St At Dunwin Dr,43.53307,-79.670248
0524,524.0,Dundas St At Fifth Line West,43.535327,-79.667661
0525,525.0,Speakman Dr At 2650 Speakman Dr,43.513937,-79.664124
0526,526.0,Erin Mills Pky At Leanne Blvd,43.527573,-79.652978
0527,527.0,The Collegeway At Ridgeway Dr,43.523851,-79.704034
0529,529.0,Lakeshore Rd At Avonhead Rd,43.492322,-79.618295
0530,530.0,Speakman Dr At Flavelle Blvd,43.519352,-79.659834
0531,531.0,Erin Mills Pky At Sheridan Centre,43.529041,-79.655126
0532,532.0,Glen Erin Dr At Britannia Rd,43.574665,-79.7383
0533,533.0,Meadowvale Blvd East Of West Credit Ave,43.610878,-79.757014
0535,535.0,Dundas St East Of Erin Mills Pky,43.537488,-79.665201
0536,536.0,Dundas St At Sir Johns Homestead,43.539798,-79.662649
0539,539.0,Meadowvale Blvd At Financial Dr,43.614202,-79.751356
0540,540.0,Glen Erin Dr At Peacock Dr,43.572801,-79.735854
0541,541.0,Glen Erin Dr At Quails Run,43.570742,-79.733543
0544,544.0,Matheson Blvd At Heatherleigh Ave,43.605591,-79.693349
0545,545.0,Erin Mills Pky South Of Dundas St,43.536215,-79.665643
0546,546.0,Glen Erin Dr At Thomas St,43.565717,-79.72862
0548,548.0,Dundas St At Winston Churchill Blvd,43.523208,-79.680884
0549,549.0,Woodchester Dr At Dundas St,43.526359,-79.676162
0550,550.0,Woodchester Dr At Thorn Lodge Dr,43.52535,-79.674637
0551,551.0,Thorn Lodge Dr At Winthrop Cres,43.5235,-79.674987
0552,552.0,Thorn Lodge Dr At Barnstone Cres,43.52111,-79.674705
0553,553.0,Homelands Dr At Barcella Cres,43.521375,-79.671148
0554,554.0,Homelands Dr At Vineland Rd,43.522847,-79.669198
0555,555.0,Homelands Dr East Of  Barcella Cres,43.524127,-79.667735
0556,556.0,Homelands Dr At Woking Cres,43.525558,-79.666156
0557,557.0,Homelands Dr At Pyramid Cres,43.525186,-79.662861
0558,558.0,Sheridan Park Dr East Of Speakman Dr,43.527221,-79.660539
0559,559.0,Sheridan Park Dr At Fifth Line West,43.529129,-79.658541
0560,560.0,Erin Mills Pky At Sheridan Park Dr,43.530022,-79.656625
0563,563.0,Sheridan Centre Bus Terminal Platform B,43.530097,-79.651676
0564,564.0,Lincoln Green Way At Lincoln Green Way,43.53188,-79.65473
0565,565.0,Fowler Dr At Roche Crt,43.528037,-79.651846
0566,566.0,Erin Mills Pky At Fowler Dr,43.527844,-79.652719
0567,567.0,Leanne Blvd At North Sheridan Way,43.524186,-79.651595
0568,568.0,Leanne Blvd North Of North Sheridan Way,43.524419,-79.651926
0569,569.0,Leanne Blvd At Fifth Line West,43.526092,-79.653196
0570,570.0,Glen Erin Dr South Of Thomas St,43.563845,-79.725527
0571,571.0,Glen Erin Dr At Duncairn Dr,43.562698,-79.723521
0572,572.0,Glen Erin Dr At Middlebury Dr,43.560535,-79.721115
0573,573.0,Glen Erin Dr At Erin Centre Blvd,43.558468,-79.718842
0574,574.0,Aimco Blvd At Dixie Rd,43.63803,-79.625182
0575,575.0,Viscount Station Toronto Airport,43.689879,-79.615523
0576,576.0,Matheson Blvd At Bradco Blvd,43.638573,-79.634483
0577,577.0,Living Arts Dr At Prince Of Wales Dr,43.589822,-79.647759
0579,579.0,Lincoln Green Way East Of Erin Mills Pky,43.531327,-79.655943
0581,581.0,Lakeshore Rd At Johnsons Lane,43.521959,-79.617867
0583,583.0,Winston Churchill Blvd At Homelands Dr,43.518886,-79.676107
0584,584.0,Burnhamthorpe Rd At Living Arts Dr,43.58651,-79.643348
0585,585.0,Burnhamthorpe Rd At Duke Of York Blvd,43.587935,-79.641608
0586,586.0,Burnhamthorpe Rd At Duke Of York Blvd,43.58855,-79.641463
0587,587.0,Burnhamthorpe Rd At Kariya Dr,43.591147,-79.637814
0588,588.0,Burnhamthorpe Rd At Kariya Gate,43.591678,-79.637785
0590,590.0,Bristol Rd At Trailwood Dr,43.615936,-79.658933
0591,591.0,Bristol Rd At Frank Mckechnie Community Centre,43.616942,-79.653921
0592,592.0,Bristol Rd At Nahani Way,43.619537,-79.650516
0593,593.0,Admiral Blvd East Of Edwards Blvd,43.645955,-79.698118
0596,596.0,Speakman Dr East Of Flavelle Blvd,43.520001,-79.658929
0597,597.0,City Centre Transit Terminal Platform J,43.59385,-79.646623
0599,599.0,Eglinton Ave At Erin Mills Pky,43.55942,-79.705909
0601,601.0,Matheson Blvd At Mavis Rd,43.608469,-79.690134
0602,602.0,Matheson Blvd At Venice St,43.610311,-79.687696
0603,603.0,Matheson Blvd East Of Kennedy Rd,43.626447,-79.654497
0604,604.0,Huron Park Access Rd At Queensway,43.556208,-79.628831
0605,605.0,Matheson Blvd At Mavis Rd,43.607825,-79.690442
0606,606.0,Huron Park Recreation Centre,43.559411,-79.632527
0607,607.0,Paisley Blvd At Morrison Ave,43.56158,-79.629121
0620,620.0,Paisley Blvd At Morrison Ave,43.562239,-79.628746
0621,621.0,Huron Park Access Rd South Of Paisley Blvd,43.557308,-79.630477
0622,622.0,Matheson Blvd At Heatherleigh Ave,43.605209,-79.693434
0623,623.0,Matheson Blvd At Terry Fox Way,43.603561,-79.695611
0624,624.0,Britannia Rd At Kennedy Rd,43.633817,-79.667049
0625,625.0,Britannia Rd At Wallace St,43.632256,-79.671063
0626,626.0,Britannia Rd At Whittle Rd,43.628494,-79.67722
0628,628.0,Huron Park Recreation Centre,43.558803,-79.632007
0629,629.0,Dundas St At Robinson St,43.545926,-79.652812
0630,630.0,Paisley Blvd At Huron Park Pl,43.560624,-79.630493
0631,631.0,Paisley Blvd At Huron Park Pl,43.560311,-79.630485
0632,632.0,Kennedy Rd At Bristol Rd,43.620848,-79.648497
0633,633.0,Kennedy Rd At Grand Highland Way,43.62277,-79.651168
0634,634.0,Kennedy Rd At Wilderness Trail,43.622655,-79.650588
0635,635.0,Kennedy Rd At Driftcurrent Dr,43.620751,-79.647954
0636,636.0,Admiral Blvd At Kenderry Gate,43.648547,-79.695458
0637,637.0,Lakeshore Rd West Of Wesley Ave,43.546427,-79.591659
0639,639.0,Dundas St At Dundas Cres,43.54895,-79.649981
0640,640.0,Dundas St At The Credit Woodlands,43.551475,-79.648761
0641,641.0,Dundas St At Old Carriage Rd,43.554999,-79.64529
0642,642.0,Dundas St At Glengarry Rd,43.557186,-79.642925
0643,643.0,Dundas St At Cedarglen Gate,43.560214,-79.639329
0644,644.0,Dundas St At Wolfedale Rd,43.562807,-79.636286
0645,645.0,Dundas St At Mavis Rd,43.565298,-79.633392
0646,646.0,Dundas St At Mason Hts,43.573472,-79.623998
0647,647.0,Cantay Rd At Freemont Blvd,43.62355,-79.69033
0648,648.0,Central Pky At Wolfedale Rd,43.571348,-79.649604
0649,649.0,Central Pky At Hawkestone Rd,43.570615,-79.651652
0650,650.0,Central Pky At Semenyk Crt,43.569203,-79.653839
0651,651.0,Central Pky At Erindale Station Rd,43.567426,-79.656416
0652,652.0,Central Pky West Of Erindale Station Rd,43.566831,-79.659859
0653,653.0,Central Pky At Burnhamthorpe Rd,43.568319,-79.6639
0654,654.0,Creditview Rd At Shagbark Cres,43.569472,-79.666203
0655,655.0,Creditview Rd At Rathburn Rd,43.569617,-79.668676
0656,656.0,Creditview Rd At Rathburn Rd,43.569406,-79.668334
0657,657.0,Ninth Line At Osprey Blvd,43.558746,-79.765453
0658,658.0,Creditview Rd At Burnhamthorpe Rd,43.568463,-79.66469
0659,659.0,Central Pky At Golden Square,43.566831,-79.660627
0661,661.0,Central Pky At Semenyk Crt,43.568774,-79.653959
0662,662.0,Central Pky At Hawkestone Rd,43.570348,-79.65188
0663,663.0,Central Pky At Wolfedale Rd,43.571283,-79.64931
0664,664.0,City Centre Transit Terminal Platform I,43.593734,-79.646446
0665,665.0,Meadowvale Town Centre Bus Terminal Platform D,43.583174,-79.75896
0666,666.0,City Centre Dr At Square One Dr,43.596017,-79.641772
0667,667.0,Eglinton Ave At The Chase,43.565659,-79.69951
0670,670.0,Dundas St At Cornerbrook Pl,43.553072,-79.647549
0675,675.0,Dundas St At Liruma Rd,43.530508,-79.67295
0677,677.0,Central Pky South Of Burnhamthorpe Rd,43.567231,-79.662463
0678,678.0,Winston Churchill Blvd At Dover Gate,43.519009,-79.676781
0680,680.0,Sheridan Park Dr At Winston Churchill Blvd,43.516196,-79.671555
0681,681.0,Admiral Blvd West Of Kennedy Rd,43.652164,-79.691457
0682,682.0,Speakman Dr West Of Flavelle Blvd,43.517234,-79.661957
0683,683.0,Speakman Dr West Of Flavelle Blvd,43.516383,-79.6628
0684,684.0,Hadwen Rd South Of Speakman Dr,43.522037,-79.65537
0685,685.0,Hadwen Rd At North Sheridan Way,43.520589,-79.652828
0686,686.0,Paisley Blvd At Cashmere Ave,43.563987,-79.627298
0687,687.0,Paisley Blvd At Crystalburn Ave,43.567073,-79.625627
0688,688.0,Paisley Blvd At Stillmeadow Rd,43.569159,-79.62314
0689,689.0,Admiral Blvd At Kennedy Rd,43.652021,-79.692018
0690,690.0,Admiral Blvd At Kenderry Gate,43.648919,-79.695495
0691,691.0,Admiral Blvd West Of Kenderry Gate,43.646248,-79.698169
0693,693.0,Paisley Blvd At Goodison Ave,43.571402,-79.61878
0694,694.0,Paisley Blvd At Antigua Rd,43.572684,-79.61532
0695,695.0,Paisley Blvd At Antigua Rd,43.572898,-79.615104
0696,696.0,Paisley Blvd At Mason Hts,43.570821,-79.620601
0697,697.0,Paisley Blvd At Stillmeadow Rd,43.56941,-79.623036
0698,698.0,Paisley Blvd At Crystalburn Ave,43.567271,-79.625586
0699,699.0,Paisley Blvd At Palisander Ave,43.56531,-79.627302
0701,701.0,Confederation Pky At Paisley Blvd,43.573349,-79.613108
0702,702.0,Paisley Blvd At Mavis Rd,43.563461,-79.627775
0704,704.0,Camilla Rd At Queensway,43.577785,-79.603825
0705,705.0,Camilla Rd At Cherry Post Dr,43.575404,-79.600594
0706,706.0,Camilla Rd South Of Pathfinder Dr,43.573228,-79.597846
0707,707.0,Camilla Rd At North Service Rd,43.572381,-79.596404
0709,709.0,Hurontario St At South Service Rd,43.566896,-79.597683
0710,710.0,Cliff Rd At North Service Rd,43.576666,-79.592589
0711,711.0,Cliff Rd At Pathfinder Dr,43.578022,-79.594539
0712,712.0,Tedwyn Dr At Chantenay Dr,43.580095,-79.596163
0713,713.0,Tedwyn Dr At Munden Rd,43.580866,-79.594448
0714,714.0,Tedwyn Dr At Chantenay Dr,43.582988,-79.591879
0715,715.0,Erin Mills Pky South Of Eglinton Ave,43.557621,-79.704499
0716,716.0,Asta Dr At Boismere Crt,43.583983,-79.589468
0717,717.0,Hurontario St At Dundas St,43.579734,-79.616013
0718,718.0,Hurontario St At Dundas St,43.580044,-79.615889
0719,719.0,Hurontario St At King St,43.578304,-79.613977
0720,720.0,Hurontario St At Floradale Dr,43.577534,-79.612228
0721,721.0,Hurontario St At Paisley Blvd,43.57584,-79.610455
0722,722.0,Hurontario St At Paisley Blvd,43.575823,-79.609811
0723,723.0,Hurontario St At Queensway,43.574429,-79.608456
0724,724.0,Hurontario St At Queensway,43.573879,-79.606945
0725,725.0,Hurontario St At Bronte College Crt,43.572348,-79.60542
0726,726.0,Hurontario St At Sherobee Rd,43.572604,-79.605055
0727,727.0,Hurontario St At Harborn Rd,43.569941,-79.602256
0728,728.0,Hurontario St At North Service Rd,43.570198,-79.601928
0729,729.0,Asta Dr At North Service Rd,43.581568,-79.587124
0730,730.0,North Service Rd At Cawthra Rd,43.584597,-79.585951
0731,731.0,Asta Dr At North Service Rd,43.581729,-79.587046
0732,732.0,Asta Dr At Abana Rd,43.583661,-79.588908
0733,733.0,Tedwyn Dr At Felina Crt,43.584155,-79.590978
0734,734.0,Tedwyn Dr At Chantenay Dr,43.582648,-79.592474
0735,735.0,Tedwyn Dr At Munden Rd,43.581091,-79.594393
0736,736.0,Tedwyn Dr At Cliff Rd,43.579974,-79.59655
0737,737.0,Cliff Rd At Pathfinder Dr,43.578071,-79.594872
0738,738.0,Cliff Rd At North Service Rd,43.576587,-79.592764
0739,739.0,North Service Rd West Of Cliff Rd,43.573599,-79.594559
0740,740.0,Camilla Rd At North Service Rd,43.572635,-79.596547
0741,741.0,Camilla Rd At Pathfinder Dr,43.574112,-79.598766
0742,742.0,Camilla Rd At Cherry Post Dr,43.575666,-79.600687
0743,743.0,Camilla Rd At Daphne Ave,43.578313,-79.604317
0747,747.0,Dundas St At Argyle Rd,43.575507,-79.621683
0748,748.0,Dundas St At Confederation Pky,43.577771,-79.61903
0749,749.0,Dundas St At Hurontario St,43.580382,-79.61601
0750,750.0,Dundas St At Jaguar Valley,43.581662,-79.614606
0751,751.0,Dundas St At Camilla Rd,43.583144,-79.612888
0752,752.0,Dundas St At Edenhurst Dr,43.585151,-79.610587
0753,753.0,Dundas St At Cliff Rd,43.587371,-79.607984
0754,754.0,Dundas St At Hensall Cir,43.588606,-79.606631
0759,759.0,Confederation Pky At 2300 Confederation Pky,43.572182,-79.611765
0760,760.0,Camilla Rd At Camilla Pl,43.576997,-79.6027
0761,761.0,Camilla Rd At Camilla Pl,43.577406,-79.603012
0762,762.0,Cawthra Rd At Melton Dr,43.588123,-79.590786
0763,763.0,Cawthra Rd At Tedwyn Dr,43.586871,-79.589092
0764,764.0,Cawthra Rd At North Service Rd,43.585179,-79.586395
0766,766.0,City Centre Transit Terminal Platform K,43.593948,-79.646798
0769,769.0,Hurontario St At John St,43.583766,-79.621114
0772,772.0,Winston Churchill Blvd At Eglinton Ave,43.549056,-79.717174
0773,773.0,Winston Churchill Blvd At Erin Centre Blvd,43.552935,-79.722501
0774,774.0,Winston Churchill Blvd At Thomas St,43.561212,-79.73386
0776,776.0,Mclaughlin Rd At Regal Dr,43.614199,-79.686453
0777,777.0,Mclaughlin Rd South Of Britannia Rd,43.616179,-79.689114
0778,778.0,Tours Rd At Edenwood Dr,43.572935,-79.753732
0779,779.0,Commerce Blvd At Renforth Station,43.66337,-79.59217
0780,780.0,Meadowvale Town Centre Bus Terminal Platform F,43.583235,-79.758315
0781,781.0,Mclaughlin Rd At Regal Dr,43.614619,-79.687326
0782,782.0,Falconer Dr North Of Plainsman Rd,43.597187,-79.727849
0783,783.0,Britannia Rd West Of Tillsdown Dr,43.594557,-79.71557
0784,784.0,Dundas St At Hensall Cir,43.589082,-79.606508
0785,785.0,Dundas St At Grenville Rd,43.587821,-79.607949
0786,786.0,Dundas St At Edenhurst Dr,43.585307,-79.610794
0787,787.0,Dundas St At Little John Lane,43.582971,-79.613437
0788,788.0,Dundas St At Jaguar Valley Dr,43.581675,-79.61499
0789,789.0,Britannia Rd At Queen St,43.588437,-79.722419
0790,790.0,Britannia Rd At Farmstead Lane,43.566711,-79.746864
0791,791.0,Ceremonial Dr At Micmac Cres,43.600894,-79.666042
0792,792.0,Hurontario St At Floradale Dr,43.577236,-79.612336
0793,793.0,Glen Erin Dr North Of The Collegeway,43.537896,-79.687334
0794,794.0,Glen Erin Dr At Council Ring Rd,43.540931,-79.689805
0795,795.0,Glen Erin Dr At Burnhamthorpe Rd,43.542645,-79.69087
0796,796.0,Hurontario St At Kirwin Ave,43.582885,-79.61985
0800,800.0,Trelawny Cir At Forest Park Dr,43.576289,-79.772414
0802,802.0,Derry Rd At Dixie Rd,43.674309,-79.675072
0805,805.0,Stanfield Rd North Of Middlegate Rd,43.601067,-79.586792
0806,806.0,Middlegate Rd At Stanfield Rd,43.598491,-79.585278
0807,807.0,Middlegate Rd At 1004 Middlegate Rd,43.597072,-79.586801
0809,809.0,Haines Rd South Of Dundas St,43.594337,-79.592289
0810,810.0,Haines Rd At Dundas St,43.597261,-79.596342
0811,811.0,Dundas St West Of Aukland Rd,43.638035,-79.538637
0812,812.0,Meadowvale Town Centre Bus Terminal Platform G,43.58351,-79.758365
0813,813.0,Kariya Gate At City Centre Dr,43.592126,-79.638709
0814,814.0,Dream Crest Rd At Rick Hansen Secondary School,43.589689,-79.683582
0815,815.0,Dundas St At East Mall Cres,43.630753,-79.548989
0818,818.0,Kennedy Rd At Ambassador Dr,43.649899,-79.687563
0819,819.0,Osprey Blvd At Waxwing Dr,43.565589,-79.757165
0820,820.0,Dixie Rd At Dundas St,43.608695,-79.583329
0821,821.0,Dixie Rd At Blundell Rd,43.60782,-79.58202
0822,822.0,Dixie Rd At Ernest Samuel Dr,43.604284,-79.576866
0824,824.0,Ceremonial Dr At Micmac Cres,43.6011,-79.665963
0825,825.0,Ceremonial Dr At Fairwind Dr,43.604511,-79.662728
0826,826.0,Dundas St East Of Haines Rd,43.598804,-79.595319
0827,827.0,Dundas St West Of Tomken Rd,43.598765,-79.595778
0829,829.0,Meadowvale Blvd At Financial Dr,43.61454,-79.750965
0830,830.0,Tours Rd At Edenwood Dr,43.572905,-79.753423
0831,831.0,Dundas St East Of Dixie Rd,43.609368,-79.583555
0832,832.0,Mavis Rd At White Clover Way,43.59035,-79.66682
0833,833.0,Mavis Rd At Waterford Cres Walkway,43.58844,-79.663629
0834,834.0,Mavis Rd At Huntington Ridge Dr,43.590188,-79.666043
0835,835.0,Cantay Rd At Britannia Rd,43.623558,-79.683215
0836,836.0,Eglinton Ave East Of Mavis Rd,43.593342,-79.667782
0837,837.0,Rathburn Rd At Sagebrush Trail,43.579266,-79.660673
0838,838.0,Cawthra Rd At Needham Lane,43.592605,-79.597173
0839,839.0,Cawthra Rd At Orwell St,43.590736,-79.59459
0840,840.0,Rathburn Rd At Sagebrush Trail,43.57906,-79.660703
0841,841.0,Trelawny Cir At Doug Leavens Blvd,43.571299,-79.770546
0842,842.0,Trelawny Cir At Doug Leavens Blvd,43.57124,-79.770944
0843,843.0,Lakeshore Rd West Of Lorne Park Rd,43.529854,-79.609605
0844,844.0,Mclaughlin Rd At Champlain Trail,43.605326,-79.674741
0849,849.0,Rathburn Rd At East Elora Dr,43.588858,-79.652446
0850,850.0,Keaton Cres At 5730 Keaton Cres,43.612796,-79.681467
0851,851.0,Rathburn Rd At Confederation Pky,43.589586,-79.65155
0853,853.0,Terry Fox Way At Bristol Rd,43.595393,-79.684771
0854,854.0,Atwater Ave At Northaven Dr,43.572156,-79.576025
0855,855.0,Dundas St At Cawthra Rd,43.593482,-79.601104
0856,856.0,Dundas St East Of Cawthra Rd,43.594858,-79.599524
0857,857.0,Dundas St At Haines Rd,43.597381,-79.596789
0858,858.0,Dundas St At Tomken Rd,43.600348,-79.593511
0859,859.0,Dundas St At Stanfield Rd,43.603058,-79.590574
0860,860.0,Dundas St At Arena Rd,43.60503,-79.588396
0861,861.0,Dundas St At Blundell Rd,43.606581,-79.58668
0862,862.0,Dundas St At Dixie Rd,43.608797,-79.584231
0863,863.0,Dundas St At Neilco Crt,43.611167,-79.581474
0864,864.0,Dundas St At Mattawa Ave,43.61417,-79.578268
0865,865.0,Dundas St At Coram Way,43.615938,-79.576318
0866,866.0,Dundas St At Wharton Way,43.618586,-79.573554
0867,867.0,Dundas St At Summerville Crt,43.621902,-79.570117
0868,868.0,Dundas St East Of Southcreek Rd,43.624551,-79.567364
0869,869.0,Dundas St At 2200 Dundas St,43.626175,-79.565504
0870,870.0,Grossbeak Dr At Greenbelt Cres,43.563382,-79.756158
0871,871.0,Dundas St At Neilson Dr,43.627606,-79.562005
0872,872.0,Dundas St West Of Neilson Dr,43.626423,-79.565762
0873,873.0,Dundas St At Southcreek Rd,43.624583,-79.567834
0874,874.0,Dundas St At Universal Dr,43.622825,-79.569748
0875,875.0,Dundas St At Wharton Way,43.619438,-79.573261
0876,876.0,Dundas St At Treadwells Dr,43.616603,-79.576253
0877,877.0,Dundas St At Mattawa Ave,43.61471,-79.578268
0878,878.0,Dundas St At Neilco Crt,43.611742,-79.581387
0879,879.0,Dixie Rd At Caterpillar Rd,43.604132,-79.576188
0880,880.0,Dixie Rd At Blundell Rd,43.607737,-79.581338
0881,881.0,Lakeshore Rd At St Lawrence Dr,43.556741,-79.58035
0883,883.0,Turner Valley Rd At Argentia Rd,43.597966,-79.742202
0885,885.0,Stanfield Rd At 2530 Stanfield Rd,43.602689,-79.589058
0886,886.0,Mid-Way Blvd At Davand Dr,43.667219,-79.666211
0887,887.0,Britannia Rd At Tenth Line,43.564595,-79.749335
0888,888.0,Glen Erin Dr At Aquitaine Ave,43.586901,-79.759526
0889,889.0,Mcdowell Dr At Yachtsman Crossing,43.554715,-79.75412
0891,891.0,Creditview Rd At Bristol Rd,43.586673,-79.696964
0892,892.0,Creditview Rd At Torrington Dr,43.590414,-79.702074
0893,893.0,Darcel Ave At South Chigwel Crt,43.7208,-79.625879
0895,895.0,Cawthra Rd South Of Needham Lane,43.591508,-79.595206
0897,897.0,Colonial Dr South Of Huxley Dr,43.525828,-79.704739
0898,898.0,Colonial Dr North Of The Collegeway,43.525879,-79.70458
0899,899.0,Elia Ave At Hurontario St,43.60473,-79.648486
0900,900.0,Mississauga Rd At Featherston Dr,43.550363,-79.67103
0901,901.0,Mississauga Rd At Featherston Dr,43.55031,-79.670748
0902,902.0,Burnhamthorpe Rd At Mississauga Rd,43.552892,-79.676002
0903,903.0,Burnhamthorpe Rd At Promontory Dr,43.556985,-79.674989
0904,904.0,Burnhamthorpe Rd At Promontory Cres,43.557676,-79.674721
0909,909.0,Lakeshore Rd At Owenwood Dr,43.529432,-79.609702
0910,910.0,University Of Toronto At Mississauga Campus,43.547819,-79.663606
0914,914.0,Mississauga Rd At The Collegeway,43.544845,-79.662327
0919,919.0,Meadowvale Town Centre Bus Terminal Platform H,43.583643,-79.758506
0920,920.0,Tranmere Dr South Of Boylen Rd,43.685181,-79.66688
0921,921.0,Middlegate Rd At 1000 Middlegate Rd,43.595646,-79.587283
0922,922.0,Tomken Rd South Of Derry Rd,43.664786,-79.683877
0923,923.0,Terry Fox Way At Bristol Rd,43.595573,-79.685511
0925,925.0,Columbus Rd North Of Mid-Way Blvd,43.665072,-79.669768
0927,927.0,Burnhamthorpe Rd At Loyalist Dr,43.533177,-79.703773
0928,928.0,Loyalist Dr At Sancrest Crt,43.534427,-79.705071
0929,929.0,Burnhamthorpe Rd At Ridgeway Dr,43.526347,-79.711361
0930,930.0,Ridgeway Dr At Drummond Rd,43.52728,-79.713259
0931,931.0,Ridgeway Dr At Unity Dr,43.531995,-79.71692
0932,932.0,Unity Dr At Colonial Dr,43.533409,-79.715277
0934,934.0,Unity Dr At Erin Mills Twin Arena,43.536083,-79.710958
0935,935.0,Unity Dr At Loyalist Dr,43.537879,-79.707079
0936,936.0,Viscount Rd South Of Airway Dr,43.692856,-79.622423
0937,937.0,The Collegeway At Winston Churchill Blvd,43.531123,-79.692678
0941,941.0,Columbus Rd At 6830 Columbus Rd,43.666561,-79.671741
0942,942.0,Columbus Rd At 6855 Columbus Rd,43.668423,-79.673996
0943,943.0,Derry Rd At Tenth Line,43.584074,-79.776319
0944,944.0,Ridgeway Dr At Bertrand Rd Walkway,43.529758,-79.715929
0946,946.0,The Collegeway At Loyalist Dr,43.530057,-79.693988
0947,947.0,Loyalist Dr At Garthwood Rd,43.528567,-79.693231
0948,948.0,Garthwood Rd At Burgess Cres,43.527188,-79.694298
0949,949.0,Garthwood Rd At Marmac Cres,43.525504,-79.695935
0950,950.0,Garthwood Rd At Colonial Dr,43.523247,-79.696355
0951,951.0,Colonial Dr At Mcmaster Rd,43.522959,-79.694332
0952,952.0,Colonial Dr At Orleans Rd,43.523041,-79.690524
0953,953.0,Colonial Dr At Laird Rd,43.522265,-79.689144
0954,954.0,Laird Rd At Ridgeway Dr,43.518675,-79.690757
0955,955.0,Ridgeway Dr At Mcmaster Rd,43.518583,-79.694508
0956,956.0,Ridgeway Dr At Dovetail Mews,43.519752,-79.698356
0957,957.0,Ridgeway Dr At The Collegeway,43.523152,-79.70428
0958,958.0,Vega Blvd At Laird Rd,43.51674,-79.691102
0959,959.0,Colonial Dr At Huxley Dr,43.52692,-79.70549
0960,960.0,Colonial Dr At Jackpine Rd,43.528469,-79.706627
0961,961.0,Burnhamthorpe Rd At Colonial Dr,43.527885,-79.709665
0962,962.0,Loyalist Dr At Burnhamthorpe Rd,43.533159,-79.704275
0964,964.0,Burnhamthorpe Rd At Erin Mills Pky,43.545926,-79.683815
0965,965.0,Laird Rd At Coldstream Rd,43.519953,-79.690717
0966,966.0,Columbus Rd South Of Davand Dr,43.669804,-79.675556
0967,967.0,Columbus Rd At Derry Rd,43.671475,-79.677603
0968,968.0,South Millway At Sanderling Cres,43.547118,-79.678936
0971,971.0,Burnhamthorpe Rd At Sawmill Valley Dr,43.550686,-79.676917
0973,973.0,Ridgeway Dr North Of Dovetail Mews,43.521554,-79.701128
0974,974.0,Loyalist Dr At Seebring Cres,43.534821,-79.705086
0975,975.0,Loyalist Dr At Osbourne Rd,43.537641,-79.706208
0976,976.0,Unity Dr West Of Pepper Mill Crt,43.537097,-79.708887
0977,977.0,Unity Dr At Erin Mills Twin Arena,43.536125,-79.711333
0978,978.0,Columbus Rd At 6830 Columbus Rd,43.668219,-79.673991
0980,980.0,Burnhamthorpe Rd At Mississauga Rd,43.553325,-79.675312
0981,981.0,Burnhamthorpe Rd At Sawmill Valley Dr,43.550287,-79.676696
0983,983.0,Mississauga Rd At Bridlepath Trail,43.55927,-79.683291
0984,984.0,Mississauga Rd At Harkiss Rd,43.549038,-79.669173
0985,985.0,Brandon Gate Dr At Sigsbee Dr,43.731598,-79.632822
0986,986.0,Mississauga Rd At Bridlepath Trail,43.559229,-79.682834
0988,988.0,Mississauga Rd At Burnhamthorpe Rd,43.553127,-79.676047
0989,989.0,Mississauga Rd At Ivygate Crt,43.551546,-79.672516
0990,990.0,South Common Mall Bus Terminal Platform J,43.543104,-79.68373
0991,991.0,University Of Toronto At Mississauga Campus,43.547817,-79.663552
0992,992.0,Mississauga Rd At Dundas St,43.543118,-79.660133
0993,993.0,Mississauga Rd At Dundas St,43.543068,-79.65973
0994,994.0,Mississauga Rd At Outer Cir,43.548952,-79.668822
0995,995.0,Mississauga Rd At Sawmill Valley Dr,43.55181,-79.673082
0996,996.0,Mississauga Rd At Burnhamthorpe Rd,43.553142,-79.675301
0998,998.0,Winston Churchill Blvd North Of Dundas St,43.523479,-79.682337
0999,999.0,Mid-Way Blvd East Of Columbus Rd,43.665225,-79.668215
1002,1002.0,Dundas St At Winston Churchill Blvd,43.523322,-79.681389
1004,1004.0,Mid-Way Blvd West Of Davand Dr,43.666179,-79.667375
1005,1005.0,Rathburn Rd At Centre View Dr,43.597795,-79.643431
1006,1006.0,Dundas St At Dunwin Dr,43.532897,-79.670809
1007,1007.0,Glen Erin Dr At Dundas St,43.531382,-79.67375
1008,1008.0,Glen Erin Dr At Dunwin Dr,43.533111,-79.676844
1009,1009.0,Glen Erin Dr At Council Ring Rd,43.534365,-79.678623
1011,1011.0,Meadowvale Blvd West Of Syntex Dr,43.605042,-79.760987
1012,1012.0,Meadowvale Blvd At Rapistan Crt,43.604222,-79.764695
1013,1013.0,South Common Centre Bus Terminal Platform E,43.543631,-79.684118
1014,1014.0,South Common Centre Bus Terminal Platform D,43.543439,-79.68384
1015,1015.0,South Millway West Of The Collegeway,43.541342,-79.68235
1016,1016.0,The Collegeway South Of South Millway,43.540145,-79.681727
1018,1018.0,Glen Erin Dr At The Collegeway,43.536171,-79.685378
1019,1019.0,Glen Erin Dr At Council Ring Rd,43.534642,-79.679199
1020,1020.0,Glen Erin Dr At Dunwin Dr,43.533281,-79.677582
1021,1021.0,Glen Erin Dr At Motorway Blvd,43.532057,-79.67532
1023,1023.0,Winston Churchill Blvd At Laird Rd,43.525126,-79.684626
1024,1024.0,Winston Churchill Blvd At Frankston Rd,43.527265,-79.687577
1025,1025.0,The Collegeway At Windjammer Rd,43.535495,-79.687621
1026,1026.0,The Collegeway At Glen Erin Dr,43.536394,-79.685918
1027,1027.0,The Collegeway At Hornbeam Cres,43.537391,-79.683409
1028,1028.0,The Collegeway East Of Hornbeam Cres,43.539783,-79.681513
1029,1029.0,South Millway North Of The Collegeway,43.541854,-79.683101
1030,1030.0,The Collegeway At South Millway,43.545229,-79.676869
1032,1032.0,South Millway At South Buttonbush Cres,43.540818,-79.678277
1033,1033.0,South Millway At Fifth Line West,43.539554,-79.67424
1034,1034.0,Erin Mills Pky South Of South Millway,43.539931,-79.671043
1035,1035.0,Dundas St At Mississauga Rd,43.542323,-79.659957
1036,1036.0,Dundas St At Redstart Dr,43.539304,-79.663524
1037,1037.0,Dundas St West Of Erin Mills Pky,43.536464,-79.666959
1039,1039.0,South Millway At Fifth Line West,43.540179,-79.674152
1040,1040.0,South Millway At South Buttonbush Cres,43.540869,-79.678085
1043,1043.0,The Collegeway At Glen Erin Dr,43.536516,-79.686374
1044,1044.0,The Collegeway At Spruce Needle Dr,43.535711,-79.687616
1045,1045.0,The Collegeway At Council Ring Rd,43.532305,-79.691366
1046,1046.0,Winston Churchill Blvd At Orleans Rd,43.527275,-79.687975
1047,1047.0,Winston Churchill Blvd South Of Laird Rd,43.524434,-79.684124
1048,1048.0,The Collegeway At Council Ring Rd,43.531937,-79.691423
1049,1049.0,The Collegeway At South Common Centre Access Rd,43.543395,-79.680926
1051,1051.0,Meadowvale Blvd At Meadowpine Blvd,43.604541,-79.768681
1053,1053.0,Meadowpine Blvd At East Danbro Cres,43.60356,-79.775051
1054,1054.0,The Collegeway South Of South Millway,43.544806,-79.669431
1055,1055.0,The Collegeway At Broad Hollow Gate,43.544117,-79.66677
1056,1056.0,Meadowpine Blvd At Danbro Cres,43.603152,-79.777852
1057,1057.0,Meadowpine Blvd At East Danbro Cres,43.603425,-79.774179
1058,1058.0,Meadowpine Blvd At Meadowvale Blvd,43.605058,-79.769995
1059,1059.0,Meadowvale Blvd At Rapistan Crt,43.603928,-79.765359
1060,1060.0,Meadowvale Blvd East Of Rapistan Crt,43.604449,-79.761966
1061,1061.0,Meadows Blvd At Prince George Ave,43.601473,-79.629738
1062,1062.0,South Common Centre Bus Terminal Platform H,43.543566,-79.684266
1063,1063.0,The Collegeway At South Common Centre Access Rd,43.543371,-79.68064
1066,1066.0,Meadows Blvd At Prince George Ave,43.601707,-79.62977
1067,1067.0,Fairwind Dr At Ceremonial Dr,43.604703,-79.662228
1068,1068.0,Eglinton Ave At Tomken Rd,43.627597,-79.630037
1071,1071.0,The Collegeway At South Millway,43.545445,-79.677049
1072,1072.0,The Collegeway West Of Broad Hollow Gate,43.54525,-79.670832
1073,1073.0,South Common Centre Bus Terminal Platform F,43.543733,-79.684251
1087,1087.0,The Collegeway At Broad Hollow Gate,43.543991,-79.666282
1088,1088.0,Renforth Station West Platform 1,43.663275,-79.591034
1089,1089.0,South Common Centre Bus Terminal Platform K,43.542899,-79.683341
1090,1090.0,South Millway At The Collegeway,43.541451,-79.681121
1091,1091.0,Dixie Rd At Dundas St,43.608889,-79.58295
1094,1094.0,The Collegeway East Of South Millway,43.54583,-79.675734
1096,1096.0,Winston Churchill Blvd At The Collegeway,43.53073,-79.692307
1098,1098.0,Winston Churchill Blvd At Laird Rd,43.525581,-79.685636
1099,1099.0,South Common Centre Bus Terminal Platform A,43.54299,-79.683135
1100,1100.0,Dundas St At Robinson St,43.546201,-79.652838
1102,1102.0,Dundas St At Nanticoke Rd,43.544859,-79.655033
1103,1103.0,Hurontario St At Matthews Gate,43.591924,-79.633151
1104,1104.0,Hurontario St At John St,43.583779,-79.621653
1105,1105.0,Hurontario St At Elm Dr,43.590806,-79.631455
1106,1106.0,Dundas St West Of Erindale Station Rd,43.556534,-79.644129
1107,1107.0,Hurontario St At Central Pky,43.589323,-79.629494
1108,1108.0,The Credit Woodlands At Credit Heights Dr,43.554497,-79.653076
1109,1109.0,Hurontario St At Fairview Rd,43.587575,-79.627068
1110,1110.0,Forestwood Dr At Lindenlea Dr,43.557146,-79.651667
1112,1112.0,Forestwood Dr At Erindale Station Rd,43.559017,-79.645484
1113,1113.0,Hurontario St At Hillcrest Ave,43.582982,-79.620571
1114,1114.0,Forestwood Dr At Jessica Crt,43.560641,-79.644222
1115,1115.0,Hurontario St South Of Hillcrest Ave,43.581593,-79.618596
1116,1116.0,Mcbride Ave At Westlock Rd,43.564951,-79.643952
1117,1117.0,Mcbride Ave At Eaglemount Cres,43.564662,-79.646918
1118,1118.0,Mcbride Ave At Erindale Station Rd,43.562975,-79.650435
1119,1119.0,Mcbride Ave At Carillion Ave,43.561525,-79.652721
1120,1120.0,Mcbride Ave At Ellengale Dr,43.560317,-79.655645
1121,1121.0,Mcbride Ave At The Credit Woodlands,43.559459,-79.65695
1122,1122.0,The Credit Woodlands At Queenston Dr,43.559059,-79.661233
1123,1123.0,Queenston Dr At Fellmore Dr,43.560659,-79.661024
1124,1124.0,Queenston Dr At Ashcroft Cres,43.563115,-79.663149
1125,1125.0,Queenston Dr At Freeport Dr,43.564266,-79.666875
1126,1126.0,Queenston Dr At The Credit Woodlands,43.56326,-79.668631
1127,1127.0,Burnhamthorpe Rd At The Credit Woodlands,43.564075,-79.669059
1128,1128.0,Burnhamthorpe Rd At Erindale Station Rd,43.570525,-79.661548
1129,1129.0,Burnhamthorpe Rd At Perivale Rd,43.573066,-79.658668
1130,1130.0,Burnhamthorpe Rd At Wolfedale Rd,43.576042,-79.655234
1131,1131.0,Burnhamthorpe Rd At Mavis Rd,43.579062,-79.65176
1132,1132.0,Burnhamthorpe Rd At Grand Park Dr,43.58148,-79.649068
1133,1133.0,Renforth Station East Platform 7,43.663139,-79.590895
1134,1134.0,Mcbride Ave At Forestwood Dr,43.56354,-79.641941
1135,1135.0,Burnhamthorpe Rd At Confederation Pky,43.585015,-79.645086
1136,1136.0,Sheridan Park Dr At Winston Churchill Blvd,43.516074,-79.671973
1138,1138.0,Mavis Rd South Of Derry Rd,43.631951,-79.72218
1139,1139.0,Colonial Dr At Huxley Dr,43.527004,-79.705749
1140,1140.0,Mavis Rd South Of White Clover Way,43.589109,-79.665081
1141,1141.0,Dundas St At Ridgeway Dr,43.51803,-79.687146
1142,1142.0,Wolfedale Rd At Dundas St,43.563595,-79.636677
1143,1143.0,Wolfedale Rd At Forestwood Dr,43.564934,-79.638643
1144,1144.0,Mcbride Ave At Erindale Station Rd,43.562689,-79.650652
1145,1145.0,Mcbride Ave At Grechen Rd,43.563414,-79.649406
1146,1146.0,Mcbride Ave At Westlock Rd,43.564786,-79.643955
1147,1147.0,Mcbride Ave At Forestwood Dr,43.563433,-79.642005
1148,1148.0,Edwards Blvd At Derry Rd,43.648738,-79.703649
1149,1149.0,Lisgar Dr At Doug Leavens Blvd,43.567734,-79.773962
1150,1150.0,Glen Erin Dr South Of Motorway Blvd,43.531074,-79.673633
1151,1151.0,Burnhamthorpe Rd East Of Glen Erin Dr,43.543524,-79.689786
1152,1152.0,Dundas St At Parkerhill Rd,43.575657,-79.621838
1153,1153.0,Dundas St At Breakwater Crt,43.573836,-79.623966
1154,1154.0,Edwards Blvd At Export Blvd,43.649647,-79.704795
1157,1157.0,Winterton Way At Ceremonial Dr,43.59763,-79.673423
1158,1158.0,Britannia Rd At Belgrave Rd,43.61503,-79.692522
1159,1159.0,Terry Fox Way At Windsor Hill Blvd,43.593413,-79.682498
1160,1160.0,Winterton Way East Of Terry Fox Way,43.592274,-79.678942
1161,1161.0,Winterton Way At Heatherleigh Ave,43.593749,-79.67725
1162,1162.0,Winterton Way At Mavis Rd,43.595456,-79.675379
1163,1163.0,Edwards Blvd At Export Blvd,43.649564,-79.705358
1164,1164.0,Colonial Dr At Brett Rd,43.528156,-79.706585
1165,1165.0,Burnhamthorpe Rd At Central Pky,43.568664,-79.663728
1166,1166.0,Burnhamthorpe Rd At Creditview Rd,43.568746,-79.6642
1167,1167.0,Burnhamthorpe Rd At Erindale Go Station,43.566847,-79.665931
1168,1168.0,Burnhamthorpe Rd At Erindale Go Station,43.567201,-79.666038
1169,1169.0,Mcbride Ave At Eaglemount Cres,43.564466,-79.647071
1170,1170.0,Colonial Dr At The Collegeway,43.525041,-79.702623
1171,1171.0,Erindale Station Rd South Of Forestwood Dr,43.55809,-79.643995
1172,1172.0,Forestwood Dr At Valmarie Ave,43.557955,-79.648542
1173,1173.0,Forestwood Dr At The Credit Woodlands,43.556501,-79.653489
1174,1174.0,The Credit Woodlands At Ballyclare Dr,43.552144,-79.649823
1175,1175.0,The Credit Woodlands At Loconder Crt,43.563255,-79.66894
1176,1176.0,Queenston Dr At North Chalice Cres,43.564108,-79.66647
1177,1177.0,Queenston Dr At South Chalice Cres,43.563582,-79.665342
1178,1178.0,Queenston Dr At Ashcroft Cres,43.563055,-79.66341
1179,1179.0,Queenston Dr At The Credit Woodlands,43.559286,-79.661426
1180,1180.0,The Credit Woodlands At Erinmore Dr,43.558984,-79.660219
1181,1181.0,Mcbride Ave At The Credit Woodlands,43.559213,-79.657063
1182,1182.0,Mcbride Ave At Ellengale Dr,43.560031,-79.655875
1183,1183.0,Mcbride Ave At Carillion Ave,43.561294,-79.652916
1184,1184.0,Mavis Rd At Eglinton Ave,43.592382,-79.669612
1185,1185.0,Wolfedale Rd At Westlock Rd,43.566718,-79.641151
1186,1186.0,Truscott Dr At Merrow Rd,43.530041,-79.630243
1187,1187.0,Truscott Dr At Elite Rd,43.530678,-79.629338
1188,1188.0,Forestwood Dr At Jessica Crt,43.560849,-79.644279
1189,1189.0,Dundas St At Hurontario St,43.579952,-79.616924
1190,1190.0,Dundas St At Confederation Pky,43.577368,-79.619894
1191,1191.0,Dundas St At Jarrow Ave,43.612517,-79.580015
1192,1192.0,Dundas St At Jarrow Ave,43.612951,-79.580119
1194,1194.0,Dundas St At Mavis Rd,43.566771,-79.632415
1195,1195.0,Dundas St At Wolfedale Rd,43.562923,-79.636608
1196,1196.0,Dundas St At Cedarglen Gate,43.560644,-79.639143
1197,1197.0,Dundas St At Erindale Station Rd,43.55688,-79.643712
1198,1198.0,Dundas St At Old Carriage Rd,43.55553,-79.645228
1199,1199.0,Dundas St At The Credit Woodlands,43.552309,-79.648517
1200,1200.0,Wolfedale Rd North Of Westlock Rd,43.568881,-79.644281
1204,1204.0,Hurontario St At Matthews Gate,43.592218,-79.632897
1206,1206.0,Hurontario St At Elm Dr,43.590784,-79.631133
1207,1207.0,Central Pky At Achill Cres,43.58777,-79.630644
1208,1208.0,Hurontario St At Central Pky,43.589206,-79.628741
1209,1209.0,Central Pky At Joan Dr,43.585997,-79.632914
1210,1210.0,Hurontario St At Fairview Rd,43.587486,-79.626439
1211,1211.0,Central Pky At Palgrave Rd,43.584994,-79.634113
1213,1213.0,Burnhamthorpe Rd West Of Winston Churchill Blvd,43.535781,-79.70087
1214,1214.0,Central Pky At Hurontario St,43.589589,-79.628385
1215,1215.0,Mississauga Valley Blvd At Central Pky,43.59074,-79.625956
1216,1216.0,Mississauga Valley Blvd At Fairview Rd,43.588877,-79.624524
1217,1217.0,Mississauga Valley Blvd At Voltarie Cres,43.587436,-79.621522
1218,1218.0,Mississauga Valley Blvd At Thornwood Public School,43.589068,-79.61949
1219,1219.0,Mississauga Valley Blvd At Trisha Downs,43.589919,-79.617662
1220,1220.0,Mississauga Valley Blvd At Cliff Rd,43.590909,-79.613911
1221,1221.0,Mississauga Valley Blvd At Lolita Gdns,43.592272,-79.612715
1222,1222.0,Mississauga Valley Blvd At Silvercreek Blvd,43.593819,-79.611094
1223,1223.0,Mississauga Valley Blvd At Gwendale Cres,43.595796,-79.610764
1224,1224.0,Mississauga Valley Blvd At Bloor St,43.598959,-79.612475
1225,1225.0,Bloor St At Cawthra Rd,43.600751,-79.609823
1227,1227.0,Mississauga Valley Blvd At Elm Dr,43.592403,-79.628767
1228,1228.0,Mississauga Valley Blvd At Arista Way,43.594727,-79.629569
1229,1229.0,Mississauga Valley Blvd At Mississauga Valley Community Centre,43.59747,-79.626348
1230,1230.0,Mississauga Valley Blvd At Central Pky,43.598954,-79.623923
1231,1231.0,Bloor St At Hyacinthe Blvd,43.597275,-79.619885
1232,1232.0,Bloor St At Michelle Row,43.59782,-79.617246
1233,1233.0,Wolfedale Rd South Of Central Pky,43.570481,-79.6466
1234,1234.0,Wolfedale Rd South Of Central Pky,43.57,-79.646176
1235,1235.0,Wolfedale Rd At 3265 Wolfedale Rd,43.568243,-79.643668
1236,1236.0,Britannia Rd At Mavis Rd,43.611663,-79.696435
1237,1237.0,Cawthra Rd At Dundas St,43.595852,-79.602065
1238,1238.0,Bloor St At Michelle Row,43.598076,-79.616819
1239,1239.0,Bloor St At Hyacinthe Blvd,43.597594,-79.619419
1240,1240.0,Mississauga Valley Blvd At Central Pky,43.599029,-79.624144
1241,1241.0,Mississauga Valley Blvd At Mississauga Valley Community Centre,43.597607,-79.626456
1242,1242.0,Mississauga Valley Blvd At Arista Way,43.594561,-79.630032
1243,1243.0,Mississauga Valley Blvd At Kaneff Cres,43.592693,-79.628922
1244,1244.0,Mclaughlin Rd At Faith Dr,43.604254,-79.672995
1246,1246.0,Mavis Rd North Of Eglinton Ave,43.592826,-79.669699
1247,1247.0,Mavis Rd South Of Winterton Way,43.594689,-79.672918
1249,1249.0,Winterton Way At Mavis Rd,43.595103,-79.675948
1250,1250.0,Britannia Rd At Whitehorn Ave,43.600125,-79.708915
1252,1252.0,Winston Churchill Blvd At Dundas St,43.522909,-79.68205
1253,1253.0,Winston Churchill Blvd South Of Dundas St,43.522303,-79.680755
1255,1255.0,Mississauga Valley Blvd South Of Bloor St,43.598455,-79.612462
1256,1256.0,Mississauga Valley Blvd At Michelle Row,43.595601,-79.610954
1257,1257.0,Mississauga Valley Blvd At Silvercreek Blvd,43.594152,-79.611086
1258,1258.0,Mississauga Valley Blvd At Lolita Gdns,43.592399,-79.61286
1259,1259.0,Mississauga Valley Blvd At Cliff Rd,43.591251,-79.613903
1260,1260.0,Mississauga Valley Blvd At Trisha Downs,43.590051,-79.617279
1261,1261.0,Mississauga Valley Blvd At Thornwood Public School,43.589169,-79.619662
1262,1262.0,Mississauga Valley Blvd At Voltarie Cres,43.587784,-79.621316
1263,1263.0,Mississauga Valley Blvd At Fairview Rd,43.588674,-79.624182
1264,1264.0,Mississauga Valley Blvd At Central Pky,43.590827,-79.625719
1265,1265.0,Central Pky At Hurontario St,43.589641,-79.628929
1267,1267.0,Trelawny Cir At Mockingbird Lane,43.577725,-79.771146
1268,1268.0,Trelawny Cir At Forest Park Dr,43.576559,-79.772392
1269,1269.0,Trelawny Cir At Mount Carmel Secondary School,43.574599,-79.773489
1270,1270.0,Burnhamthorpe Rd East Of Hurontario St,43.594277,-79.634114
1271,1271.0,Burnhamthorpe Rd At Arista Way,43.595723,-79.632417
1272,1272.0,Burnhamthorpe Rd At Robert Speck Pky,43.597377,-79.630432
1273,1273.0,Burnhamthorpe Rd East Of Robert Speck Pky,43.599888,-79.627482
1274,1274.0,Burnhamthorpe Rd East Of Central Pky,43.601486,-79.625625
1276,1276.0,Burnhamthorpe Rd At Molly Ave,43.605436,-79.621114
1277,1277.0,Burnhamthorpe Rd At Cawthra Rd,43.608093,-79.618207
1278,1278.0,Trelawny Cir At Osprey Blvd,43.571998,-79.765232
1279,1279.0,Osprey Blvd At Pintail Cir,43.57071,-79.763512
1280,1280.0,Garthwood Rd At Mulcaster Rd,43.52368,-79.696155
1281,1281.0,Garthwood Rd At Clayton Rd,43.525852,-79.695515
1282,1282.0,Garthwood Rd At Burgess Cres,43.526918,-79.694242
1283,1283.0,Dundas St At Cawthra Rd,43.594468,-79.600389
1284,1284.0,Loyalist Dr At The Collegeway,43.529427,-79.694581
1285,1285.0,The Collegeway At Winston Churchill Blvd,43.530591,-79.692867
1286,1286.0,Osprey Blvd At Nutcracker Dr,43.568283,-79.76059
1287,1287.0,Osprey Blvd At Grossbeak Dr,43.56455,-79.75767
1288,1288.0,Grossbeak Dr At Prairie Cir,43.563788,-79.757116
1289,1289.0,Grossbeak Dr At South Prairie Cir,43.562139,-79.75372
1293,1293.0,Mclaughlin Rd At North Ceremonial Dr,43.607503,-79.677454
1294,1294.0,Battleford Rd At Edenwood Dr,43.578194,-79.759569
1295,1295.0,Winston Churchill Blvd At Aquitaine Ave,43.582747,-79.763414
1296,1296.0,Cawthra Rd At Dundas St,43.595836,-79.601575
1298,1298.0,Trelawny Cir East Of Doug Leavens Blvd,43.570845,-79.768705
1299,1299.0,Montevideo Rd At Aquitaine Ave,43.590188,-79.75625
1300,1300.0,Dixie Rd South Of Golden Orchard Dr,43.611179,-79.586877
1301,1301.0,Dundas St At Tomken Rd,43.600841,-79.593497
1302,1302.0,Dundas St West Of Constitution Blvd,43.601819,-79.592273
1304,1304.0,Aukland Rd North Of Dundas St,43.638871,-79.538571
1305,1305.0,Bloor St At West Markland Dr,43.629142,-79.580283
1308,1308.0,Tomken Rd North Of Runningbrook Dr,43.613341,-79.61114
1309,1309.0,Burnhamthorpe Rd At Mill Rd,43.639527,-79.584204
1311,1311.0,Tomken Rd At Dundas St,43.600723,-79.593986
1313,1313.0,Tomken Rd At Rymal Rd,43.602168,-79.595736
1314,1314.0,Tomken Rd At Homeric Dr,43.604083,-79.598492
1315,1315.0,Dixie Rd At Burnhamthorpe Rd,43.621964,-79.602055
1316,1316.0,Dixie Rd At Winding Trail,43.61963,-79.599008
1317,1317.0,Dixie Rd At Bloor St,43.617064,-79.595328
1318,1318.0,Dixie Rd At Golden Orchard Dr,43.612068,-79.588187
1319,1319.0,Dixie Rd North Of Dundas St,43.610061,-79.585267
1320,1320.0,Tomken Rd At Flagship Dr,43.605073,-79.599869
1321,1321.0,Tomken Rd At Bloor St,43.607831,-79.603832
1322,1322.0,Tomken Rd At Runningbrook Dr,43.6107,-79.607955
1323,1323.0,Tomken Rd At Runningbrook Dr,43.610741,-79.608387
1324,1324.0,Tomken Rd At Bloor St,43.607574,-79.603786
1325,1325.0,Bloor St At Tomken Rd,43.607179,-79.603501
1326,1326.0,Bloor St At Rymal Rd,43.603625,-79.606656
1327,1327.0,Bloor St At Anneliese Ave,43.605968,-79.604644
1328,1328.0,Bloor St At Tasmania Dr,43.608689,-79.601855
1329,1329.0,Bloor St At Ivernia Rd,43.61057,-79.600262
1330,1330.0,Bloor St At Queen Frederica Dr,43.612369,-79.598684
1331,1331.0,Bloor St At Golden Orchard Dr,43.614819,-79.59652
1332,1332.0,Bloor St At Dixie Rd,43.616242,-79.595087
1333,1333.0,Bloor St At Havenwood Dr,43.618986,-79.592023
1334,1334.0,Bloor St East Of Havenwood Dr,43.620844,-79.590034
1335,1335.0,Bloor St At Fieldgate Dr,43.622896,-79.587805
1336,1336.0,Bloor St East Of Fieldgate Dr,43.624294,-79.586251
1337,1337.0,Bloor St At Bridgewood Dr,43.625828,-79.5846
1339,1339.0,Bloor St East Of Bridgewood Dr,43.627358,-79.58242
1340,1340.0,Bloor St East Of Bridgewood Dr,43.62746,-79.582585
1341,1341.0,Bloor St At Bridgewood Dr,43.625956,-79.584758
1342,1342.0,Bloor St West Of Bridgewood Dr,43.624641,-79.586227
1343,1343.0,Bloor St At Fieldgate Dr,43.623377,-79.587637
1344,1344.0,Bloor St West Of Fieldgate Dr,43.62139,-79.589811
1345,1345.0,Bloor St At Havenwood Dr,43.619617,-79.591646
1346,1346.0,Bloor St At Dixie Rd,43.617286,-79.594294
1347,1347.0,Bloor St At Golden Orchard Dr,43.614885,-79.596754
1348,1348.0,Bloor St At Grand Forks Rd,43.6133,-79.59815
1349,1349.0,Bloor St At Runningbrook Dr,43.610867,-79.60028
1350,1350.0,Bloor St At Riverspray Cres,43.609325,-79.601543
1351,1351.0,Bloor St At Tomken Rd,43.60777,-79.603227
1352,1352.0,Bloor St At Anneliese Ave,43.605945,-79.604929
1353,1353.0,Bloor St At Cedar Creek Dr,43.603442,-79.607193
1354,1354.0,Dundas St At Dixie Rd,43.60948,-79.583855
1355,1355.0,Dixie Rd North Of Dundas St,43.610052,-79.584561
1356,1356.0,Dixie Rd At Golden Orchard Rd,43.612847,-79.588508
1357,1357.0,Dixie Rd At Bloor St,43.617514,-79.59533
1358,1358.0,Dixie Rd At Winding Trail,43.619476,-79.598172
1359,1359.0,Dixie Rd At Burnhamthorpe Rd,43.621939,-79.601486
1360,1360.0,Tomken Rd At Flagship Dr,43.605123,-79.600339
1361,1361.0,Tomken Rd At Homeric Dr,43.603666,-79.598242
1362,1362.0,Tomken Rd At Rymal Rd,43.601879,-79.595669
1364,1364.0,Dixie Rd 3105 Dixie Rd,43.611061,-79.586012
1365,1365.0,Mississauga Valley Blvd At Daralea Hts,43.600677,-79.621963
1367,1367.0,Mississauga Valley Blvd At Hyacinthe Blvd,43.601235,-79.615954
1368,1368.0,Mississauga Valley Blvd At Bloor St,43.599246,-79.613125
1373,1373.0,Confederation Pky At Central Pky,43.582962,-79.635868
1374,1374.0,Meadowvale Town Centre Bus Terminal Platform I,43.58378,-79.758661
1376,1376.0,Garthwood Rd At Loyalist Dr,43.528227,-79.693073
1377,1377.0,Dundas St West Of Dixie Rd,43.608732,-79.58484
1378,1378.0,Dundas St At Queen Frederica Dr,43.6066,-79.587207
1379,1379.0,Dundas St At Arena Rd,43.605659,-79.588245
1380,1380.0,Dundas St At Constitution Blvd,43.603633,-79.590461
1381,1381.0,Dundas St At Tomken Rd,43.600115,-79.59426
1382,1382.0,Dundas St At Haines Rd,43.597965,-79.596652
1383,1383.0,Burnhamthorpe Rd East Of Cawthra Rd,43.609704,-79.616453
1384,1384.0,Burnhamthorpe Rd At Flamewood Dr,43.611818,-79.614063
1385,1385.0,Burnhamthorpe Rd At Tomken Rd,43.614093,-79.611537
1386,1386.0,Burnhamthorpe Rd At Autumn Harvest Dr,43.615927,-79.609548
1387,1387.0,Burnhamthorpe Rd At Golden Orchard Dr,43.618864,-79.606305
1388,1388.0,Burnhamthorpe Rd At Dixie Rd,43.622045,-79.602838
1389,1389.0,Burnhamthorpe Rd At Havenwood Dr,43.625208,-79.599377
1391,1391.0,Burnhamthorpe Rd At Fieldgate Dr,43.628662,-79.595605
1392,1392.0,Burnhamthorpe Rd East Of Fieldgate Dr,43.630826,-79.593266
1393,1393.0,Burnhamthorpe Rd East Of Ponytrail Dr,43.633382,-79.590388
1396,1396.0,Northwest Dr At American Dr,43.698762,-79.611937
1397,1397.0,American Dr At Northam Dr,43.695164,-79.615272
1398,1398.0,River Grove Ave At Astrella Cres,43.593588,-79.712753
1399,1399.0,Queensway East Of Dixie Rd,43.604352,-79.573652
1401,1401.0,Fairview Rd At Chimo Crt,43.580639,-79.632094
1402,1402.0,City Centre Transit Terminal Platform D,43.593947,-79.646473
1403,1403.0,City Centre Transit Terminal Platform G,43.593574,-79.646134
1404,1404.0,Rathburn Rd At Schneider Crt Walkway,43.586451,-79.652983
1405,1405.0,Rathburn Rd At West Elora Dr,43.584418,-79.653883
1406,1406.0,City Centre Transit Terminal Platform A,43.594756,-79.64656
1407,1407.0,Goreway Dr At Nashua Dr,43.71069,-79.622165
1408,1408.0,City Centre Transit Terminal Platform O,43.593703,-79.648011
1410,1410.0,Creditview Rd At Melia Dr,43.570638,-79.672811
1411,1411.0,Glen Erin Dr At Castlebridge Dr,43.568233,-79.731624
1412,1412.0,Creditview Rd At Melia Dr,43.569964,-79.672184
1413,1413.0,Creditview Rd At Cuthbert Ave,43.57899,-79.686528
1414,1414.0,Creditview Rd At Sherwood Mills Blvd,43.58067,-79.688763
1415,1415.0,Rathburn Rd At Mavis Rd,43.583271,-79.655122
1416,1416.0,Rathburn Rd At West Elora Dr,43.584351,-79.653575
1417,1417.0,Creditview Rd At Carolyn Rd,43.584799,-79.694359
1419,1419.0,City Centre Transit Terminal Platform F,43.593634,-79.645922
1421,1421.0,Burnhamthorpe Rd At Living Arts Dr,43.58711,-79.643207
1422,1422.0,Burnhamthorpe Rd At Confederation Pky,43.585635,-79.644875
1424,1424.0,Rathburn Rd At East Elora Dr,43.587544,-79.652525
1425,1425.0,City Centre Dr At Square One Parking Lot 1,43.5932,-79.63892
1428,1428.0,Living Arts Dr At Prince Of Wales Dr,43.589689,-79.647202
1429,1429.0,Winterton Way At Heatherleigh Ave,43.594063,-79.677144
1434,1434.0,Terry Fox Way At Southfork Dr,43.596931,-79.686968
1440,1440.0,Winterton Way At Terry Fox Way,43.591778,-79.679684
1441,1441.0,Creditview Rd At Kenninghall Cres,43.60413,-79.720761
1442,1442.0,Creditview Rd At Falconer Dr,43.606607,-79.724098
1443,1443.0,Argentia Rd At Campobello Rd,43.608179,-79.729213
1444,1444.0,Creditview Rd At Falconer Dr,43.606794,-79.724578
1445,1445.0,Creditview Rd At Kenninghall Blvd,43.603939,-79.720731
1446,1446.0,Living Arts Dr At Square One Dr,43.590645,-79.648483
1447,1447.0,Queenston Dr At Fellmore Dr,43.561236,-79.661387
1449,1449.0,Eglinton Ave West Of Guildwood Way,43.593728,-79.667711
1450,1450.0,Mclaughlin Rd South Of Avonwick Ave,43.609584,-79.680241
1451,1451.0,Creditview Rd At Carolyn Rd,43.584848,-79.694813
1452,1452.0,Creditview Rd At Princelea Pl,43.580785,-79.689292
1453,1453.0,Creditview Rd At Cuthbert Ave,43.579077,-79.687071
1454,1454.0,Truscott Dr At Elite Rd,43.530884,-79.629222
1456,1456.0,Rathburn Rd At Duke Of York Blvd,43.592467,-79.648952
1458,1458.0,Aquitaine Ave At East Meadowvale Town Cir,43.584842,-79.760671
1459,1459.0,Bristol Rd At Bathgate Rd,43.585759,-79.698916
1460,1460.0,Erindale Go Station Platform 5,43.56702,-79.668085
1461,1461.0,Bristol Rd At River Grove Ave,43.584163,-79.703133
1462,1462.0,River Grove Ave At Stillriver Cres,43.586555,-79.70482
1463,1463.0,River Grove Ave At Willow Way,43.588273,-79.70705
1464,1464.0,River Grove Ave At North Riverdale Cres,43.590438,-79.708986
1465,1465.0,River Grove Ave At Highbrook Ave,43.591983,-79.710168
1466,1466.0,River Grove Ave North Of Astrella Cres,43.594511,-79.714052
1467,1467.0,Terry Fox Way At Blueheron Blvd,43.597026,-79.68735
1468,1468.0,Rathburn Rd At Creditview Rd,43.569731,-79.669144
1469,1469.0,Creditview Rd At Eglinton Ave,43.577792,-79.684894
1471,1471.0,Eglinton Ave At Central Pky,43.616119,-79.642282
1472,1472.0,Burnhamthorpe Rd At Wolfedale Rd,43.576661,-79.655022
1473,1473.0,Burnhamthorpe Rd At Perivale Rd,43.573632,-79.658532
1474,1474.0,Burnhamthorpe Rd At Erindale Station Rd,43.570347,-79.662303
1476,1476.0,Burnhamthorpe Rd At Elora Dr,43.582019,-79.648994
1477,1477.0,Burnhamthorpe Rd At Mavis Rd,43.579833,-79.651396
1478,1478.0,Creditview Rd At Rose Haven Rd,43.573261,-79.676175
1479,1479.0,Creditview Rd At Edenrose St,43.5748,-79.678325
1481,1481.0,Rathburn Rd At West Wakefield Cres,43.580509,-79.658379
1482,1482.0,Rathburn Rd At Regency Dr,43.577846,-79.662402
1483,1483.0,Rathburn Rd At Perivale Rd,43.575816,-79.664329
1484,1484.0,Rathburn Rd At East Deer Run,43.572612,-79.667558
1485,1485.0,Rathburn Rd At West Deer Run,43.570757,-79.66911
1486,1486.0,Creditview Rd At Rathkeale Rd,43.576228,-79.682811
1487,1487.0,Creditview Rd At Eglinton Ave,43.577348,-79.684792
1488,1488.0,Rathburn Rd At West Deer Run,43.57052,-79.668892
1489,1489.0,Rathburn Rd At East Deer Run,43.572307,-79.667651
1490,1490.0,Rathburn Rd At Perivale Rd,43.575384,-79.664351
1491,1491.0,Rathburn Rd At West Queensbridge Dr,43.577539,-79.662346
1492,1492.0,Rathburn Rd At East Queensbridge Dr,43.580098,-79.658624
1493,1493.0,Rathburn Rd At Mavis Rd,43.582173,-79.655915
1494,1494.0,Rathburn Rd East Of Deer Run,43.574288,-79.665378
1495,1495.0,Rathburn Rd West Of Perivale Rd,43.574095,-79.665816
1496,1496.0,Creditview Rd At Rosemanor Dr,43.574732,-79.678837
1497,1497.0,Creditview Rd At Ivoryrose St,43.57341,-79.67663
1498,1498.0,Living Arts Dr At City Centre Dr,43.587591,-79.644249
1499,1499.0,Burnhamthorpe Rd At The Credit Woodlands,43.564046,-79.669616
1501,1501.0,Rathburn Rd At Woodington Dr,43.601722,-79.63703
1502,1502.0,Rathburn Rd At Angeloni Dr,43.603354,-79.636424
1503,1503.0,Rathburn Rd At Central Pky,43.605904,-79.634346
1504,1504.0,Rathburn Rd At 425 Meadows Blvd,43.607846,-79.631824
1505,1505.0,Rathburn Rd At Cawthra Rd,43.610112,-79.621884
1506,1506.0,Rathburn Rd At Willowbank Trail,43.61224,-79.619878
1507,1507.0,Rathburn Rd At Westminster Pl,43.614307,-79.618095
1508,1508.0,Robert Speck Pky At Shipp Dr,43.59729,-79.636895
1509,1509.0,Meadows Blvd At Bishopstoke Lane,43.598172,-79.632309
1510,1510.0,Meadows Blvd At Woodington Dr,43.600267,-79.630522
1511,1511.0,Living Arts Dr At Burnhamthorpe Rd,43.587219,-79.644088
1512,1512.0,Dixie Rd At Hickory Dr,43.628354,-79.610696
1513,1513.0,Dixie Rd At Rathburn Rd,43.626561,-79.608394
1514,1514.0,Dixie Rd South Of Rathburn Rd,43.624528,-79.605565
1515,1515.0,Tomken Rd At Philip Pocock Secondary School,43.624005,-79.626326
1516,1516.0,Rathburn Rd At Wilcox Rd,43.609325,-79.623042
1517,1517.0,Rathburn Rd At Wilcox Rd,43.60964,-79.623035
1518,1518.0,Rathburn Rd At Meadows Blvd,43.60806,-79.629412
1519,1519.0,Derry Rd At Kenderry Gate,43.651899,-79.699473
1520,1520.0,Derry Rd At Beckett Dr,43.652715,-79.699158
1521,1521.0,Meadows Blvd At Woodington Dr,43.60052,-79.63059
1522,1522.0,Meadows Blvd At Robert Speck Pky,43.598085,-79.632548
1523,1523.0,Robert Speck Pky West Of Shipp Dr,43.597198,-79.637418
1524,1524.0,Rathburn Rd At Tomken Rd,43.616244,-79.615956
1525,1525.0,Rathburn Rd At Corbet Dr,43.618145,-79.613831
1526,1526.0,Rathburn Rd At Golden Orchard Dr,43.62189,-79.611551
1527,1527.0,Rathburn Rd At Hickory Dr,43.624219,-79.609006
1528,1528.0,Rathburn Rd At Dixie Rd,43.626479,-79.606809
1529,1529.0,Rathburn Rd At Bough Beeches Blvd,43.627395,-79.605859
1530,1530.0,Rathburn Rd At Rockwood Rd,43.630385,-79.602988
1531,1531.0,Rathburn Rd At Fieldgate Dr,43.632724,-79.600641
1532,1532.0,Rathburn Rd West Of Capilano Crt,43.634708,-79.598661
1533,1533.0,Rathburn Rd At Ponytrail Dr,43.635234,-79.595326
1534,1534.0,Ponytrail Dr At Lookout Crt,43.634205,-79.592176
1535,1535.0,Rathburn Rd East Of Capilano Crt,43.635692,-79.596704
1536,1536.0,Rathburn Rd West Of Capilano Crt,43.634924,-79.598656
1537,1537.0,Rathburn Rd At Fieldgate Dr,43.633352,-79.60044
1538,1538.0,Rathburn Rd At Rockwood Rd,43.630869,-79.602853
1539,1539.0,Rathburn Rd At Bough Beeches Blvd,43.627781,-79.6058
1540,1540.0,Rathburn Rd At Dixie Rd,43.626609,-79.607141
1541,1541.0,Rathburn Rd At Hickory Dr,43.624578,-79.608911
1542,1542.0,Rathburn Rd At Golden Orchard Dr,43.622313,-79.611467
1543,1543.0,Rathburn Rd At Starlight Cres,43.618434,-79.613861
1545,1545.0,Rathburn Rd At Westminster Pl,43.6152,-79.617455
1546,1546.0,Rathburn Rd At Willowbank Trail,43.61228,-79.620224
1547,1547.0,Rathburn Rd At Cawthra Rd,43.610747,-79.62151
1548,1548.0,Dixie Rd At Hickory Dr,43.62836,-79.610273
1549,1549.0,Dixie Rd At Rathburn Rd,43.626013,-79.607019
1550,1550.0,Dixie Rd At Rockwood Mall,43.624484,-79.604957
1552,1552.0,Burnhamthorpe Rd At Ponytrail Dr,43.632979,-79.591325
1553,1553.0,Burnhamthorpe Rd West Of Ponytrail Dr,43.631238,-79.593126
1554,1554.0,Burnhamthorpe Rd At Fieldgate Dr,43.628264,-79.596481
1555,1555.0,Burnhamthorpe Rd At Bough Beeches Blvd,43.624824,-79.600238
1556,1556.0,Southdown Rd At Orr Rd,43.505668,-79.622914
1557,1557.0,Burnhamthorpe Rd At Dixie Rd,43.62222,-79.603165
1558,1558.0,Burnhamthorpe Rd At Golden Orchard Dr,43.618443,-79.607216
1559,1559.0,Burnhamthorpe Rd At Corbet Dr,43.616112,-79.609718
1560,1560.0,Burnhamthorpe Rd At Tomken Rd,43.613603,-79.612552
1561,1561.0,Burnhamthorpe Rd At Westminster Pl,43.611583,-79.614675
1563,1563.0,Burnhamthorpe Rd At Cawthra Rd,43.607707,-79.619141
1564,1564.0,Burnhamthorpe Rd At Molly Ave,43.605076,-79.621979
1565,1565.0,Burnhamthorpe Rd At Midhurst Lane Walkway,43.603755,-79.623343
1566,1566.0,Burnhamthorpe Rd At Central Pky,43.600945,-79.626731
1567,1567.0,Burnhamthorpe Rd At Robert Speck Pky,43.596982,-79.631389
1568,1568.0,Burnhamthorpe Rd At Absolute Ave,43.595287,-79.633382
1569,1569.0,Burnhamthorpe Rd At Hurontario St,43.594202,-79.634685
1570,1570.0,Tomken Rd At Canadian Pl,43.62563,-79.628186
1571,1571.0,Rathburn Rd West Of Meadows Blvd,43.607825,-79.63237
1572,1572.0,Rathburn Rd At Central Pky,43.606505,-79.634159
1573,1573.0,Rathburn Rd At Chalfield Lane,43.604762,-79.63602
1574,1574.0,Rathburn Rd At Woodington Dr,43.601939,-79.637137
1576,1576.0,Tomken Rd At Burnhamthorpe Rd,43.614302,-79.612432
1577,1577.0,Tomken Rd At Rathburn Rd,43.617178,-79.616493
1578,1578.0,Tomken Rd At Willowbank Trail,43.619239,-79.619383
1579,1579.0,Tomken Rd At Willowbank Trail,43.619313,-79.619838
1580,1580.0,Tomken Rd At Rathburn Rd,43.616011,-79.615293
1581,1581.0,Tomken Rd At Burnhamthorpe Rd,43.614153,-79.612758
1582,1582.0,Hurontario St At Elia Ave,43.603865,-79.648431
1583,1583.0,Rathburn Rd At Meadows Blvd,43.608289,-79.629211
1588,1588.0,Elia Ave East Of Hurontario St,43.605073,-79.647784
1589,1589.0,Rathburn Rd At Shipp Dr,43.599652,-79.639394
1590,1590.0,Ponytrail Dr At Maple Ridge Dr,43.634246,-79.592622
1591,1591.0,Rathburn Rd At Tomken Rd,43.6168,-79.615721
1592,1592.0,Mclaughlin Rd At Matheson Blvd,43.612705,-79.684417
1593,1593.0,Sorrento Dr At Eglinton Ave,43.608864,-79.649929
1595,1595.0,Sorrento Dr At Elia Ave,43.605863,-79.647593
1597,1597.0,Winston Churchill Blvd At Dalehurst Dr,43.592368,-79.777216
1598,1598.0,Winston Churchill Blvd At Danton Promenade,43.590567,-79.7747
1600,1600.0,Central Pky At Meadows Blvd,43.603419,-79.629075
1603,1603.0,Central Pky At Laurentian Ave,43.609393,-79.63853
1604,1604.0,Central Pky At Bud Gregory Blvd,43.612819,-79.639605
1605,1605.0,Central Pky At Mallorytown Ave,43.614971,-79.640362
1606,1606.0,Central Pky At Eglinton Ave,43.616284,-79.64182
1607,1607.0,Confederation Pky At Dunbar Rd,43.575238,-79.615782
1608,1608.0,Central Pky At Eglinton Ave,43.615805,-79.641657
1609,1609.0,Central Pky At Bud Gregory Blvd,43.613146,-79.639883
1610,1610.0,Central Pky At Laurentian Ave,43.60947,-79.638925
1612,1612.0,Central Pky At Petersburg Cres,43.605498,-79.63355
1613,1613.0,Britannia Rd At Mavis Rd,43.612563,-79.694881
1614,1614.0,Central Pky At Meadows Blvd,43.603196,-79.629241
1616,1616.0,Central Pky At Mallorytown Ave,43.615183,-79.640828
1617,1617.0,Confederation Pky At Parkside Village Dr,43.588339,-79.649508
1618,1618.0,Eglinton Ave At Orbitor Dr,43.656089,-79.598437
1619,1619.0,Confederation Pky At King St,43.57587,-79.616684
1620,1620.0,Confederation Pky At Dundas St,43.57752,-79.619086
1621,1621.0,Confederation Pky At Agnes St,43.578343,-79.621528
1622,1622.0,Confederation Pky At Hillcrest Ave,43.579081,-79.623868
1625,1625.0,Confederation Pky North Of Central Pky,43.58428,-79.638484
1626,1626.0,Confederation Pky At Riel Dr,43.584192,-79.640089
1627,1627.0,Confederation Pky At Webb Dr,43.584293,-79.642564
1629,1629.0,Mississauga Rd At The Collegeway,43.544916,-79.663031
1630,1630.0,Eglinton Ave West Of Fairwind Dr,43.602205,-79.658367
1631,1631.0,Orr Rd East Of Southdown Rd,43.506042,-79.62183
1633,1633.0,Eglinton Ave West Of Creditview Rd,43.577301,-79.686054
1634,1634.0,Bristol Rd At Fairwind Dr,43.605772,-79.669439
1635,1635.0,Bristol Rd At Swiftcurrent Trail,43.609909,-79.668519
1641,1641.0,Confederation Pky At Webb Dr,43.584042,-79.642657
1642,1642.0,Confederation Pky At Croatia Dr,43.583904,-79.640523
1643,1643.0,Confederation Pky South Of Croatia Dr,43.584022,-79.638156
1644,1644.0,Confederation Pky At Central Pky,43.583401,-79.63649
1645,1645.0,Duke Of York Blvd At Webb Dr,43.587261,-79.640032
1646,1646.0,Confederation Pky At Hillcrest Ave,43.579162,-79.62456
1647,1647.0,Confederation Pky At Agnes St,43.578107,-79.621108
1648,1648.0,Confederation Pky At Dundas St,43.577241,-79.619129
1649,1649.0,Confederation Pky At Dunbar Rd,43.575305,-79.616114
1651,1651.0,Confederation Pky At King St,43.575992,-79.617102
1652,1652.0,Ridgeway Dr South Of The Collegeway,43.52147,-79.701375
1653,1653.0,Ridgeway Dr At Dovetail Mews,43.519893,-79.698848
1654,1654.0,Ridgeway Dr At Mcmaster Rd,43.518418,-79.695031
1656,1656.0,Laird Rd East Of Ridgeway Dr,43.519801,-79.690492
1657,1657.0,Colonial Dr At Orleans Rd,43.523073,-79.690291
1658,1658.0,Colonial Dr At Mcmaster Rd,43.523114,-79.693916
1660,1660.0,Dundas St At Vega Blvd,43.51586,-79.689457
1661,1661.0,Laird Rd West Of Ridgeway Dr,43.518041,-79.690412
1662,1662.0,Laird Rd At Colonial Dr,43.521539,-79.689437
1663,1663.0,Laird Rd At Turnstone Cres,43.523658,-79.687148
1664,1664.0,Laird Rd At Winston Churchill Blvd,43.525214,-79.685456
1665,1665.0,Dundas St At Glen Erin Dr,43.531066,-79.672916
1666,1666.0,Dundas St At Woodchester Dr,43.527313,-79.67697
1667,1667.0,Dundas St At Hampshire Gate,43.520635,-79.684256
1668,1668.0,Central Pky At Father Goetz Secondary School,43.582596,-79.637016
1669,1669.0,River Grove Ave At Riverbrook Cres,43.593901,-79.713433
1670,1670.0,River Grove Ave At Kingsbank Crt,43.59132,-79.709835
1671,1671.0,River Grove Ave At North Riverdale Cres,43.590347,-79.709078
1672,1672.0,River Grove Ave At Willow Way,43.588706,-79.707871
1673,1673.0,River Grove Ave At Village View Pl,43.586211,-79.704744
1674,1674.0,River Grove Ave North Of Bristol Rd,43.584452,-79.703564
1675,1675.0,Bristol Rd At Millbrook Lane,43.58486,-79.700608
1676,1676.0,Bristol Rd At Creditview Rd,43.586461,-79.697271
1681,1681.0,Morning Star Dr At Airport Rd,43.710385,-79.649543
1682,1682.0,Sheridan Centre Bus Terminal Platform C,43.529926,-79.651655
1684,1684.0,Winston Churchill Blvd At Royal Windsor Dr,43.496405,-79.645314
1687,1687.0,Westwood Square Bus Terminal Platform D,43.721713,-79.640641
1689,1689.0,Erin Mills Town Centre Bus Terminal Platform C,43.560344,-79.710745
1690,1690.0,Cawthra Station East Platform A,43.61751,-79.627687
1691,1691.0,Webb Dr West Of Duke Of York Blvd,43.58646,-79.640794
1693,1693.0,Britannia Rd At Tenth Line,43.564073,-79.749433
1694,1694.0,Millers Grove At Arnett Crt,43.574897,-79.761061
1695,1695.0,Lakeshore Rd West Of Hazelhurst Rd,43.485202,-79.625915
1696,1696.0,Eglinton Ave At Heatherleigh Ave,43.590255,-79.671764
1697,1697.0,Eglinton Ave At Sandford Farm Dr,43.589769,-79.6718
1698,1698.0,Hurontario St At Admiral Blvd,43.64388,-79.702882
1700,1700.0,Eglinton Ave At Mississauga Rd,43.568878,-79.695924
1701,1701.0,Mississauga Rd At Eglinton Ave,43.568452,-79.695636
1702,1702.0,Mississauga Rd At Barbertown Rd,43.571049,-79.699196
1703,1703.0,Queen St At Reid Dr,43.575311,-79.704974
1704,1704.0,Queen St At Reid Dr,43.574993,-79.704783
1705,1705.0,Mississauga Rd At Rothesay Crt,43.571199,-79.699663
1706,1706.0,Mississauga Rd At Eglinton Ave,43.568739,-79.69636
1708,1708.0,Mississauga Rd South Of Badminton Dr,43.563064,-79.688318
1709,1709.0,Mississauga Rd At Badminton Dr,43.563766,-79.689543
1712,1712.0,Glen Erin Dr At Thomas St,43.565538,-79.727894
1714,1714.0,Central Parkway Station East Platform A,43.607777,-79.635969
1715,1715.0,Erin Mills Station East Platform 5,43.552598,-79.699557
1716,1716.0,Central Parkway Station West Platform B,43.6079,-79.636176
1717,1717.0,Erin Mills Pky At Folkway Dr,43.550907,-79.690481
1718,1718.0,Erin Mills Pky At Burnhamthorpe Rd,43.546599,-79.683864
1720,1720.0,Erin Mills Pky At Folkway Dr,43.550749,-79.689271
1722,1722.0,Mississauga Rd At Tattersall Way,43.565895,-79.692496
1725,1725.0,Eglinton Ave At The Chase,43.565147,-79.699583
1726,1726.0,Cawthra Station West Platform B,43.617501,-79.627944
1727,1727.0,Explorer Dr At Satellite Dr,43.658695,-79.61295
1728,1728.0,Mississauga Rd At Tattersall Way,43.565428,-79.691615
1729,1729.0,Carlingview Dr At Constellation Crt,43.690755,-79.597181
1730,1730.0,Explorer Dr At Orbitor Dr,43.661607,-79.607895
1732,1732.0,Explorer Dr West Of Orbitor Dr,43.65965,-79.611301
1736,1736.0,Campus Rd At Elmbank Rd,43.688826,-79.610124
1742,1742.0,Wolfedale Rd At Westlock Rd,43.566979,-79.641888
1744,1744.0,Bancroft Dr At Bidwell Trail,43.601723,-79.713267
1746,1746.0,Webb Dr At Duke Of York Blvd,43.586658,-79.640317
1748,1748.0,Bancroft Dr At Douguy Blvd,43.606281,-79.710208
1749,1749.0,Creekbank Rd At Tech Ave,43.642897,-79.615862
1750,1750.0,Bancroft Dr At Swinbourne Dr,43.609315,-79.709363
1751,1751.0,Mississauga Rd At Montcrest Crt,43.569745,-79.697688
1752,1752.0,Mississauga Rd At Royal Credit Blvd,43.569632,-79.697257
1753,1753.0,Wolfedale Rd At Forestwood Dr,43.565073,-79.639095
1754,1754.0,Bancroft Dr At Silken Laumann Way,43.611797,-79.707537
1755,1755.0,Orlando Dr At Viscount Rd,43.696726,-79.627999
1757,1757.0,Erin Mills Town Centre Bus Terminal Platform A,43.560736,-79.710962
1759,1759.0,Erin Mills Pky At Thomas St,43.569826,-79.722441
1760,1760.0,Erin Mills Pky At Vista Blvd,43.573657,-79.727698
1761,1761.0,Erin Mills Pky At Wickham Rd,43.573249,-79.727853
1762,1762.0,Erin Mills Pky At Thomas St,43.56941,-79.722277
1763,1763.0,Silken Laumann Way At Dendron St,43.610103,-79.704984
1764,1764.0,Viscount Rd At American Dr,43.691608,-79.618958
1765,1765.0,Orlando Dr East Of Viscount Rd,43.697615,-79.627315
1766,1766.0,Winston Churchill Blvd At Tours Rd,43.573997,-79.751196
1767,1767.0,Winston Churchill Blvd At Battleford Rd,43.57918,-79.758285
1769,1769.0,Explorer Dr East Of Satellite Dr,43.659196,-79.611721
1772,1772.0,Eglinton Ave At Erin Mills Pky,43.559443,-79.706367
1773,1773.0,Eglinton Ave At Erin Mills Town Centre South,43.557886,-79.707997
1774,1774.0,Confederation Pky At Arbutus Way,43.587218,-79.64795
1775,1775.0,Eglinton Ave At Erin Mills Town Centre South,43.557351,-79.708134
1776,1776.0,Campus Rd At Elmbank Rd,43.6888,-79.610571
1783,1783.0,Winston Churchill Blvd At Battleford Rd,43.579259,-79.758977
1784,1784.0,Winston Churchill Blvd At Tours Rd,43.574031,-79.751803
1785,1785.0,Winston Churchill Blvd At Oka Rd,43.571243,-79.747959
1786,1786.0,Orlando Dr At Northam Dr,43.700129,-79.624502
1787,1787.0,Explorer Dr At Orbitor Dr,43.661304,-79.60815
1788,1788.0,Winston Churchill Blvd At Thomas St,43.560923,-79.733934
1790,1790.0,Winston Churchill Blvd At Erin Centre Blvd,43.553133,-79.723302
1792,1792.0,Erin Mills Station West Platform 3,43.552359,-79.700154
1794,1794.0,The Credit Woodlands At Erinmore Dr,43.559124,-79.659919
1795,1795.0,Queenston Dr At Chalice Cres,43.563564,-79.664992
1798,1798.0,Central Pky At Central Pky Station,43.607283,-79.635541
1799,1799.0,Eglinton Ave At Mississauga Rd,43.568222,-79.696
1800,1800.0,Mississauga Rd At Melody Dr,43.572814,-79.701585
1801,1801.0,Mississauga Rd At Erin Centre Blvd,43.573622,-79.70293
1802,1802.0,Matheson Blvd West Of Hurontario St,43.618802,-79.671409
1803,1803.0,Matheson Blvd At 110 Matheson Blvd,43.617402,-79.673323
1804,1804.0,Matheson Blvd At Avebury Rd,43.616243,-79.675146
1805,1805.0,Freemont Blvd At White Hart Lane,43.621379,-79.687155
1806,1806.0,Freemont Blvd At Cantay Rd,43.623626,-79.689956
1807,1807.0,Eglinton Ave At Inverness Blvd,43.573399,-79.689671
1808,1808.0,Eglinton Ave At Barbertown Rd,43.573956,-79.68961
1810,1810.0,Keaton Cres South Of Matheson Blvd,43.614206,-79.678834
1811,1811.0,Keaton Cres At 5685 Keaton Cres,43.612448,-79.67943
1812,1812.0,Keaton Cres At Matheson Blvd,43.6144,-79.682337
1813,1813.0,Lakeshore Rd At Montbeck Cres,43.570591,-79.565313
1815,1815.0,Derry Rd At Vanguard Dr,43.691522,-79.656329
1818,1818.0,Matheson Blvd At Cancross Crt,43.615878,-79.675488
1819,1819.0,Matheson Blvd East Of Cancross Ct,43.61761,-79.67265
1820,1820.0,Matheson Blvd At Hurontario St,43.619116,-79.670522
1821,1821.0,City Centre Dr At Robert Speck Pky,43.594783,-79.639768
1822,1822.0,Robert Speck Pky East Of City Centre Dr,43.595249,-79.639394
1823,1823.0,Matheson Blvd At Chedworth Way,43.614138,-79.683304
1824,1824.0,Mclaughlin Rd At Avonwick Ave,43.610681,-79.681981
1825,1825.0,Mclaughlin Rd At North Ceremonial Dr,43.607595,-79.677876
1827,1827.0,Mclaughlin Rd At Parkwood Pl,43.604365,-79.673436
1828,1828.0,Mclaughlin Rd At Bristol Rd,43.603049,-79.671768
1829,1829.0,Silken Laumann Way At Ivandale Dr,43.608722,-79.703142
1830,1830.0,Silken Laumann Way At Britannia Rd,43.607826,-79.701984
1831,1831.0,Wolfedale Rd At Dundas St,43.563608,-79.637011
1832,1832.0,Lorimar Dr At Cardiff Blvd,43.672644,-79.679783
1833,1833.0,Guildwood Way At Galaxy Crt,43.596784,-79.667272
1834,1834.0,Guildwood Way At Ceremonial Dr,43.598436,-79.669131
1835,1835.0,Morning Star Dr At Cambrett Dr,43.717286,-79.645263
1836,1836.0,Morning Star Dr At Cambrett Dr,43.717557,-79.645344
1837,1837.0,Hurontario St At Brunel Rd,43.624752,-79.67723
1838,1838.0,Rathburn Rd At Living Arts Dr,43.591471,-79.650294
1839,1839.0,Matheson Blvd At Mclaughlin Rd,43.613079,-79.68414
1840,1840.0,Matheson Blvd At West Keaton Cres,43.614332,-79.68271
1844,1844.0,Rathburn Rd At Sherwoodtowne Blvd,43.599854,-79.639699
1846,1846.0,Matheson Blvd At Venice St,43.610762,-79.687542
1847,1847.0,Matheson Blvd At East Keaton Cres,43.615265,-79.679269
1848,1848.0,Bristol Rd At Sweetgrass Gate,43.594857,-79.685975
1850,1850.0,Argentia Rd At 3050 Argentia Rd,43.595945,-79.785494
1851,1851.0,Milverton Dr West Of Hurontario St,43.619999,-79.673777
1852,1852.0,Edwards Blvd At Statesman Dr,43.651062,-79.708274
1853,1853.0,Goreway Dr At Nashua Dr,43.710574,-79.622658
1854,1854.0,Bristol Rd At Kinglet Ave,43.593152,-79.687861
1857,1857.0,Bristol Rd At Mclaughlin Rd,43.602341,-79.672044
1861,1861.0,Central Pky At Copernicus Dr,43.58131,-79.638611
1862,1862.0,Central Pky West Of Copernicus Dr,43.579806,-79.640002
1863,1863.0,Redmond Rd At Naomi Cres,43.577598,-79.63907
1864,1864.0,Redmond Rd At Fairview Rd,43.575708,-79.636131
1865,1865.0,Fairview Rd At Luzon Cres,43.5772,-79.633658
1866,1866.0,Fairview Rd At Ukraine Rd,43.578841,-79.631614
1867,1867.0,Fairview Rd At Dragon Dr,43.580439,-79.63195
1868,1868.0,Confederation Pky At Fairview Rd,43.58125,-79.630975
1870,1870.0,Fairview Rd At Lech Walesa Dr,43.579727,-79.631929
1871,1871.0,Fairview Rd At Latvia Crt,43.578092,-79.632201
1872,1872.0,Fairview Rd At Luzon Cres,43.57744,-79.633442
1873,1873.0,Redmond Rd At Fairview Rd,43.57586,-79.636103
1874,1874.0,Redmond Rd At Ashdene Ave,43.577558,-79.638752
1875,1875.0,Redmond Rd At Central Pky,43.578823,-79.640644
1876,1876.0,Central Pky At Copernicus Dr,43.580548,-79.638821
1877,1877.0,Mclaughlin Rd South Of Bristol Rd,43.601139,-79.669196
1878,1878.0,Central Pky At Central Pky Station,43.606835,-79.63549
1879,1879.0,Mclaughlin Rd At Eglinton Ave,43.597319,-79.664006
1881,1881.0,Britannia Rd East Of Greensboro Dr,43.572602,-79.739758
1883,1883.0,Britannia Rd At Brookside Dr,43.586712,-79.724413
1884,1884.0,Rose Cherry Pl South Of Paramount Centre,43.630023,-79.651614
1886,1886.0,Britannia Rd At Sundance Pl Walkway,43.576645,-79.73566
1887,1887.0,Britannia Rd At Glen Erin Dr,43.574144,-79.738416
1888,1888.0,Hurontario St At Superior Blvd,43.641539,-79.699771
1889,1889.0,Hurontario St At Skyway Dr,43.640769,-79.699366
1890,1890.0,Columbus Rd South Of Derry Rd,43.671058,-79.677389
1891,1891.0,Columbus Rd South Of Davand Dr,43.669515,-79.675537
1892,1892.0,Columbus Rd At 6760 Columbus Rd,43.666324,-79.671682
1893,1893.0,Columbus Rd North Of Mid-Way Blvd,43.664911,-79.669809
1894,1894.0,Mid-Way Blvd At Davand Dr,43.666709,-79.666458
1895,1895.0,Mid-Way Blvd At Dixie Rd,43.66762,-79.665035
1896,1896.0,Eglinton Ave East Of Creditview Rd,43.578382,-79.68451
1897,1897.0,Eglinton Ave At East Mill Rd,43.581019,-79.682087
1898,1898.0,Hurontario St At Aldridge St,43.623018,-79.675468
1899,1899.0,Hurontario St At Traders Blvd,43.622909,-79.674603
1900,1900.0,Hurontario St At Eglinton Ave,43.607455,-79.653542
1901,1901.0,Hurontario St At Nahani Way,43.609226,-79.656316
1902,1902.0,Hurontario St At King St,43.578736,-79.61393
1904,1904.0,Britannia Rd At Hurontario St,43.62662,-79.679417
1905,1905.0,Hurontario St At World Dr,43.633785,-79.689327
1906,1906.0,Hurontario St At Ambassador Dr,43.639656,-79.697245
1907,1907.0,Hurontario St At Derry Rd,43.645837,-79.705568
1908,1908.0,Hurontario St At Topflight Dr,43.650042,-79.711359
1909,1909.0,Hurontario St At County Court Blvd,43.658577,-79.723103
1911,1911.0,Eglinton Ave At Creditview Rd,43.577536,-79.685346
1912,1912.0,Hurontario St South Of Derry Rd,43.645176,-79.70526
1913,1913.0,Hurontario St At Hansa Haus Dr,43.638867,-79.696791
1914,1914.0,Hurontario St At Capston Dr,43.633471,-79.689482
1915,1915.0,Hurontario St At Kingsbridge Garden Cir,43.604159,-79.649626
1916,1916.0,Hurontario St At Elia Ave,43.604588,-79.649431
1917,1917.0,Hurontario St At Andrika Crt,43.618022,-79.6686
1918,1918.0,Hurontario St At Glenn Hawthorne Blvd,43.612241,-79.660797
1919,1919.0,Hurontario St At Eglinton Ave,43.605993,-79.652148
1920,1920.0,Matheson Blvd East Of Hurontario St,43.620135,-79.669074
1925,1925.0,Matheson Blvd East Of Hurontario St,43.620314,-79.66926
1927,1927.0,Britannia Rd East Of Hurontario St,43.627256,-79.678313
1931,1931.0,Britannia Rd At Wallace St,43.631985,-79.671515
1932,1932.0,Britannia Rd At Kennedy Rd,43.633998,-79.6665
1933,1933.0,Kennedy Rd At Brunel Rd,43.632815,-79.664666
1934,1934.0,Kennedy Rd At Traders Blvd,43.631223,-79.662545
1935,1935.0,Watline Ave West Of Kennedy Rd,43.628354,-79.66205
1936,1936.0,Watline Ave At 309 Watline Ave,43.627268,-79.664616
1937,1937.0,Watline Ave At 201 Watline Ave,43.6251,-79.667899
1939,1939.0,Traders Blvd At 180 Traders Blvd,43.627094,-79.669776
1940,1940.0,Traders Blvd At 324 Traders Blvd,43.628952,-79.666214
1941,1941.0,Matheson Blvd At 254 Matheson Blvd,43.622873,-79.662197
1943,1943.0,Matheson Blvd West Of Mcadam Rd,43.623864,-79.659237
1944,1944.0,Whittle Rd At Traders Blvd,43.624562,-79.671926
1945,1945.0,Watline Ave At 249 Watline Ave,43.626753,-79.666052
1946,1946.0,Matheson Blvd At Whittle Rd,43.621758,-79.667082
1948,1948.0,Britannia Rd At Whittle Rd,43.62811,-79.677426
1949,1949.0,Hurontario St At Britannia Rd,43.626285,-79.679226
1950,1950.0,Hurontario St At Bristol Rd,43.614474,-79.663176
1951,1951.0,Hurontario St At Bristol Rd,43.614509,-79.663857
1952,1952.0,Eglinton Ave At Guildwood Way,43.59525,-79.666191
1953,1953.0,Eglinton Ave At Mavis Rd,43.592638,-79.669197
1954,1954.0,Eglinton Ave At Mavis Rd,43.591936,-79.669262
1955,1955.0,Eglinton Ave At Heritage Hills Blvd,43.600173,-79.660643
1956,1956.0,Eglinton Ave At Heritage Hills Blvd,43.599491,-79.660832
1957,1957.0,Eglinton Ave At Guildwood Way,43.594497,-79.666468
1959,1959.0,Hurontario St At Ceremonial Dr,43.609304,-79.656835
1960,1960.0,Hurontario St At Matheson Blvd,43.619241,-79.669664
1961,1961.0,Hurontario St At Watline Ave,43.620942,-79.671895
1962,1962.0,Eglinton Ave At Mclaughlin Rd,43.597496,-79.66349
1963,1963.0,Eglinton Ave At Fallingbrook Dr,43.583721,-79.679067
1966,1966.0,Eglinton Ave East Of Willow Creek Dr,43.585138,-79.676993
1967,1967.0,Eglinton Ave At Confederation Pky,43.596994,-79.663662
1968,1968.0,Hurontario St South Of Britannia Rd,43.625241,-79.678444
1969,1969.0,Hurontario St At Milverton Dr,43.621106,-79.672833
1970,1970.0,Kingsbridge Garden Cir At Tucana Crt,43.602672,-79.650329
1971,1971.0,Kingsbridge Garden Cir At South Regents Terr,43.60115,-79.651056
1972,1972.0,Kingsbridge Garden Cir At Dunedin Cres,43.599465,-79.652482
1973,1973.0,Kingsbridge Garden Cir At Huntington Ridge Dr,43.599451,-79.654316
1974,1974.0,Kingsbridge Garden Cir At North Regents Terr,43.601591,-79.656424
1975,1975.0,Kariya Dr At Burnhamthorpe Rd,43.591392,-79.637573
1976,1976.0,Eglinton Ave At Kingsbridge Garden Cir,43.60214,-79.657911
1977,1977.0,Kingsbridge Garden Cir At Winfield Terr,43.600654,-79.65637
1978,1978.0,Kingsbridge Garden Cir At Huntington Ridge Dr,43.599485,-79.654922
1979,1979.0,Kingsbridge Garden Cir At Kingston Crt,43.59926,-79.652672
1980,1980.0,Hurontario St At Matheson Blvd,43.619542,-79.670736
1981,1981.0,Kennedy Rd At Dakota Rd,43.618166,-79.644851
1983,1983.0,Brandon Gate Dr At Middleshire Dr,43.733584,-79.637781
1984,1984.0,Brandon Gate Dr At Middleshire Dr,43.733509,-79.637484
1985,1985.0,Kingsbridge Garden Cir At Jenkins Cr,43.600745,-79.651053
1986,1986.0,Kingsbridge Garden Cir At Tucana Crt,43.602866,-79.649965
1987,1987.0,Kennedy Rd At Eglinton Ave,43.616483,-79.642646
1988,1988.0,Eglinton Ave At Delaware Dr,43.613068,-79.646168
1989,1989.0,Britannia Rd At 190 Britannia Rd,43.630216,-79.674963
1990,1990.0,Ceremonial Dr At Sunrise Crt,43.59811,-79.670125
1991,1991.0,Eglinton Ave East Of Hurontario St,43.607356,-79.652021
1992,1992.0,Eglinton Ave At Huron Heights Dr,43.612565,-79.646278
1993,1993.0,Kennedy Rd At Candlestick Cir,43.617356,-79.643357
1994,1994.0,Traders Blvd At Kennedy Rd,43.630941,-79.66229
1998,1998.0,Eglinton Ave At Terry Fox Way,43.587969,-79.674205
1999,1999.0,Eglinton Ave At Wainscot Dr,43.587316,-79.674579
2003,2003.0,Dixie Rd At Aerowood Dr,43.644452,-79.633039
2004,2004.0,Dixie Rd At Matheson Blvd,43.641961,-79.62955
2005,2005.0,Dixie Rd South Of Matheson Blvd,43.640424,-79.62745
2007,2007.0,Dixie Rd At Aimco Blvd,43.638721,-79.625136
2008,2008.0,Dixie Rd At Eglinton Ave,43.636002,-79.621392
2009,2009.0,Aimco Blvd At Dixie Rd,43.638052,-79.624915
2010,2010.0,Dixie Rd At Crestlawn Dr,43.634052,-79.618746
2011,2011.0,Dixie Rd At South Gateway Rd,43.631919,-79.61582
2012,2012.0,Eglinton Ave At Maingate Dr,43.629866,-79.627036
2013,2013.0,Eglinton Ave At Burgoyne St,43.632424,-79.624151
2014,2014.0,Eglinton Ave At Dixie Rd,43.63621,-79.619986
2015,2015.0,Eglinton Ave At Matheson Blvd,43.638138,-79.617847
2016,2016.0,Eglinton Ave At Eastgate Pky,43.641015,-79.614567
2017,2017.0,Eglinton Ave At Rakely Crt,43.648985,-79.605705
2019,2019.0,Tomken Rd At Eglinton Ave,43.626811,-79.629845
2020,2020.0,Tomken Rd At Timberlea Blvd,43.628557,-79.634243
2021,2021.0,Tomken Rd At Pantera Dr,43.630585,-79.637469
2022,2022.0,Tomken Rd At Stacey Crt,43.631848,-79.639213
2023,2023.0,Tomken Rd At Kamato Rd,43.636754,-79.645871
2024,2024.0,Tomken Rd At Kamato Rd,43.636869,-79.646464
2025,2025.0,Tomken Rd At Matheson Blvd,43.63352,-79.64194
2026,2026.0,Tomken Rd At Pantera Dr,43.630718,-79.638074
2027,2027.0,Tomken Rd At South Timberlea Blvd,43.6285,-79.634777
2028,2028.0,Tomken Rd At Eglinton Ave,43.626659,-79.629935
2029,2029.0,Eglinton Ave At Centennial Park Blvd,43.655541,-79.598363
2030,2030.0,Eglinton Ave At Explorer Dr,43.659519,-79.594055
2031,2031.0,Eglinton Ave At Kennedy Rd,43.616906,-79.641868
2032,2032.0,Eglinton Ave At Commerce Blvd,43.662277,-79.591591
2033,2033.0,Eglinton Ave E At Spectrum Way,43.648935,-79.60621
2035,2035.0,Eglinton Ave At Matheson Blvd,43.638677,-79.617748
2037,2037.0,Eglinton Ave At Maingate Dr,43.630796,-79.626506
2038,2038.0,Eglinton Ave East Of Satellite Dr,43.653726,-79.600557
2039,2039.0,Eglinton Ave At Burgoyne St,43.633124,-79.623912
2040,2040.0,Dixie Rd At Aerowood Dr,43.64418,-79.631975
2041,2041.0,Dixie Rd At Matheson Blvd,43.642376,-79.629565
2042,2042.0,Dixie Rd North Of Aimco Blvd,43.640535,-79.626966
2043,2043.0,Dixie Rd At Aimco Blvd,43.638366,-79.624053
2044,2044.0,Orbitor Station East Platform A,43.65686,-79.598338
2045,2045.0,Dixie Rd At Eglinton Ave,43.63549,-79.620064
2046,2046.0,Dixie Rd At Crestlawn Dr,43.633641,-79.617528
2047,2047.0,Dixie Rd At South Gateway Rd,43.631802,-79.614983
2048,2048.0,Eglinton Ave At Tomken Rd,43.626558,-79.630532
2052,2052.0,Tomken Rd At Stacey Crt,43.632035,-79.639804
2058,2058.0,Erin Mills Pky At Britannia Rd,43.578343,-79.732875
2059,2059.0,Explorer Dr East Of Shuttle Dr,43.66355,-79.599639
2061,2061.0,Explorer Dr South Of Matheson Blvd,43.661656,-79.596961
2063,2063.0,Britannia Rd West Of Erin Mills Pky,43.578032,-79.734096
2065,2065.0,Maingate Dr South Of Matheson Blvd,43.634927,-79.634607
2066,2066.0,Eglinton Ave At Commerce Blvd,43.662633,-79.590567
2070,2070.0,Creekbank Rd At Sismet Rd,43.647512,-79.619046
2077,2077.0,Matheson Blvd At Dixie Rd,43.642186,-79.630791
2078,2078.0,Matheson Blvd At Ambler Dr,43.640415,-79.632784
2079,2079.0,Ambler Dr At Aerowood Dr,43.641812,-79.635108
2080,2080.0,Kamato Rd At Ambler Dr,43.643603,-79.638861
2081,2081.0,Kamato Rd At Aerowood Dr,43.641008,-79.641685
2082,2082.0,Kamato Rd At Ambler Dr,43.638901,-79.644001
2083,2083.0,Eglinton Ave West Of Tomken Rd,43.626166,-79.631607
2084,2084.0,Matheson Blvd At Tomken Rd,43.633166,-79.641705
2094,2094.0,Tomken Rd At Matheson Blvd,43.633293,-79.641149
2095,2095.0,Matheson Blvd At Maingate Dr,43.636048,-79.637271
2096,2096.0,Maingate Dr At Haultain Crt,43.634149,-79.632814
2097,2097.0,Aimco Blvd At Maingate Dr,43.633077,-79.630483
2098,2098.0,Aimco Blvd At Bradco Blvd,43.634569,-79.628813
2099,2099.0,Aimco Blvd At General Rd,43.636347,-79.626851
2100,2100.0,Bristol Rd At Frank Mckechnie Community Centre,43.617247,-79.653906
2101,2101.0,Erin Mills Pky At Windwood Dr,43.580783,-79.736099
2103,2103.0,Britannia Rd At Rodeo Dr,43.614554,-79.69262
2104,2104.0,Indian Rd At Infinity St,43.545948,-79.607663
2105,2105.0,Bristol Rd At Loonlake Ave,43.591101,-79.690137
2106,2106.0,Bristol Rd At Whitehorn Ave,43.588595,-79.694953
2107,2107.0,Glen Erin Dr At South Meadowvale Town Ctr Cir,43.583934,-79.755772
2108,2108.0,Derry Rd At Argentia Rd,43.600775,-79.756974
2109,2109.0,Syntex Dr At Derry Rd,43.604932,-79.755042
2110,2110.0,Syntex Dr At Meadowvale Blvd,43.606198,-79.758027
2111,2111.0,Bristol Rd At Creditview Rd,43.587018,-79.697204
2112,2112.0,Bristol Rd At Whitehorn Ave,43.588262,-79.694997
2113,2113.0,Bristol Rd At Fallingbrook Dr,43.589551,-79.692703
2114,2114.0,Bristol Rd At Segriff Dr,43.590703,-79.690299
2116,2116.0,Rexwood Rd West Of Netherbrae Rd,43.717978,-79.627024
2117,2117.0,Southdown Rd South Of Orr Rd,43.503445,-79.619971
2118,2118.0,Explorer Dr At 5302 Explorer Dr,43.663056,-79.598944
2119,2119.0,Explorer Dr At 5201 Explorer Dr,43.664045,-79.600322
2120,2120.0,Bristol Rd At Lismic Blvd,43.592394,-79.688361
2121,2121.0,Courtneypark Dr East Of Tomken Rd,43.65604,-79.667351
2122,2122.0,Terry Fox Way At Matheson Blvd,43.603024,-79.695129
2123,2123.0,Indian Rd At Madigans Lane,43.546298,-79.607531
2124,2124.0,Orbitor Station West Platform B,43.657076,-79.598473
2125,2125.0,Erin Mills Pky At Windwood Dr,43.580459,-79.73615
2126,2126.0,Erin Mills Pky At Britannia Rd,43.57877,-79.734055
2127,2127.0,Meadowvale Town Centre Bus Terminal Platform E,43.583087,-79.758584
2128,2128.0,Credit Valley Hospital,43.558714,-79.703658
2129,2129.0,Dream Crest Rd At Rick Hansen Secondary School,43.589782,-79.683048
2130,2130.0,Ceremonial Dr At Sunrise Crt,43.597817,-79.670131
2131,2131.0,Meadowvale Blvd At West Credit Ave,43.608989,-79.758007
2133,2133.0,Kennedy Rd At Watline Ave,43.629454,-79.659807
2134,2134.0,Derry Rd At Argentia Rd,43.601753,-79.756629
2135,2135.0,Derry Rd At Millcreek Dr,43.597571,-79.76119
2136,2136.0,Explorer Dr North Of Matheson Blvd,43.663472,-79.599108
2137,2137.0,Mavis Rd South Of Winterton Way,43.594538,-79.673095
2139,2139.0,Tranmere Dr At 7090 Tranmere Dr,43.68365,-79.667658
2140,2140.0,Kariya Dr At North Enfield Pl,43.590665,-79.636517
2144,2144.0,Matheson Blvd At Orbitor Dr,43.657746,-79.603706
2145,2145.0,Matheson Blvd At East Explorer Dr,43.662461,-79.598945
2147,2147.0,Skymark Ave At Explorer Dr,43.661607,-79.595303
2149,2149.0,Tranmere Dr At Telford Way,43.681455,-79.670246
2153,2153.0,Millers Grove At Colebrook Cres,43.573413,-79.759731
2154,2154.0,Millers Grove At Arnett Crt,43.574856,-79.760616
2155,2155.0,Tomken Rd At Timberlea Blvd,43.639023,-79.648957
2156,2156.0,Tomken Rd At Britannia Rd,43.645711,-79.657945
2157,2157.0,Tomken Rd At Timberlea Blvd,43.63912,-79.649525
2158,2158.0,Syntex Dr At Derry Rd,43.605128,-79.755786
2159,2159.0,Syntex Dr At Meadowvale Blvd,43.60612,-79.757528
2160,2160.0,Meadowvale Blvd At West Credit Ave,43.608581,-79.757755
2161,2161.0,Tranmere Dr At Gage Crt,43.686947,-79.66931
2162,2162.0,Tranmere Dr At Drew Rd,43.688418,-79.671213
2163,2163.0,Drew Rd At Bramalea Rd,43.689387,-79.6701
2164,2164.0,Drew Rd At David Hunting Dr,43.692936,-79.666348
2165,2165.0,Erin Mills Pky North Of Credit Valley Rd,43.557145,-79.702986
2166,2166.0,Mclaughlin Rd South Of Avonwick Ave,43.609552,-79.680485
2167,2167.0,Mclaughlin Rd At Matheson Blvd,43.612845,-79.684961
2168,2168.0,Falconer Dr South Of Alpha Mills Rd,43.592926,-79.725234
2169,2169.0,Falconer Dr North Of Matlock Ave,43.5926,-79.724913
2170,2170.0,Erin Centre Blvd At John Fraser Secondary School,43.559544,-79.715267
2171,2171.0,Tranmere Dr At 7830 Tranmere Dr,43.681463,-79.674753
2172,2172.0,Tranmere Dr South Of Drew Rd,43.682318,-79.677824
2173,2173.0,Creditview Rd At Bristol Rd,43.58689,-79.697647
2175,2175.0,Torbram Rd At Drew Rd,43.699372,-79.659786
2176,2176.0,Drew Rd At Kimbel St,43.695801,-79.663406
2177,2177.0,Drew Rd At David Hunting Dr,43.693658,-79.665786
2179,2179.0,Tranmere Dr South Of Drew Rd,43.687928,-79.670839
2180,2180.0,Tranmere Dr At Gage Crt,43.68673,-79.669253
2181,2181.0,Britannia Rd At Terry Fox Way,43.607029,-79.701173
2182,2182.0,Hurontario/407 Park And Ride Platform A,43.65228,-79.71063
2185,2185.0,Tomken Rd At Brevik Pl,43.634827,-79.643634
2186,2186.0,Drew Rd At Dixie Rd,43.682422,-79.680283
2188,2188.0,Drew Rd At Tranmere Dr,43.682602,-79.679021
2189,2189.0,Tranmere Dr South Of Drew Rd,43.681609,-79.675693
2190,2190.0,Tranmere Dr At Telford Way,43.680929,-79.670572
2191,2191.0,Tranmere Dr East Of Telford Way,43.684187,-79.666629
2192,2192.0,Tranmere Dr At Boylen Rd,43.686086,-79.668063
2193,2193.0,Glen Erin Dr At South Windwood Dr,43.576204,-79.739806
2194,2194.0,Glen Erin Dr At South Windwood Dr,43.576019,-79.739315
2195,2195.0,Terry Fox Way At Matheson Blvd,43.602808,-79.695269
2196,2196.0,Glen Erin Dr South Of Battleford Rd,43.582361,-79.7536
2197,2197.0,Bristol Rd At Sweetgrass Gate,43.593672,-79.686964
2198,2198.0,Carlingview Dr At Dixon Rd,43.686949,-79.595482
2199,2199.0,Glen Erin Dr At North Meadowvale Town Ctr Cir,43.585197,-79.757592
2200,2200.0,Aquitaine Ave At Millcreek Dr,43.594631,-79.756262
2201,2201.0,Aquitaine Ave West Of Millcreek Dr,43.592859,-79.756187
2202,2202.0,Montevideo Rd North Of Aquitaine Ave,43.590365,-79.756866
2203,2203.0,Eglinton Ave At Winston Churchill Blvd,43.549522,-79.716876
2204,2204.0,Montevideo Rd At Segovia Rd,43.592753,-79.757833
2205,2205.0,Montevideo Rd At Trondheim Cres,43.594358,-79.75806
2206,2206.0,Montevideo Rd At Estoril Rd,43.59482,-79.759141
2207,2207.0,Montevideo Rd At Derry Rd,43.594808,-79.762994
2208,2208.0,Montevideo Rd At Canberra Rd,43.591341,-79.757998
2210,2210.0,Carlingview Dr At Dixon Rd,43.68686,-79.595735
2211,2211.0,Campus Rd At Bresler Dr,43.687797,-79.606391
2212,2212.0,Winston Churchill Blvd At Destination Dr,43.5511,-79.720496
2213,2213.0,Sorrento Dr At Trudeau Ave,43.607722,-79.648716
2214,2214.0,Campus Rd At Bresler Dr,43.687597,-79.606409
2215,2215.0,Rose Cherry Pl At Coopers Ave,43.632493,-79.660356
2216,2216.0,Hurontario St At Strathaven Dr,43.610255,-79.658102
2217,2217.0,Bloor St At Mississauga Valley Blvd,43.598911,-79.612897
2218,2218.0,American Dr At Viscount Rd,43.691726,-79.618841
2219,2219.0,Cawthra Rd At Santee Gate,43.599259,-79.606744
2220,2220.0,Cawthra Rd At Silver Creek Blvd,43.597217,-79.603929
2221,2221.0,Cawthra Rd At Silver Creek Blvd,43.596908,-79.602995
2223,2223.0,Aquitaine Ave East Of Glen Erin Dr,43.586728,-79.758105
2224,2224.0,Aquitaine Ave At Montevideo Rd,43.59,-79.755922
2225,2225.0,Montevideo Rd At Barrisdale Dr,43.590495,-79.753073
2226,2226.0,Montevideo Rd At Treviso Crt,43.586888,-79.749282
2227,2227.0,Creditview Rd At Pickwick Dr,43.592403,-79.705153
2228,2228.0,Meadowvale Town Centre Bus Terminal Platform C,43.583458,-79.759032
2229,2229.0,Creditview Rd At Willow Way,43.59055,-79.702585
2230,2230.0,Viscount Rd At American Dr,43.691479,-79.619032
2232,2232.0,Montevideo Rd At Arles Mews,43.57889,-79.754018
2233,2233.0,Montevideo Rd At Neuchatel Rd,43.576748,-79.751647
2234,2234.0,Montevideo Rd At Lorca Cres,43.578322,-79.749807
2235,2235.0,Montevideo Rd At Atherly Cres,43.579725,-79.748541
2236,2236.0,Glen Erin Dr At North Windwood Dr,43.578895,-79.745764
2238,2238.0,Windwood Dr At Townwood Crt,43.574248,-79.747786
2239,2239.0,Windwood Dr At Oka Rd,43.573131,-79.746273
2240,2240.0,Windwood Dr At Paddle Rd,43.572201,-79.74337
2241,2241.0,Windwood Dr At Bucklepost Cres,43.575343,-79.740865
2242,2242.0,Windwood Dr At Glen Erin Dr,43.575934,-79.739762
2243,2243.0,Windwood Dr At Featherhead Cres,43.577832,-79.737134
2244,2244.0,Meadowvale Town Centre Bus Terminal Platform B,43.583618,-79.759036
2245,2245.0,Windwood Dr At Wabukayne Crt,43.579569,-79.73711
2246,2246.0,Windwood Dr At Cheega Crt,43.578319,-79.737273
2247,2247.0,Windwood Dr At Glen Erin Dr,43.576289,-79.739309
2248,2248.0,Windwood Dr West Of Glen Erin Dr,43.57464,-79.741672
2249,2249.0,Windwood Dr At Bucklepost Cres,43.572459,-79.743092
2250,2250.0,Windwood Dr At Starfield Cres,43.573008,-79.745757
2251,2251.0,Montevideo Rd At Valencia Rd,43.588921,-79.750739
2252,2252.0,Britannia Rd W At Latimer Dr,43.608936,-79.698999
2253,2253.0,Montevideo Rd At Atherly Cres,43.579719,-79.748732
2254,2254.0,Montevideo Rd At Lorca Cres,43.578538,-79.749839
2255,2255.0,Montevideo Rd At Neuchatel Rd,43.57688,-79.7513
2256,2256.0,Montevideo Rd At Arles Mews,43.578509,-79.753692
2257,2257.0,Montevideo Rd East Of Corfu Rd,43.580607,-79.752881
2258,2258.0,Glen Erin Dr At Battleford Rd,43.582531,-79.753435
2259,2259.0,Creditview Rd South Of Britannia Rd,43.595794,-79.709732
2260,2260.0,Creditview Rd At Highbrook Ave,43.593967,-79.707245
2262,2262.0,Montevideo Rd At Eastridge Rd,43.587251,-79.749486
2263,2263.0,Montevideo Rd At Barrisdale Dr,43.590718,-79.752845
2264,2264.0,Aquitaine Ave West Of Montevideo Rd,43.589494,-79.756265
2265,2265.0,Aquitaine Ave At Glen Erin Dr,43.586568,-79.75874
2266,2266.0,Meadowvale Town Centre Bus Terminal Platform J,43.583907,-79.758831
2267,2267.0,Cawthra Rd At Santee Gate,43.5993,-79.606421
2268,2268.0,Bloor St At Cawthra Rd,43.600681,-79.610379
2269,2269.0,Bloor St At Mississauga Valley Blvd,43.59925,-79.612642
2270,2270.0,Eglinton Ave At White Clover Way,43.580387,-79.682217
2271,2271.0,Eglinton Ave At Willow Creek Dr,43.583093,-79.679267
2272,2272.0,Copenhagen Rd At Oslo Cres,43.591435,-79.769195
2273,2273.0,Copenhagen Rd At Bendigo Cir,43.59187,-79.771973
2274,2274.0,Copenhagen Rd At Joliette Cres,43.593825,-79.771111
2275,2275.0,Copenhagen Rd At Tamar Mews,43.595021,-79.768527
2276,2276.0,Copenhagen Rd At Fayette Cir,43.596283,-79.767052
2277,2277.0,Copenhagen Rd At Derry Rd,43.59516,-79.763903
2278,2278.0,Montevideo Rd At Gananoque Dr,43.594397,-79.762494
2279,2279.0,Montevideo Rd At Estoril Rd,43.594797,-79.759488
2280,2280.0,Montevideo Rd At Trondheim Cres,43.593807,-79.757898
2281,2281.0,Montevideo Rd At Canberra Rd,43.591541,-79.75813
2282,2282.0,Glen Erin Dr At Aquitaine Ave,43.586393,-79.759202
2283,2283.0,Eglinton Ave At Hurontario St,43.606369,-79.65307
2284,2284.0,Aquitaine Ave East Of Montevideo Rd,43.593194,-79.755952
2290,2290.0,Aquitaine Ave At Formentera Ave,43.584323,-79.761809
2291,2291.0,Eglinton Ave East Of Kingsbridge Garden Cir,43.60518,-79.65451
2292,2292.0,Copenhagen Rd At Cadiz Cr,43.596222,-79.764699
2293,2293.0,Glen Erin Dr At Meadowvale Community Centre,43.585115,-79.757021
2294,2294.0,Rexdale Blvd At Woodbine Centre,43.719114,-79.603748
2295,2295.0,Copenhagen Rd At Fayette Cir,43.596585,-79.767042
2298,2298.0,Montevideo Rd At Valencia Rd,43.588873,-79.750505
2300,2300.0,Argentia Rd At Kitimat Rd,43.603791,-79.736343
2301,2301.0,Argentia Rd At Mississauga Rd,43.601549,-79.738845
2302,2302.0,Argentia Rd At East Century Ave,43.600248,-79.741659
2303,2303.0,Turner Valley Rd At Torquay Mews,43.597613,-79.740488
2305,2305.0,Millcreek Dr North Of Erin Mills Pky,43.590554,-79.742046
2307,2307.0,Millcreek Dr At Millrace Crt,43.59241,-79.745998
2309,2309.0,Millcreek Dr North Of Millrace Crt,43.593961,-79.749291
2310,2310.0,Millcreek Dr At Millrace Crt,43.59269,-79.746908
2312,2312.0,Millcreek Dr At Surveyor Rd,43.590685,-79.743233
2314,2314.0,Argentia Rd At East Century Ave,43.599397,-79.742135
2315,2315.0,Argentia Rd At Mississauga Rd,43.601138,-79.739125
2316,2316.0,Argentia Rd At Kitimat Rd,43.603299,-79.736651
2317,2317.0,Lakeshore Rd At Hazelhurst Rd,43.488065,-79.622919
2318,2318.0,Creditview Rd At Willowvale Gdns,43.582826,-79.691685
2319,2319.0,Winston Churchill Blvd North Of Lakeshore Rd,43.484329,-79.628801
2320,2320.0,Airport Rd At Hull St,43.704213,-79.643026
2321,2321.0,Airport Rd At Ripon St,43.706285,-79.64535
2322,2322.0,Airport Rd At Victory Cres,43.707585,-79.647232
2323,2323.0,Morning Star Dr At Collet Rd,43.710011,-79.649809
2324,2324.0,Morning Star Dr At Lancaster Ave,43.712774,-79.647432
2325,2325.0,Windwood Dr At Townwood Crt,43.574227,-79.747567
2326,2326.0,Meadowvale Go Station Platform 3,43.596157,-79.755435
2327,2327.0,Britannia Rd At Latimer Dr,43.609449,-79.698976
2328,2328.0,Derry Rd At Danton Promenade,43.586359,-79.773584
2329,2329.0,Winston Churchill Blvd At Deer Run,43.487508,-79.633108
2331,2331.0,Coopers Ave At Rose Cherry Pl,43.632421,-79.660212
2332,2332.0,Paisley Blvd At Confederation Pky,43.573882,-79.613611
2333,2333.0,Southdown Rd At Lakeshore Rd,43.499147,-79.614295
2334,2334.0,Winston Churchill Blvd At Derry Rd,43.588237,-79.771539
2335,2335.0,Creditview Rd At South Parade Crt,43.576141,-79.683056
2336,2336.0,Aquitaine Ave At Millcreek Dr,43.594836,-79.755937
2338,2338.0,Erin Mills Pky At Millcreek Dr,43.591011,-79.740547
2339,2339.0,Lakeshore Rd 2391 Lakeshore Rd,43.490651,-79.620077
2340,2340.0,Derry Rd At Danton Promenade,43.585847,-79.773706
2341,2341.0,Dixie Rd South Of Drew Rd,43.677896,-79.678426
2344,2344.0,Matheson Blvd At Satellite Dr,43.655165,-79.607532
2347,2347.0,Kitimat Rd South Of Argentia Rd,43.599851,-79.733579
2348,2348.0,Lakeshore Rd West Of Southdown Rd,43.493967,-79.616502
2349,2349.0,Creditview Rd North Of Britannia Rd,43.598451,-79.712928
2350,2350.0,Winston Churchill Blvd North Of Beryl Rd,43.495277,-79.64375
2351,2351.0,Royal Windsor Dr East Of Winston Churchill Blvd,43.497857,-79.644023
2352,2352.0,Royal Windsor Dr At 2480 Royal Windsor Dr,43.499169,-79.642593
2353,2353.0,Royal Windsor Dr At Avonhead Rd,43.504876,-79.636404
2356,2356.0,Mississauga Rd South Of Badminton Dr,43.562976,-79.688448
2357,2357.0,Winston Churchill Blvd At Hazelton Pl,43.551051,-79.71988
2358,2358.0,Inverhouse Dr South Of Lakeshore Rd,43.512913,-79.626313
2360,2360.0,Morning Star Dr At Reindeer Dr,43.71469,-79.646551
2361,2361.0,Morning Star Dr At Netherwood Rd,43.716025,-79.645937
2362,2362.0,Morning Star Dr At Netherwood Rd,43.716027,-79.646098
2363,2363.0,Morning Star Dr At Morning Star Middle School,43.714008,-79.647004
2364,2364.0,Morning Star Dr At Manion Rd,43.712583,-79.647714
2365,2365.0,Airport Rd At Morning Star Dr,43.709203,-79.65005
2366,2366.0,Airport Rd At Beverley St,43.707601,-79.64779
2367,2367.0,Airport Rd At Ripon St,43.705797,-79.645249
2368,2368.0,Airport Rd At Hull St,43.70428,-79.643347
2369,2369.0,Millcreek Dr North Of Millrace Crt,43.594146,-79.749236
2371,2371.0,Argentia Rd At Turner Valley Rd,43.598392,-79.742584
2372,2372.0,Argentia Rd West Of Turner Valley Rd,43.597303,-79.745862
2373,2373.0,Argentia Rd At 2283 Argentia Rd,43.598658,-79.74848
2374,2374.0,Argentia Rd At West Century Ave,43.600146,-79.752466
2375,2375.0,Argentia Rd At Derry Rd,43.601236,-79.756202
2376,2376.0,Meadowvale Blvd At Mississauga Rd,43.612852,-79.754705
2377,2377.0,Argentia Rd At Campobello Rd,43.60783,-79.72958
2378,2378.0,Argentia Rd At 1705 Argentia Rd,43.605084,-79.73249
2379,2379.0,Argentia Rd At Derry Rd,43.600887,-79.755902
2380,2380.0,Argentia Rd At West Century Ave,43.600126,-79.75336
2381,2381.0,Argentia Rd At 2290 Argentia Rd,43.598834,-79.74906
2382,2382.0,Argentia Rd At 2220 Argentia Rd,43.597282,-79.746364
2383,2383.0,Argentia Rd At Turner Valley Rd,43.597716,-79.742538
2384,2384.0,Meadowvale Blvd At Fengate Dr,43.615065,-79.746331
2385,2385.0,Glen Erin Dr At Shelter Bay Rd,43.589065,-79.761001
2386,2386.0,Glen Erin Dr At Gananoque Dr,43.591413,-79.762964
2387,2387.0,Glen Erin Dr At Derry Rd,43.592725,-79.765229
2388,2388.0,Derry Rd At Montevideo Rd,43.594851,-79.763687
2389,2389.0,Derry Rd At Millcreek Dr,43.596962,-79.761488
2394,2394.0,Millers Grove At Colebrook Cres,43.573597,-79.75996
2395,2395.0,Derry Rd At Mclaughlin Rd,43.636133,-79.717051
2396,2396.0,Derry Rd At Saint Barbara Blvd,43.639157,-79.713802
2397,2397.0,Derry Rd At Maritz Dr,43.643063,-79.709359
2400,2400.0,Queen St South Of Church St,43.577505,-79.707937
2401,2401.0,Queen St At Princess St,43.578631,-79.709486
2402,2402.0,Queen St At Thomas St,43.580508,-79.71201
2403,2403.0,Queen St At Tannery St,43.582268,-79.714385
2404,2404.0,Queen St At Ontario St,43.584865,-79.717922
2405,2405.0,Queen St At Ellen St,43.586263,-79.719797
2406,2406.0,Queen St At Britannia Rd,43.588038,-79.722155
2407,2407.0,Queen St At Matlock Ave,43.58986,-79.72463
2408,2408.0,Matlock Ave At Falconer Dr,43.590794,-79.724214
2409,2409.0,Falconer Dr At Alpha Mills Rd,43.595482,-79.726679
2410,2410.0,Falconer Dr At Hyde Mill Cres,43.598421,-79.727102
2411,2411.0,Falconer Dr At Kenninghall Blvd,43.601186,-79.727469
2412,2412.0,Falconer Dr North Of Oakington Pl,43.60239,-79.728989
2413,2413.0,Falconer Dr South Of Kinsmen Gate,43.604151,-79.730838
2414,2414.0,Falconer Dr At Kinsmen Gate,43.605759,-79.729544
2415,2415.0,Mississauga Rd At Alpha Mills Rd,43.593237,-79.72918
2416,2416.0,Mavis Rd At Britannia Rd,43.612018,-79.695314
2417,2417.0,Argentia Rd West Of Campobello Rd,43.606087,-79.731216
2418,2418.0,Argentia Rd At Kinsmen Gate,43.606335,-79.730862
2419,2419.0,Mississauga Rd At Kitimat Rd,43.596715,-79.733851
2420,2420.0,Erin Mills Pky At Erin Centre Blvd,43.561885,-79.711304
2421,2421.0,Creditview Rd At Pickwick Dr,43.59216,-79.70444
2422,2422.0,Kinsmen Gate At Falconer Dr,43.605995,-79.729742
2423,2423.0,Falconer Dr South Of Kinsmen Gate,43.603938,-79.731006
2424,2424.0,Falconer Dr At 114 Falconer Dr,43.602387,-79.729353
2425,2425.0,Falconer Dr At Come By Chance Mews,43.601445,-79.727819
2426,2426.0,Falconer Dr At Bow River Cres,43.600338,-79.727546
2427,2427.0,Falconer Dr At Alpha Mills Rd,43.595551,-79.727048
2428,2428.0,Falconer Dr At Matlock Ave,43.591024,-79.724303
2429,2429.0,Queen St South Of Matlock Ave,43.58955,-79.724576
2430,2430.0,Kitimat Rd North Of Mississauga Rd,43.600454,-79.733628
2431,2431.0,Queen St At Henry St,43.586222,-79.720014
2432,2432.0,Queen St At Caroline St,43.584403,-79.717564
2433,2433.0,Queen St At Tannery St,43.581994,-79.714315
2434,2434.0,Queen St At Thomas St,43.580037,-79.711658
2435,2435.0,Queen St At Barry Ave,43.579209,-79.710514
2437,2437.0,Thomas St At Joymar Dr,43.577157,-79.715549
2438,2438.0,Thomas St At Gafney Dr,43.575522,-79.717317
2439,2439.0,Vista Dr At Turney Dr,43.574637,-79.718686
2440,2440.0,Vista Dr At Vista Blvd,43.575555,-79.720277
2441,2441.0,Vista Blvd At Vista Dr,43.575698,-79.723407
2442,2442.0,Vista Blvd At Sora Dr,43.575051,-79.725117
2443,2443.0,Vista Blvd At Turney Dr,43.573872,-79.726765
2448,2448.0,Thomas St At Mcfarren Blvd,43.575196,-79.717302
2452,2452.0,Queen St At Old Station Rd,43.576237,-79.70624
2453,2453.0,Queen St At Old Station Rd,43.576746,-79.707175
2454,2454.0,Windwood Dr At Wabukayne Crt,43.579352,-79.737003
2455,2455.0,Queen St North Of Kerr St,43.583626,-79.716551
2456,2456.0,Queen St North Of Kerr St,43.58385,-79.716534
2457,2457.0,Falconer Dr At North Hyde Mill Cres,43.599801,-79.727356
2458,2458.0,Britannia Rd At Winston Churchill Blvd,43.569151,-79.743569
2459,2459.0,Britannia Rd At Glen Erin Dr,43.574185,-79.737941
2460,2460.0,Britannia Rd At Erin Mills Pky,43.578116,-79.733574
2461,2461.0,Britannia Rd At Turney Dr,43.582603,-79.728566
2462,2462.0,Britannia Rd At Joymar Dr,43.584556,-79.726416
2463,2463.0,Britannia Rd At Brookside Dr,43.586341,-79.724389
2464,2464.0,Queen St South Of Britannia Rd,43.587749,-79.722124
2465,2465.0,Argentia Rd West Of Kitimat Rd,43.60309,-79.737375
2466,2466.0,Britannia Rd At Millcreek Dr,43.585024,-79.726309
2467,2467.0,Britannia Rd At Turney Dr,43.58239,-79.729248
2468,2468.0,Britannia Rd At Erin Mills Pky,43.579109,-79.732996
2469,2469.0,Britannia Rd West Of Glen Erin Dr,43.573024,-79.739674
2470,2470.0,Britannia Rd At Winston Churchill Blvd,43.569011,-79.744006
2471,2471.0,Britannia Rd At Paddle Rd,43.570747,-79.742211
2472,2472.0,Britannia Rd At Greensboro Dr,43.57028,-79.742258
2473,2473.0,Tomken Rd At Courtneypark Dr,43.654629,-79.6699
2474,2474.0,Tomken Rd At Pacific Cir,43.656944,-79.673011
2475,2475.0,Tomken Rd At Mid-Way Blvd,43.659934,-79.67675
2476,2476.0,Tomken Rd At Pacific Gate,43.662358,-79.680284
2477,2477.0,Tomken Rd At Derry Rd,43.665347,-79.684138
2478,2478.0,Tomken Rd At Gana Crt,43.666821,-79.686226
2479,2479.0,Tomken Rd At Cardiff Blvd,43.668522,-79.688583
2481,2481.0,Lorimar Dr South Of Cardiff Blvd,43.668489,-79.685657
2482,2482.0,Lorimar Dr At Maxwell Rd,43.669749,-79.683014
2483,2483.0,Derry Rd At Edwards Blvd,43.648253,-79.703458
2484,2484.0,Tomken Rd At Pacific Gate,43.662756,-79.681218
2485,2485.0,Tomken Rd At Mid-Way Blvd,43.660013,-79.677557
2486,2486.0,Tomken Rd At Pacific Cir,43.65724,-79.673761
2487,2487.0,Tomken Rd At Courtneypark Dr,43.654443,-79.670127
2488,2488.0,Tomken Rd At Tristar Dr,43.652833,-79.667918
2489,2489.0,Tomken Rd At Meyerside Dr,43.650866,-79.665283
2490,2490.0,Falconer Dr North Of Plainsman Rd,43.597569,-79.727894
2492,2492.0,Lorimar Dr East Of Maxwell Rd,43.671052,-79.68152
2493,2493.0,Cardiff Blvd At Khalsa Dr,43.673623,-79.680403
2494,2494.0,Tomken Rd At Derry Rd,43.665775,-79.685369
2495,2495.0,Creditview Rd At Britannia Rd,43.597394,-79.711467
2496,2496.0,Argentia Rd At Creditview Rd,43.608864,-79.727761
2497,2497.0,Derry Rd At Hurontario St,43.64571,-79.706277
2498,2498.0,Derry Rd At Kennedy Rd,43.655375,-79.695566
2499,2499.0,Derry Rd At Kennedy Rd,43.65677,-79.69464
2500,2500.0,Courtneypark Dr West Of Netherhart Rd,43.671166,-79.649601
2502,2502.0,Dixie Rd At Meyerside Dr,43.660236,-79.653819
2503,2503.0,Dixie Rd At Courtneypark Dr,43.663131,-79.657694
2505,2505.0,Financial Dr At 6768 Financial Dr,43.609928,-79.740141
2506,2506.0,Glen Erin Dr At Credit Valley Rd,43.552704,-79.707923
2507,2507.0,Derry Rd West Of Dixie Rd,43.674476,-79.675453
2508,2508.0,Glen Erin Dr At Eglinton Ave,43.553883,-79.71177
2509,2509.0,Cardiff Blvd At Transmark Crt,43.673664,-79.68314
2510,2510.0,Cardiff Blvd At Lorimar Dr,43.669541,-79.687904
2513,2513.0,Tomken Rd At Gana Crt,43.666863,-79.686746
2514,2514.0,Derry Rd At Tomken Rd,43.666156,-79.684008
2515,2515.0,Derry Rd At Maxwell Rd,43.66827,-79.681506
2516,2516.0,Derry Rd At Columbus Rd,43.671196,-79.678391
2517,2517.0,Creditview Rd At Willowvale Gdns,43.583128,-79.692482
2518,2518.0,Hurontario St At Derry Rd,43.646173,-79.70656
2519,2519.0,Burnhamthorpe Rd At Sussex Gate,43.592049,-79.636803
2520,2520.0,Dixie Rd At Courtneypark Dr,43.663569,-79.658999
2521,2521.0,Dixie Rd At Meyerside Dr,43.660577,-79.654923
2529,2529.0,Netherhart Rd At 6227 Netherhart Rd,43.665278,-79.643556
2536,2536.0,Hurontario St South Of Central Pky,43.588518,-79.628422
2538,2538.0,Netherhart Rd At Romani Crt,43.662647,-79.641953
2539,2539.0,Netherhart Rd North Of Romani Crt,43.664128,-79.643793
2540,2540.0,Netherhart Rd South Of Meyerside Dr,43.668027,-79.643097
2544,2544.0,Derry Rd At Terragar Blvd,43.581724,-79.778843
2545,2545.0,Derry Rd At Telford Way,43.680502,-79.66872
2546,2546.0,Derry Rd At Cardiff Blvd,43.672199,-79.677922
2547,2547.0,Derry Rd At Maxwell Rd,43.669379,-79.680874
2548,2548.0,Derry Rd At Tomken Rd,43.666269,-79.684477
2549,2549.0,Ambler Dr At Jayson Crt,43.639861,-79.645762
2550,2550.0,Derry Rd At Menkes Dr,43.67965,-79.669049
2551,2551.0,Bristol Rd East Of Swiftcurrent Trail,43.610856,-79.667496
2552,2552.0,Kennedy Rd At Watline Ave,43.629595,-79.660387
2553,2553.0,Derry Rd At Bramalea Rd,43.684441,-79.663658
2554,2554.0,Argentia Rd East Of Kitimat Rd,43.604512,-79.734024
2555,2555.0,Derry Rd At Vanguard Dr,43.690831,-79.65658
2556,2556.0,Derry Rd At Hurontario St,43.645769,-79.706735
2557,2557.0,Derry Rd At Derrycrest Dr,43.644099,-79.708754
2558,2558.0,Derry Rd At Saint Barbara Blvd,43.639509,-79.713827
2559,2559.0,Derry Rd At Mclaughlin Rd,43.636977,-79.716742
2560,2560.0,Glen Erin Dr At Hazelton Pl,43.555801,-79.714497
2561,2561.0,Glen Erin Dr At Erin Centre Blvd,43.557624,-79.717192
2562,2562.0,Derry Rd At West Credit Ave,43.608185,-79.754477
2564,2564.0,Derry Rd At Copenhagen Rd,43.595291,-79.763554
2565,2565.0,Glen Erin Dr At Derry Rd,43.592564,-79.765356
2566,2566.0,Glen Erin Dr At Gananoque Dr,43.591445,-79.763397
2567,2567.0,Glen Erin Dr At Shelter Bay Rd,43.588312,-79.760984
2568,2568.0,Glen Erin Dr At Inlake Crt,43.577712,-79.742648
2569,2569.0,Glen Erin Dr At North Windwood Dr,43.57854,-79.744943
2570,2570.0,Glen Erin Dr At Montevideo Rd,43.581647,-79.752598
2571,2571.0,Glen Erin Dr At Inlake Crt,43.577696,-79.743207
2572,2572.0,Britannia Rd East Of Glen Erin Dr,43.576102,-79.735834
2573,2573.0,Winston Churchill Blvd At Bayberry Dr,43.594744,-79.7805
2574,2574.0,Avebury Rd At Sandstone Dr,43.622823,-79.68193
2575,2575.0,Matheson Blvd East Of Matheson Blvd,43.646985,-79.624144
2577,2577.0,Robert Speck Pky At City Centre Dr,43.595264,-79.639877
2580,2580.0,Mavis Rd North Of Bristol Rd,43.600628,-79.682712
2581,2581.0,Aquitaine Ave At Winston Churchill Blvd,43.583154,-79.763369
2582,2582.0,Aquitaine Ave At Edenwood Dr,43.581893,-79.765166
2584,2584.0,Aquitaine Ave At Tenth Line,43.579194,-79.769556
2585,2585.0,Rathburn Rd At Living Arts Dr,43.59112,-79.650244
2587,2587.0,Trelawny Cir At Mockingbird Lane,43.578069,-79.770483
2588,2588.0,Aquitaine Ave At Edenwood Dr,43.581067,-79.76626
2589,2589.0,Aquitaine Ave At Winston Churchill Blvd,43.582562,-79.763814
2590,2590.0,Derry Rd At Edwards Blvd,43.64906,-79.70313
2591,2591.0,Cardiff Blvd West Of Transmark Crt,43.671594,-79.685564
2592,2592.0,Kitimat Rd At Mississauga Rd,43.597466,-79.733729
2594,2594.0,Creditview Rd South Of Derry Rd,43.613431,-79.743804
2595,2595.0,Netherhart Rd South Of Courtneypark Dr,43.671478,-79.647845
2596,2596.0,Courtneypark Dr At 1801 Courtneypark Dr,43.66922,-79.651815
2597,2597.0,Courtneypark Dr At 1750 Courtneypark Dr,43.66811,-79.653117
2598,2598.0,Courtneypark Dr At Van Deemter Crt,43.666314,-79.655093
2599,2599.0,Mississauga Rd At Alpha Mills Rd,43.593317,-79.729649
2601,2601.0,The Collegeway At South Millway,43.541585,-79.681671
2602,2602.0,Mavis Rd South Of  Preston Manor Dr,43.600907,-79.683462
2603,2603.0,Derry Rd At Cattrick St,43.699142,-79.647432
2605,2605.0,Dixie Rd At Shawson Dr,43.652982,-79.644664
2606,2606.0,Dixie Rd At Britannia Rd,43.654721,-79.647055
2607,2607.0,Derry Rd At Airport Rd,43.702934,-79.643005
2608,2608.0,Hurontario St At Strathaven Dr,43.610597,-79.658057
2609,2609.0,Meadowvale Blvd West Of Mississauga Rd,43.611113,-79.757083
2612,2612.0,Hurontario St At Sir Lou Dr,43.661751,-79.727662
2613,2613.0,Hurontario St At Ray Lawson Blvd,43.658607,-79.723592
2614,2614.0,Hurontario St At North County Court Blvd,43.661618,-79.726958
2615,2615.0,Dixie Rd North Of Derry Rd,43.679023,-79.679064
2616,2616.0,Brampton Gateway Terminal,43.666356,-79.73375
2617,2617.0,Winston Churchill Blvd At Derry Rd,43.588093,-79.770816
2618,2618.0,Explorer Dr At Shuttle Dr,43.662898,-79.604417
2619,2619.0,Explorer Dr At Shuttle Dr,43.663332,-79.603824
2621,2621.0,Eglinton Ave At Dixie Rd,43.636162,-79.620498
2622,2622.0,Queensway At Trillium Hospital,43.572075,-79.609828
2623,2623.0,Dixie Rd At Derry Rd,43.675931,-79.675001
2631,2631.0,Matheson Blvd West Of Creekbank Rd,43.647192,-79.624236
2632,2632.0,Dixie Rd At Drew Rd,43.681121,-79.682008
2634,2634.0,Drew Rd East Of Bramalea Rd,43.69057,-79.668857
2635,2635.0,Drew Rd At Bramalea Rd,43.689951,-79.669827
2636,2636.0,Glen Erin Dr At Britannia Rd,43.574403,-79.737355
2637,2637.0,Dixie Rd At Britannia Rd,43.65485,-79.64641
2638,2638.0,Dixie Rd At Shawson Dr,43.652081,-79.642871
2639,2639.0,Commerce Blvd North Of Skymark Ave,43.664278,-79.593438
2641,2641.0,Tomken Rd At Brevik Pl,43.634512,-79.642872
2642,2642.0,Tomken Rd At Meyerside Dr,43.650723,-79.664629
2643,2643.0,Tomken Rd At Tristar Dr,43.652727,-79.66735
2644,2644.0,Battleford Rd At Montevideo Rd,43.585129,-79.747312
2645,2645.0,Battleford Rd At Montevideo Rd,43.585033,-79.746794
2647,2647.0,Courtneypark Dr At Dixie Rd,43.662905,-79.658613
2648,2648.0,Battleford Rd At Erin Mills Pky,43.58564,-79.743003
2649,2649.0,Lakeshore Rd At Southdown Rd,43.511514,-79.629784
2650,2650.0,Thamesgate Dr At Bath Rd,43.712987,-79.659399
2651,2651.0,Bath Rd South Of Thamesgate Dr,43.711791,-79.657998
2652,2652.0,Bath Rd At Slough St,43.710927,-79.656528
2653,2653.0,Slough St West Of Bath Rd,43.709521,-79.657863
2654,2654.0,Slough St At Rena Rd,43.710178,-79.660964
2655,2655.0,Dixie Rd At Trinity Dr,43.65804,-79.650891
2656,2656.0,Rena Rd At Slough St,43.710002,-79.662817
2657,2657.0,Rena Rd At Bren Rd,43.708002,-79.665009
2658,2658.0,Rena Rd At Torbram Rd,43.706215,-79.667022
2659,2659.0,Torbram Rd At Kimbel St,43.701858,-79.663091
2660,2660.0,Winston Churchill Blvd At Danton Promenade,43.590167,-79.773622
2661,2661.0,Winston Churchill Blvd At Tradewind Dr,43.592322,-79.776602
2662,2662.0,Winston Churchill Blvd At Crosscurrent Dr,43.594615,-79.779781
2663,2663.0,Hurontario St At Trailwood Dr,43.612115,-79.660044
2664,2664.0,Drew Rd At Kimbel St,43.695896,-79.663056
2666,2666.0,Drew Rd West Of Torbram Rd,43.698241,-79.660409
2667,2667.0,Bristol Rd East Of Mclaughlin Rd,43.603523,-79.670668
2671,2671.0,Battleford Rd West Of Erin Mills Pky,43.585664,-79.74439
2678,2678.0,Glen Erin Dr At Marshdale Crt,43.551709,-79.706421
2679,2679.0,Glen Erin Dr At Marshdale Crt,43.551567,-79.706585
2680,2680.0,Guildwood Way At Bluesky Cres,43.597878,-79.668388
2681,2681.0,Rathburn Rd East Of Central Pky,43.606438,-79.633801
2682,2682.0,Royal Windsor Dr At 2400 Royal Windsor Dr,43.503678,-79.637712
2683,2683.0,Torbram Rd At Kimbel St,43.701703,-79.662524
2684,2684.0,Rena Rd At Torbram Rd,43.705678,-79.667307
2685,2685.0,Rena Rd At Bren Rd,43.707572,-79.665266
2686,2686.0,Rena Rd At Slough St,43.710497,-79.662036
2687,2687.0,Dixie Rd At Trinity Dr,43.658261,-79.65175
2688,2688.0,Thamesgate Dr At Bath Rd,43.713127,-79.659024
2690,2690.0,Tomken Rd At Britannia Rd,43.64588,-79.658574
2691,2691.0,Slough St South Of Rena Rd,43.709712,-79.660378
2692,2692.0,Slough St East Of Rena Rd,43.709323,-79.657867
2693,2693.0,Slough St At Bath Rd,43.710603,-79.656473
2694,2694.0,Bath Rd South Of Thamesgate Dr,43.711614,-79.657468
2697,2697.0,Tomken Rd North Of Britannia Rd,43.647906,-79.66086
2698,2698.0,Tomken Rd At Verbena Rd,43.648295,-79.661819
2699,2699.0,Brandon Gate Dr At Langworthy Dr,43.721445,-79.65129
2700,2700.0,Humber College Blvd At Highway 27,43.730318,-79.60174
2701,2701.0,Tomken Rd At Philip Pocock Secondary School,43.6241,-79.626039
2703,2703.0,Tomken Station West Platform B,43.621786,-79.623499
2705,2705.0,York St At Scarboro St,43.705497,-79.64878
2706,2706.0,Tomken Station East Platform A,43.621777,-79.623494
2707,2707.0,Goreway Dr At Dorcas St,43.715199,-79.634039
2708,2708.0,Westwood Square Bus Terminal Platform H,43.721655,-79.640176
2709,2709.0,Derry Rd At Legion Rd,43.709679,-79.636262
2713,2713.0,Avebury Rd North Of Aldridge St,43.621013,-79.678834
2714,2714.0,Avebury Rd South Of Aldridge St,43.619429,-79.677282
2715,2715.0,Copenhagen Rd At Tamar Rd,43.595343,-79.768397
2716,2716.0,Redstone Rd At Thamesgate Dr,43.715256,-79.65632
2717,2717.0,Benavon Rd At Redstone Rd,43.716082,-79.657642
2719,2719.0,Redstone Rd At Bonaventure Dr,43.714527,-79.654825
2720,2720.0,Redstone Rd At Manion Rd,43.714777,-79.650819
2723,2723.0,Lancaster Ave At Harold Sheard Dr,43.712411,-79.646453
2724,2724.0,Lancaster Ave At Etude Dr,43.711072,-79.644336
2725,2725.0,Lancaster Ave At Etude Dr,43.710866,-79.643707
2726,2726.0,Lancaster Ave At Harold Sheard Dr,43.712336,-79.646169
2728,2728.0,Manion Rd At Coral Dr,43.712951,-79.649445
2729,2729.0,Manion Rd At Redstone Rd,43.714522,-79.650564
2731,2731.0,Redstone Rd At Bonaventure Dr,43.714682,-79.653995
2732,2732.0,Derry Rd At Glen Erin Dr,43.592622,-79.766482
2734,2734.0,Copenhagen Rd At Joliette Cres,43.594098,-79.771083
2739,2739.0,Goreway Dr South Of Brandon Gate Dr,43.724698,-79.646921
2740,2740.0,Goreway Dr North Of Morning Star Dr,43.722795,-79.644382
2741,2741.0,Northam Dr At Orlando Dr,43.699584,-79.623373
2744,2744.0,Lakeshore Rd At Hydro Rd,43.57833,-79.557104
2745,2745.0,Lakeshore Rd At Hydro Rd,43.579019,-79.556728
2746,2746.0,Unity Dr At 3333 Unity Dr,43.534827,-79.714252
2747,2747.0,Morning Star Dr At Goreway Dr,43.720588,-79.642265
2748,2748.0,Morning Star Dr At Catalpa Rd,43.720169,-79.6431
2749,2749.0,Catalpa Rd At Clara Dr,43.722457,-79.646239
2750,2750.0,Catalpa Rd At Brandon Gate Dr,43.723972,-79.648688
2752,2752.0,Brandon Gate Dr At Anaka Dr,43.722132,-79.650741
2753,2753.0,Copenhagen Rd At Bendigo Cir,43.591952,-79.772191
2754,2754.0,Copenhagen Rd At Oslo Cres,43.591297,-79.769721
2755,2755.0,Netherwood Rd At Redstone Rd,43.720007,-79.653035
2756,2756.0,Netherwood Rd At Priory Cres,43.718771,-79.655869
2757,2757.0,Netherwood Rd At Benavon Rd,43.716737,-79.658211
2758,2758.0,Thamesgate Dr At Airport Rd,43.714404,-79.657839
2759,2759.0,Thamesgate Dr At Redstone Rd,43.715126,-79.65672
2760,2760.0,Tomken Rd At Tomken Station,43.622277,-79.623547
2761,2761.0,Benavon Rd At Netherwood Rd,43.716474,-79.658092
2762,2762.0,Netherwood Rd At Almadale Crt,43.719011,-79.655357
2763,2763.0,Netherwood Rd At Redstone Rd,43.71992,-79.653298
2764,2764.0,Eglinton Ave At Creekbank Rd,43.641597,-79.614468
2766,2766.0,Brandon Gate Dr East Of Anaka Dr,43.722805,-79.649807
2767,2767.0,Catalpa Rd At Chipley Cres,43.723476,-79.647929
2768,2768.0,Catalpa Rd At Clara Dr,43.722258,-79.646169
2770,2770.0,Derry Rd At Airport Rd,43.703137,-79.643397
2771,2771.0,Goreway Dr At Jolliffe Ave,43.719181,-79.639547
2772,2772.0,Goreway Dr At Etude Dr,43.717221,-79.636773
2773,2773.0,Etude Dr At Hermitage Rd,43.716056,-79.638061
2774,2774.0,Etude Dr At Cambrett Dr,43.714504,-79.639951
2775,2775.0,Etude Dr At Justine Dr,43.712922,-79.6417
2776,2776.0,Etude Dr At Lancaster Ave,43.711226,-79.643674
2777,2777.0,Lancaster Ave At Churchill Ave,43.710282,-79.643038
2778,2778.0,Churchill Ave At Victory Cres,43.708512,-79.644133
2779,2779.0,Victory Cres At Mcnaughton Ave,43.708682,-79.644824
2780,2780.0,Beverley St At Airport Rd,43.707242,-79.647922
2781,2781.0,Scarboro St At Hull St,43.704425,-79.647961
2782,2782.0,Hull St At Studley St,43.704124,-79.645336
2783,2783.0,Hull St At Airport Rd,43.704031,-79.643529
2784,2784.0,Hull St At Studley St,43.70426,-79.6447
2785,2785.0,Derry Rd At Harrow St,43.701022,-79.645741
2786,2786.0,Scarboro St At Hull St,43.704391,-79.648123
2787,2787.0,Derry Rd At Cattrick St,43.699335,-79.647762
2788,2788.0,Beverley St At Airport Rd,43.707097,-79.647801
2789,2789.0,Victory Cres At Mcnaughton Ave,43.708723,-79.645183
2790,2790.0,Churchill Ave At Victory Cres,43.708624,-79.643733
2791,2791.0,Lancaster Ave At Churchill Ave,43.710268,-79.642653
2792,2792.0,Etude Dr East Of Lancaster Ave,43.711453,-79.643073
2793,2793.0,Etude Dr At Justine Dr,43.712626,-79.641818
2794,2794.0,Etude Dr At Cambrett Dr,43.714298,-79.640018
2795,2795.0,Etude Dr At Hermitage Rd,43.715816,-79.638208
2796,2796.0,Etude Dr At Minotola Ave,43.716354,-79.637252
2798,2798.0,York St At Scarboro St,43.70541,-79.648261
2800,2800.0,Goreway Dr North Of Derry Rd,43.714425,-79.632554
2801,2801.0,Goreway Dr At Dorcas St,43.715039,-79.633459
2802,2802.0,Goreway Dr At Etude Dr,43.717088,-79.636156
2803,2803.0,Darcel Ave At Morning Star Dr,43.724967,-79.637715
2804,2804.0,Westwood Square Bus Terminal Platform B,43.721516,-79.641011
2805,2805.0,Brandon Gate Dr At Wildfern Dr,43.733201,-79.641129
2806,2806.0,Brandon Gate Dr At Darcel Ave,43.732064,-79.634897
2807,2807.0,Brandon Gate Dr At Sigsbee Dr,43.73163,-79.633218
2808,2808.0,Brandon Gate Dr At Teeswater Rd,43.729522,-79.630075
2809,2809.0,Teeswater Rd At Wyewood Rd,43.727557,-79.632193
2811,2811.0,Darcel Ave At Harwick Dr,43.724406,-79.625424
2812,2812.0,Darcel Ave At Chigwel Crt,43.723112,-79.624932
2813,2813.0,Netherbrae Rd At Darcel Ave,43.71976,-79.626921
2814,2814.0,Darcel Ave At Laddie Cres,43.719128,-79.628351
2816,2816.0,Darcel Ave At Dunrankin Dr,43.720538,-79.634017
2817,2817.0,Darcel Ave At Dellaport Dr,43.721922,-79.636083
2818,2818.0,Darcel Ave At Morning Star Dr,43.724053,-79.637314
2820,2820.0,Winston Churchill Blvd At Oka Rd,43.571146,-79.747354
2821,2821.0,Darcel Ave South Of Morning Star Dr,43.723811,-79.637468
2822,2822.0,Darcel Ave South Of Dellaport Dr,43.721684,-79.636039
2823,2823.0,Darcel Ave At Dunrankin Dr,43.720587,-79.634376
2824,2824.0,Darcel Ave At Woodruff Cres,43.719935,-79.632553
2825,2825.0,Darcel Ave At Laddie Cres,43.718957,-79.628342
2826,2826.0,Netherbrae Rd At Darcel Ave,43.719977,-79.627003
2827,2827.0,Darcel Ave At North Chigwel Crt,43.722886,-79.624838
2828,2828.0,Darcel Ave At Harwick Dr,43.724303,-79.625166
2829,2829.0,Morning Star Dr At Brandon Gate Dr,43.725337,-79.627253
2830,2830.0,Corliss Cres At Teeswater Rd,43.726321,-79.63571
2831,2831.0,Teeswater Rd At Meyer Dr,43.727946,-79.631564
2832,2832.0,Teeswater Rd At Brandon Gate Dr,43.729226,-79.630181
2833,2833.0,Brandon Gate Dr At Wildfern Dr,43.73259,-79.636057
2834,2834.0,Brandon Gate Dr At Wildfern Dr,43.733648,-79.640821
2835,2835.0,Brandon Gate Dr At Keenan Cres,43.732598,-79.641961
2836,2836.0,Brandon Gate Dr At Lockington Cres,43.729931,-79.644034
2837,2837.0,Brandon Gate Dr At Monica Dr,43.728316,-79.645238
2838,2838.0,Brandon Gate Dr East Of Goreway Dr,43.726444,-79.646894
2839,2839.0,Darcel Ave North Of Laddie Cres,43.718341,-79.630268
2840,2840.0,Goreway Dr At 7555 Goreway Dr,43.724419,-79.646207
2841,2841.0,Britannia Rd At Brookhaven Way,43.603116,-79.705582
2842,2842.0,Morning Star Dr At Corliss Cres,43.724836,-79.635086
2843,2843.0,Morning Star Dr At Harwick Dr,43.72541,-79.631882
2844,2844.0,Morning Star Dr At Custer Cres,43.725617,-79.628811
2845,2845.0,Morning Star Dr At Brandon Gate Dr,43.725289,-79.627738
2846,2846.0,Morning Star Dr At Harwick Dr,43.725277,-79.632022
2847,2847.0,Morning Star Dr At Wainbrook Rd,43.724827,-79.634267
2849,2849.0,Westwood Square Bus Terminal Platform E,43.721851,-79.640506
2850,2850.0,Westwood Square Bus Terminal Platform A,43.721637,-79.640856
2851,2851.0,John Garland Blvd At Finch Ave,43.735645,-79.594558
2853,2853.0,Westwood Square Bus Terminal Platform C,43.721555,-79.640778
2854,2854.0,Goreway Dr North Of Morning Star Dr,43.722965,-79.644303
2855,2855.0,Brandon Gate Dr East Of Goreway Dr,43.726015,-79.64709
2856,2856.0,Brandon Gate Dr At Monica Dr,43.728091,-79.645305
2857,2857.0,Brandon Gate Dr At Lockington Cres,43.729857,-79.643887
2858,2858.0,Brandon Gate Dr At Rockhill Rd,43.731869,-79.642662
2859,2859.0,Westwood Square Bus Terminal Platform F,43.721589,-79.640503
2860,2860.0,Morning Star Dr At Malton Community Centre,43.723648,-79.639595
2862,2862.0,Rexdale Blvd At Islington Ave,43.714218,-79.556504
2863,2863.0,Rexdale Blvd At Bergamot Ave,43.713493,-79.559611
2864,2864.0,Darcel Ave At Woodruff Cres,43.720015,-79.632338
2865,2865.0,Darcel Ave At Darla Dr,43.729008,-79.637599
2866,2866.0,Teeswater Rd At Corliss Cres,43.726524,-79.635408
2867,2867.0,Darcel Ave At Brandon Gate Dr,43.731833,-79.634699
2868,2868.0,Darcel Ave At Brandon Gate Dr,43.732269,-79.634694
2869,2869.0,Darcel Ave At Rockhill Rd,43.728629,-79.638228
2870,2870.0,Morning Star Dr At Malton Community Centre,43.723402,-79.640134
2871,2871.0,Darcel Ave At Morning Star Dr,43.72448,-79.637689
2872,2872.0,Darcel Ave At Monica Dr,43.726949,-79.639322
2873,2873.0,Darcel Ave At Middleshire Dr,43.730465,-79.635952
2874,2874.0,Finch Ave At Humberline Dr,43.734916,-79.618205
2875,2875.0,Westwood Square Bus Terminal Platform G,43.721461,-79.640643
2876,2876.0,Darcel Ave At Monica Dr,43.727114,-79.639566
2877,2877.0,Darcel Ave At Middleshire Dr,43.730494,-79.636137
2879,2879.0,Rexdale Blvd At Precision Rd,43.715899,-79.589359
2880,2880.0,Rexdale Blvd At Precision Rd,43.715846,-79.590229
2881,2881.0,Britannia Rd At Douguy Blvd,43.603676,-79.705486
2882,2882.0,Rexdale Blvd At Highway 27,43.717217,-79.596001
2884,2884.0,Darcel Ave At Finch Ave,43.733017,-79.634031
2885,2885.0,Britannia Rd At Bidwell Trail,43.599953,-79.709563
2886,2886.0,Rexdale Blvd At Woodbine Centre,43.719116,-79.602583
2887,2887.0,Erin Mills Pky At Dundas St,43.537399,-79.666633
2888,2888.0,Brandon Gate Dr At Darcel Ave,43.732085,-79.634412
2889,2889.0,Eglinton Ave At 1037 Eglinton Ave,43.58533,-79.677236
2891,2891.0,Airport Rd South Of Northwest Dr,43.696469,-79.632392
2892,2892.0,Bloor St At The West Mall,43.635469,-79.56258
2894,2894.0,Courtneypark Dr East Of Dixie Rd,43.664205,-79.657507
2895,2895.0,Creditview Rd At Duval Dr,43.59388,-79.706784
2897,2897.0,Goreway Dr At Jolliffe Ave,43.719089,-79.638999
2898,2898.0,Northam Dr At Airway Dr,43.697635,-79.620055
2899,2899.0,Darcel Ave At Netherbrae Rd,43.720343,-79.626734
2900,2900.0,Rexwood Rd South Of Derry Rd,43.715328,-79.626774
2901,2901.0,Airport Rd At Highway 427,43.686051,-79.603297
2902,2902.0,Malton Go Station Platform 4,43.70526,-79.637926
2903,2903.0,Nashua Dr At 3930 Nashua Dr,43.713836,-79.620254
2904,2904.0,Renforth Dr At Convair Dr,43.672074,-79.593101
2905,2905.0,Renforth Dr At Convair Dr,43.672364,-79.59369
2906,2906.0,Royal Windsor Dr At Hensley St,43.507771,-79.633198
2907,2907.0,Confederation Pky At Eglinton Ave,43.597089,-79.663215
2908,2908.0,Toronto Airport Terminal 1 Ground Level Platform S,43.68225,-79.609824
2909,2909.0,Airport Rd At Jetliner Rd,43.685877,-79.606031
2910,2910.0,Dixon Rd At Carlingview Dr,43.686883,-79.596975
2912,2912.0,Creditview Rd North  Of Duval Dr,43.595869,-79.709474
2914,2914.0,Britannia Rd At Silken Laumann Way,43.607554,-79.701024
2915,2915.0,Airport Rd At American Dr,43.689601,-79.622038
2916,2916.0,Airport Rd North Of American Dr,43.69107,-79.625193
2917,2917.0,Airport Rd At 6445 Airport Rd,43.692991,-79.627681
2918,2918.0,Airport Rd At Orlando Dr,43.694904,-79.630243
2919,2919.0,Airport Rd At Northwest Dr,43.69883,-79.635527
2920,2920.0,Airport Rd North Of Northwest Dr,43.700569,-79.637908
2921,2921.0,Confederation Pky At Huntington Ridge Dr,43.594342,-79.65897
2922,2922.0,Speakman Dr At 2599 Speakman Dr,43.514169,-79.663991
2924,2924.0,Derry Rd At Professional Crt,43.709301,-79.63627
2925,2925.0,Airport Rd South Of Derry Rd,43.701912,-79.640285
2926,2926.0,Confederation Pky At Huntington Ridge Dr,43.594413,-79.658356
2927,2927.0,Airport Rd At Northwest Dr,43.699057,-79.63649
2928,2928.0,Airport Rd At Silver Dart Dr,43.695022,-79.631059
2932,2932.0,Airport Rd At American Dr,43.689193,-79.621812
2933,2933.0,Airport Rd South Of Derry Rd,43.702069,-79.639922
2934,2934.0,Airport Rd West Of Bresler Dr,43.686006,-79.609104
2939,2939.0,Derry Rd At Malton Go Station,43.706493,-79.639425
2940,2940.0,Northwest Dr East Of Airport Rd,43.699588,-79.634964
2941,2941.0,Northwest Dr At Caravelle Dr,43.700509,-79.63369
2942,2942.0,Northwest Dr East Of Caravelle Dr,43.702112,-79.631432
2943,2943.0,Northwest Dr At Caravelle Dr,43.702918,-79.627305
2944,2944.0,Northwest Dr At Orlando Dr,43.702787,-79.622406
2945,2945.0,Northwest Dr East Of Orlando Dr,43.7017,-79.619614
2946,2946.0,Humber College Blvd At Humberline Dr,43.731825,-79.608966
2952,2952.0,Rexwood Rd West Of Netherbrae Rd,43.718702,-79.62584
2953,2953.0,Airport Rd South Of Silver Dart Dr,43.692997,-79.628202
2954,2954.0,Derry Rd At Goreway Dr,43.713185,-79.632049
2955,2955.0,Bloor St At The West Mall,43.635829,-79.562099
2956,2956.0,Carlingview Dr At Meteor Dr,43.680677,-79.592627
2957,2957.0,Rexwood Rd At Derry Rd,43.715851,-79.626836
2958,2958.0,Rexdale Blvd At Humberwood Blvd,43.720611,-79.612447
2959,2959.0,Nashua Dr East Of Rexwood Rd,43.715181,-79.625821
2960,2960.0,Nashua Dr At 3710 Nashua Dr,43.715766,-79.624269
2961,2961.0,Nashua Dr At 3770 Nashua Dr,43.71583,-79.6214
2962,2962.0,Nashua Dr At Rexwood Rd,43.712299,-79.621245
2963,2963.0,Nashua Dr At Goreway Dr,43.710855,-79.622482
2964,2964.0,Goreway Dr At 6870 Goreway Dr,43.71138,-79.626845
2966,2966.0,Nashua Dr East Goreway Dr,43.713759,-79.628125
2967,2967.0,Northam Dr At American Dr,43.695346,-79.616148
2968,2968.0,American Dr At Northam Dr,43.695508,-79.614631
2969,2969.0,Mavis Rd At Sombrero Way,43.623953,-79.712359
2973,2973.0,Viscount Rd South Of Airway Dr,43.692205,-79.620725
2974,2974.0,Viscount Rd At Airway Dr,43.693825,-79.624423
2975,2975.0,Viscount Rd South Of Orlando Dr,43.696223,-79.627657
2976,2976.0,Orlando Dr At Viscount Rd,43.697138,-79.628132
2977,2977.0,Orlando Dr West Of Northam Dr,43.699324,-79.6257
2978,2978.0,Northam Dr At Orlando Dr,43.699673,-79.623259
2979,2979.0,Northam Dr North Of Airway Dr,43.698845,-79.621789
2980,2980.0,Northam Dr At Airway Dr,43.697457,-79.619488
2981,2981.0,Northam Dr At American Dr,43.695757,-79.616635
2982,2982.0,Northwest Dr At Airway Dr,43.700789,-79.617302
2983,2983.0,Northwest Dr At Zahavy Way,43.700344,-79.614693
2985,2985.0,Northwest Dr At American Dr,43.699326,-79.612483
2986,2986.0,Derry Rd East Of Goreway Dr,43.714393,-79.63047
2987,2987.0,Derry Rd West Of Rexwood Rd,43.715177,-79.630131
2988,2988.0,Derry Rd At Rexwood Rd,43.716316,-79.626553
2989,2989.0,Derry Rd At Rexwood Rd,43.716243,-79.62797
2990,2990.0,Northwest Dr At Airway Dr,43.70084,-79.617003
2991,2991.0,Northwest Dr West Of Airway Dr,43.701882,-79.619759
2992,2992.0,Northwest Dr At Orlando Dr,43.702973,-79.62266
2993,2993.0,Derry Rd At Malton Go Station,43.70689,-79.639465
2994,2994.0,Northwest Dr At Caravelle Dr,43.70302,-79.626807
2995,2995.0,Dixon Rd West Of Carlingview Dr,43.686771,-79.598845
2997,2997.0,Northwest Dr At 6757 Northwest Dr,43.702009,-79.631844
2998,2998.0,Northwest Dr At Caravelle Dr,43.700742,-79.633598
2999,2999.0,Northwest Dr At Airport Rd,43.699149,-79.635868
3000,3000.0,Kennedy Rd At Annagem Blvd,43.645533,-79.681334
3001,3001.0,Kennedy Rd At Annagem Blvd,43.645117,-79.681182
3002,3002.0,Bristol Rd At Terry Fox Way,43.595156,-79.685309
3003,3003.0,Northwest Dr At 6580 Northwest Dr,43.702863,-79.629441
3004,3004.0,Winston Churchill At 450 Winston Churchill Blvd,43.48592,-79.630945
3005,3005.0,Matheson Blvd At Rose Cherry Pl,43.628505,-79.650628
3007,3007.0,Tahoe Station West Platform B,43.63873,-79.610173
3008,3008.0,Commerce Blvd South Of Matheson Blvd,43.664608,-79.594078
3009,3009.0,Goreway Dr South Of Morning Star Dr,43.720376,-79.641141
3010,3010.0,Mclaughlin Rd At Bristol Rd,43.602941,-79.671166
3013,3013.0,City Centre Dr South Of Robert Speck Pky,43.594341,-79.639452
3015,3015.0,Bristol Rd At Fallingbrook Dr,43.589801,-79.692536
3016,3016.0,Winston Churchill Blvd At Vanderbilt Rd,43.584684,-79.766025
3017,3017.0,Winston Churchill Blvd North Of Vanderbilt Rd,43.586661,-79.768784
3018,3018.0,Matheson Blvd At 190 Matheson Blvd,43.622636,-79.663491
3019,3019.0,Meadowvale Blvd At Syntex Dr,43.606078,-79.759405
3020,3020.0,Meadowpine Blvd At Howe Crt,43.602925,-79.783228
3021,3021.0,Meadowpine Blvd East Of Winston Churchill Blvd,43.604328,-79.789762
3022,3022.0,Lorne Park Rd At Truscott Dr,43.532984,-79.624174
3023,3023.0,Creditview Rd At St Joseph Secondary School,43.589255,-79.700802
3024,3024.0,Derry Rd West Of Terragar Blvd,43.57841,-79.782731
3025,3025.0,Derry Rd East Of Lisgar Dr,43.577931,-79.782911
3026,3026.0,Dundas St At Clayhill Rd,43.570376,-79.627781
3027,3027.0,Cantay Rd At Standish Crt,43.624238,-79.684452
3028,3028.0,Mclaughlin Rd At Baggetta Cres Walkway,43.601347,-79.669068
3029,3029.0,Mclaughlin Rd North Of Faith Dr,43.605387,-79.674579
3030,3030.0,Bristol Rd At Wildwood Trail,43.616142,-79.659188
3031,3031.0,Mclaughlin Rd At Avonwick Ave,43.610734,-79.681804
3032,3032.0,Mclaughlin Rd At South Ceremonial Dr,43.599491,-79.66694
3033,3033.0,Living Arts Dr At Princess Royal Dr,43.588534,-79.645566
3034,3034.0,Glen Erin Dr At Castlebridge Dr,43.568032,-79.731185
3037,3037.0,Mavis Rd At Bancroft Dr,43.617157,-79.702949
3038,3038.0,Tahoe Station East Platform A,43.638875,-79.609976
3039,3039.0,Erindale Station Rd South Of Burnhamthorpe Rd,43.568178,-79.658021
3040,3040.0,Central Pky At Mavis Rd,43.57488,-79.646033
3043,3043.0,Confederation Pky At Burnhamthorpe Rd,43.585121,-79.644524
3045,3045.0,Central Pky At Mavis Rd,43.575445,-79.645859
3046,3046.0,Erindale Station Rd North Of Central Pky,43.568596,-79.658297
3047,3047.0,Lisgar Dr At Beechnut Row,43.566493,-79.770793
3048,3048.0,Lisgar Dr At Saratoga Way,43.564605,-79.767698
3049,3049.0,Lisgar Dr At Foxwood Ave,43.56298,-79.765626
3051,3051.0,Derry Rd At Mississauga Rd,43.610649,-79.751715
3052,3052.0,Derry Rd At Syntex Dr,43.605264,-79.754887
3053,3053.0,Creditview Rd At St Joseph Secondary School,43.589075,-79.700202
3054,3054.0,Ninth Line At Parkgate Dr,43.556352,-79.762378
3055,3055.0,Britannia Rd At Delle Donne Dr,43.561262,-79.752549
3056,3056.0,Britannia Rd At Creditview Rd,43.59728,-79.712085
3057,3057.0,Britannia Rd At Mclaughlin Rd,43.616616,-79.690282
3058,3058.0,Britannia Rd At Falbourne St,43.620296,-79.686112
3059,3059.0,Britannia Rd At Avebury Rd,43.623247,-79.682776
3060,3060.0,Britannia Rd West Of Hurontario St,43.625646,-79.680009
3061,3061.0,Britannia Rd At Cantay Rd,43.623705,-79.682679
3062,3062.0,Britannia Rd At Freemont Blvd,43.620789,-79.685978
3063,3063.0,Britannia Rd At Mclaughlin Rd,43.617127,-79.690098
3064,3064.0,Britannia Rd At Creditview Rd,43.59697,-79.712882
3065,3065.0,Britannia Rd At Grossbeak Dr,43.561739,-79.752477
3066,3066.0,Britannia Rd At Maple Gate Cir,43.558373,-79.756183
3067,3067.0,Britannia Rd At Ninth Line,43.555314,-79.759599
3068,3068.0,Eglinton Ave West Of Hurontario St,43.606145,-79.653943
3069,3069.0,Ninth Line At Parkgate Dr,43.556296,-79.761987
3072,3072.0,Lisgar Dr At Alderwood Tr,43.56505,-79.767985
3073,3073.0,Lisgar Dr At Cedar Hedge Rise,43.566489,-79.770434
3074,3074.0,Lisgar Dr At Doug Leavens Blvd,43.567629,-79.773395
3075,3075.0,Meadowpine Blvd East Of Winston Churchill Blvd,43.604147,-79.790464
3076,3076.0,Meadowpine Blvd At Howe Crt,43.602764,-79.782829
3077,3077.0,Derry Rd At Winston Churchill Blvd,43.587748,-79.771277
3079,3079.0,Cantay Rd At White Hart Lane,43.622401,-79.693838
3080,3080.0,Watline Ave East Of Hurontario St,43.621853,-79.671069
3083,3083.0,Mississauga Rd At Derry Rd,43.609754,-79.751324
3084,3084.0,Explorer Dr At Matheson Blvd,43.652817,-79.615104
3085,3085.0,Explorer Dr North Of Matheson Blvd,43.654292,-79.615666
3086,3086.0,Winston Churchill Blvd At Britannia Rd,43.568775,-79.744593
3087,3087.0,Explorer Dr At Satellite Dr,43.658349,-79.613179
3095,3095.0,Bromsgrove Rd West Of Seagull Dr,43.507983,-79.643311
3096,3096.0,Explorer Dr At Matheson Blvd,43.652307,-79.615339
3097,3097.0,Creekbank Rd South Of Sismet Rd,43.647256,-79.619064
3100,3100.0,Derry Rd West Of Envoy Dr,43.634015,-79.729408
3102,3102.0,Matheson Blvd At Rose Cherry Pl,43.628444,-79.651165
3104,3104.0,Mavis Rd At Western Skies Way,43.627873,-79.716688
3107,3107.0,Kennedy Rd At Brunel Rd,43.632846,-79.664356
3108,3108.0,Mavis Rd At Boyer Blvd,43.614022,-79.698109
3110,3110.0,Kennedy Rd South Of Matheson Blvd,43.625524,-79.654887
3114,3114.0,Royal Windsor Dr At 2257 Royal Windsor Dr,43.506045,-79.635555
3115,3115.0,Financial Dr South Of Derry Rd,43.610969,-79.748808
3116,3116.0,Financial Dr At Creditview Rd,43.612313,-79.739251
3117,3117.0,Financial Dr At 6897 Financial Dr,43.609409,-79.744551
3118,3118.0,Financial Dr At Derry Rd,43.611301,-79.748749
3119,3119.0,Mclaughlin Rd North Of Britannia Rd,43.61841,-79.692065
3120,3120.0,Northwest Dr West Of Caravelle Dr,43.702914,-79.629986
3121,3121.0,Meadowpine Blvd At Danbro Cres,43.603343,-79.777897
3122,3122.0,Dixie Rd At Dixie Station,43.631115,-79.614317
3123,3123.0,Hillcrest Ave West Of Go Access,43.580361,-79.623328
3125,3125.0,Central Pky At Erindale Station Rd,43.567567,-79.655818
3126,3126.0,Mclaughlin Rd At Cantay Rd,43.621036,-79.695609
3127,3127.0,Rose Cherry Pl At Paramount Centre,43.632429,-79.652971
3129,3129.0,Derry Rd At Envoy Dr,43.633209,-79.726008
3130,3130.0,Osprey Blvd At Waxwing Dr,43.565871,-79.757407
3132,3132.0,Hurontario St At Longside Dr,43.643165,-79.702588
3133,3133.0,Derry Rd At Samuelson Cir,43.624501,-79.742985
3134,3134.0,Derry Rd At Godwick Dr,43.624345,-79.74274
3136,3136.0,Derry Rd At John Watt Blvd,43.633028,-79.726768
3137,3137.0,Kennedy Rd South Of Courtneypark Dr,43.646671,-79.683243
3139,3139.0,Dundas St At Elmcreek Rd,43.568394,-79.630532
3140,3140.0,Mavis Rd At Derry Rd,43.632289,-79.721875
3141,3141.0,Royal Windsor Dr At Hensley St,43.508265,-79.633159
3142,3142.0,Royal Windsor Dr At 2555 Royal Windsor Dr,43.49981,-79.6423
3143,3143.0,Royal Windsor Dr West Of Avonhead Rd,43.503511,-79.638278
3144,3144.0,Dixie Rd At Dixie Station,43.630794,-79.614284
3147,3147.0,Bristol Rd East Of Creditview Rd,43.587493,-79.69604
3148,3148.0,Eglinton Ave At Tahoe Blvd,43.645008,-79.610549
3149,3149.0,Eglinton Ave At Tahoe Blvd,43.644412,-79.610723
3169,3169.0,Dundas St West Of Mavis Rd,43.565568,-79.633797
3175,3175.0,Tours Rd At Winston Churchill Blvd,43.573554,-79.75185
3180,3180.0,Coopers Ave At Kennedy Rd,43.631317,-79.662059
3184,3184.0,Glen Erin Dr At South Meadowvale Town Ctr Cir,43.583849,-79.755261
3192,3192.0,Rathburn Rd At Confederation Pky,43.590165,-79.651313
3195,3195.0,Eglinton Ave E At Satellite Dr,43.651771,-79.60305
3198,3198.0,Queensway At Confederation Pky,43.571719,-79.610567
3200,3200.0,Derry Rd At Syntex Dr,43.604845,-79.754449
3201,3201.0,Derry Rd At Mississauga Rd,43.609604,-79.752455
3203,3203.0,Mcdowell Dr At Churchill Meadows Blvd,43.555863,-79.752834
3204,3204.0,Mcdowell Dr At Delle Donne Dr,43.559168,-79.748767
3205,3205.0,Mcdowell Dr At Delle Donne Dr,43.559411,-79.748761
3206,3206.0,Mcdowell Dr At Churchill Meadows Blvd,43.556141,-79.752754
3211,3211.0,Creekbank Rd At Aimco Blvd,43.645803,-79.616769
3212,3212.0,Creekbank Rd South Of Aimco Blvd,43.645319,-79.616777
3213,3213.0,Creekbank Rd At Eglinton Ave,43.641685,-79.615183
3220,3220.0,Dixie Station West Platform B,43.629895,-79.614908
3221,3221.0,Glen Erin Dr South Of Erin Centre Blvd,43.556774,-79.716353
3222,3222.0,Glen Erin Dr At Hazelton Pl,43.555104,-79.713968
3223,3223.0,Etobicoke Creek Station West Platform B,43.645612,-79.610373
3224,3224.0,Confederation Pky At Prince Of Wales Dr,43.588179,-79.64887
3225,3225.0,Dixie Station East Platform A,43.629869,-79.61473
3226,3226.0,Derry Rd East Of Bramalea Rd,43.687134,-79.660695
3227,3227.0,Etobicoke Creek Station East Platform A,43.645509,-79.610231
3231,3231.0,Joymar Dr At Tannery St,43.578885,-79.717754
3232,3232.0,Burnhamthorpe Rd At Parkside Village Dr,43.58382,-79.646898
3236,3236.0,Aimco Blvd At General Rd,43.636608,-79.626737
3237,3237.0,Aimco Blvd At Bradco Blvd,43.634837,-79.628739
3238,3238.0,Aimco Blvd At Maingate Dr,43.633055,-79.630715
3239,3239.0,Maingate Dr At Haultain Crt,43.633985,-79.632353
3240,3240.0,Explorer Dr At 5800 Explorer Dr,43.656019,-79.617015
3241,3241.0,Explorer Dr West Of Satellite Dr,43.656486,-79.616979
3242,3242.0,Maingate Dr North Of Haultain Crt,43.635324,-79.635511
3244,3244.0,Maingate Dr South Of Matheson Blvd,43.636032,-79.636789
3246,3246.0,Viscount Rd At Airway Dr,43.694444,-79.624992
3248,3248.0,Credit Valley Hospital,43.558544,-79.703873
3251,3251.0,Brandon Gate Dr At Rhinebank St,43.734181,-79.639481
3254,3254.0,Matheson Blvd West Of West Explorer Dr,43.650338,-79.61941
3255,3255.0,Matheson Blvd At Creekbank Rd,43.648857,-79.62116
3256,3256.0,Matheson Blvd At Matheson Blvd,43.643961,-79.628128
3258,3258.0,Skymark Ave At Commerce Blvd,43.663444,-79.592979
3262,3262.0,Ambler Dr North Of Ronsa Crt,43.641646,-79.647939
3263,3263.0,Ambler Dr East Of Ronsa Crt,43.644589,-79.64359
3264,3264.0,Ambler Dr North Of Kamato Rd,43.645253,-79.639748
3265,3265.0,Ambler Dr At Kamato Rd,43.644007,-79.638413
3266,3266.0,Eglinton Ave At Satellite Dr,43.651363,-79.603117
3267,3267.0,Ambler Dr At Aerowood Dr,43.641853,-79.635501
3268,3268.0,Ambler Dr At Matheson Blvd,43.640214,-79.633328
3272,3272.0,Skymark Ave West Of Commerce Blvd,43.662865,-79.59396
3274,3274.0,Lakeshore Rd At West Ave,43.571127,-79.56506
3276,3276.0,Britannia Rd At Hogan Dr,43.580585,-79.730782
3277,3277.0,Britannia Rd At Hogan Dr,43.580986,-79.730774
3278,3278.0,Derry Rd At Goreway Dr,43.713248,-79.632379
3279,3279.0,Goreway Dr At Derry Rd,43.713812,-79.632171
3280,3280.0,Hurontario St At Robert Speck Pky,43.596087,-79.637926
3282,3282.0,Terry Fox Way At Plymouth Dr,43.606046,-79.699241
3283,3283.0,Central Pky At Burnhamthorpe Rd,43.601095,-79.625832
3284,3284.0,Central Pky At Burnhamthorpe Rd,43.601334,-79.626692
3285,3285.0,Confederation Pky At Burnhamthorpe Rd,43.585342,-79.645336
3287,3287.0,Confederation Pky At Princess Royal Dr,43.58709,-79.647334
3288,3288.0,Confederation Pky At Square One Dr,43.589049,-79.650487
3289,3289.0,Confederation Pky At Rathburn Rd,43.589792,-79.651075
3298,3298.0,Lisgar Go Station Platform 7,43.591954,-79.787944
3299,3299.0,Edwards Blvd At Derry Rd,43.648601,-79.702841
3300,3300.0,Carlingview Dr At Meteor Dr,43.680601,-79.592883
3301,3301.0,Carlingview Dr At Renforth Dr,43.677134,-79.591391
3302,3302.0,Eglinton Ave At Metcalfe Ave,43.556739,-79.709247
3303,3303.0,Glen Erin Dr At Eglinton Ave,43.553999,-79.712265
3304,3304.0,Glen Erin Dr At Credit Valley Rd,43.552501,-79.707976
3305,3305.0,Winston Churchill Blvd At Mcdowell Dr,43.566364,-79.741262
3306,3306.0,Winston Churchill Blvd At Meadowvale Town Ctr Cir,43.580809,-79.760729
3307,3307.0,Winston Churchill Blvd At Meadowvale Town Ctr Cir,43.580887,-79.761235
3309,3309.0,Bristol Rd At Heatherleigh Ave,43.596849,-79.683384
3310,3310.0,Bristol Rd At Mavis Rd,43.598727,-79.681056
3311,3311.0,Bristol Rd At Starwood Dr,43.599542,-79.679306
3312,3312.0,Bristol Rd At Ceremonial Dr,43.600033,-79.676406
3313,3313.0,Bristol Rd At Guildwood Way,43.601233,-79.673298
3314,3314.0,Artesian Dr West Of Winston Churchill Blvd,43.546191,-79.71534
3317,3317.0,Artesian Dr At Southampton Dr,43.544273,-79.716854
3322,3322.0,Aquinas Ave At Sebastian Dr,43.540677,-79.723849
3323,3323.0,Aquinas Ave At Middlesex Gate,43.542278,-79.722058
3324,3324.0,Middlesex Gate At Eglinton Ave,43.543457,-79.723592
3325,3325.0,Middlesex Gate At Aquinas Ave,43.542608,-79.722558
3326,3326.0,Aquinas Ave At Sebastian Dr,43.540458,-79.724386
3332,3332.0,Artesian Dr At Columbo Cres,43.544376,-79.71648
3334,3334.0,Artesian Dr East Of Half Moon Grove,43.546055,-79.715207
3335,3335.0,Erin Centre Blvd At Dubonet Dr,43.548668,-79.726298
3336,3336.0,Erin Centre Blvd West Of Winston Churchill Blvd,43.55246,-79.723563
3337,3337.0,Artesian Dr At Fullwell Rd,43.542036,-79.718907
3338,3338.0,Artesian Dr At Fulwell Rd,43.541976,-79.719205
3339,3339.0,Artesian Dr At Sebastian Dr,43.539191,-79.72221
3340,3340.0,Sebastian Dr At Stonecutter Cres,43.539077,-79.722447
3341,3341.0,Erin Centre Blvd At Oscar Peterson Blvd,43.550144,-79.725175
3342,3342.0,Glen Erin Dr South Of Eglinton Ave,43.553467,-79.711385
3343,3343.0,Central Pky At Rathburn Rd,43.606121,-79.633827
3345,3345.0,Bristol Rd At Barondale Dr,43.619829,-79.650239
3346,3346.0,Derry Rd East Of Edwards Blvd,43.650182,-79.701271
3347,3347.0,Morning Star Dr At Catalpa Rd,43.719756,-79.643196
3356,3356.0,Bristol Rd At Kennedy Rd,43.62046,-79.648424
3357,3357.0,Bristol Rd At Kennedy Rd,43.620367,-79.648944
3358,3358.0,Kennedy Rd At Indian Summer Trail,43.618558,-79.644928
3362,3362.0,Kennedy Rd At Kenway Dr,43.638057,-79.67171
3363,3363.0,Derry Rd At Mavis Rd,43.632944,-79.721399
3364,3364.0,Derry Rd At Mavis Rd,43.632954,-79.723376
3365,3365.0,Finch Ave East Of Humberline Dr,43.73452,-79.614182
3366,3366.0,Erin Mills Pky At Credit Valley Rd,43.55672,-79.702822
3369,3369.0,Mavis Rd At Ray Lawson Blvd,43.641994,-79.74647
3371,3371.0,Mavis Rd At Clementine Dr,43.643439,-79.749559
3372,3372.0,King St At Sheppard Ave,43.579779,-79.612954
3373,3373.0,King St At Shepard Ave,43.580151,-79.612867
3374,3374.0,Steeles Ave East Of Mavis Rd,43.64735,-79.753539
3375,3375.0,Steeles Ave At Cranberry Cres Walkway,43.649587,-79.751163
3376,3376.0,Camilla Rd At Paisley Blvd,43.57943,-79.606118
3377,3377.0,Camilla Rd At Paisley Blvd,43.579319,-79.605647
3378,3378.0,Ridgeway Dr At North Sladeview Cres,43.531137,-79.716557
3379,3379.0,Steeles Ave At Windmill Blvd,43.653277,-79.747027
3380,3380.0,Ridgeway Dr At South Sladeview Cres,43.526994,-79.713182
3381,3381.0,Steeles Ave At Mclaughlin Rd,43.656017,-79.74388
3382,3382.0,Burnhamthorpe Rd At Colonial Dr,43.529061,-79.708083
3383,3383.0,Steeles Ave East Of Tait Blvd,43.653907,-79.746822
3384,3384.0,Steeles Ave At Beaconsfield Walkway,43.649439,-79.751748
3385,3385.0,Mavis Rd North Of Clementine Dr,43.644303,-79.751293
3386,3386.0,Mavis Rd South Of Clementine Dr,43.643135,-79.749619
3387,3387.0,Mavis Rd South Of Ray Lawson Blvd,43.641666,-79.746444
3388,3388.0,Mavis Rd At Rollingwood Walkway,43.641477,-79.741922
3389,3389.0,Creditview Rd At Bancroft Dr,43.599869,-79.714897
3391,3391.0,Creditview Rd At Sir Montys Dr,43.599928,-79.715382
3392,3392.0,Creditview Rd At Britannia Rd,43.598003,-79.712769
3393,3393.0,Eglinton Ave At Rangoon Rd Walkway,43.670495,-79.577734
3396,3396.0,Square One Dr At Lower City Centre Terminal,43.593194,-79.645905
3399,3399.0,Erin Centre Blvd At Plantation Pl,43.555147,-79.720293
3401,3401.0,Erin Centre Blvd At Glen Erin Dr,43.557269,-79.717965
3402,3402.0,Erin Mills Town Centre Bus Terminal Platform B,43.560802,-79.711102
3403,3403.0,Erin Centre Blvd At Glen Erin Dr,43.557948,-79.717467
3404,3404.0,Erin Centre Blvd At Russell View Rd,43.555603,-79.720175
3408,3408.0,Bristol Rd At Swiftcurrent Trail,43.610704,-79.667993
3409,3409.0,Bristol Rd At Bellows Ave,43.606136,-79.669648
3410,3410.0,Bristol Rd At Mclaughlin Rd,43.603348,-79.671232
3411,3411.0,Bristol Rd At Shackleton Way,43.60175,-79.67306
3412,3412.0,Bristol Rd At Ceremonial Dr,43.600349,-79.675739
3413,3413.0,Bristol Rd At Starwood Dr,43.599854,-79.678741
3414,3414.0,Bristol Rd At Mavis Rd,43.599225,-79.680608
3415,3415.0,Bristol Rd At Heatherleigh Ave,43.59724,-79.683319
3416,3416.0,Bristol Rd At Hurontario St,43.614203,-79.663715
3417,3417.0,Erin Centre Blvd At Longford Dr,43.541573,-79.738056
3418,3418.0,Admiral Blvd At Edwards Blvd,43.645218,-79.699394
3419,3419.0,Churchill Meadows Community Centre,43.540212,-79.741988
3421,3421.0,Bristol Rd E At Hurontario St,43.614814,-79.663343
3422,3422.0,Glen Erin Dr At The Collegeway,43.536509,-79.685417
3424,3424.0,Erin Mills Station West Platform 4,43.552566,-79.699908
3425,3425.0,Erin Mills Station East Platform 6,43.552254,-79.699946
3426,3426.0,Cooksville Go Station Platform 4,43.581829,-79.62491
3427,3427.0,Cooksville Go Station Platform 5,43.581939,-79.62476
3428,3428.0,Cooksville Go Station Platform 6,43.582047,-79.624641
3429,3429.0,Cooksville Go Station Platform 7,43.582146,-79.624516
3430,3430.0,Mavis Rd At Dundas St,43.567126,-79.634215
3431,3431.0,Mavis Rd At Dundas St,43.566478,-79.633893
3434,3434.0,Camilla Rd At King St,43.582111,-79.609685
3435,3435.0,King St At Camilla Rd,43.581974,-79.609909
3437,3437.0,Rexdale Blvd At East Queens Plate Dr,43.716624,-79.592332
3438,3438.0,Rexdale Blvd At East Queens Plate Dr,43.716284,-79.592122
3439,3439.0,Tannery St At Joymar Dr,43.579566,-79.71743
3440,3440.0,Terry Fox Way At Galesway Blvd,43.606183,-79.69969
3441,3441.0,Burnhamthorpe Rd At West Old Burnhamthorpe Rd,43.640889,-79.581562
3442,3442.0,Burnhamthorpe Rd At West Old Burnhamthorpe Rd,43.640575,-79.582079
3443,3443.0,Lakeshore Rd At Long Branch Go Station,43.591366,-79.544312
3444,3444.0,Dixie Rd At St James Ave,43.585055,-79.552063
3445,3445.0,Tomken Rd South Of North Gana Crt,43.668225,-79.688552
3446,3446.0,Dixie Rd At Rometown Dr,43.594442,-79.565091
3447,3447.0,Dixie Rd At South Service Rd,43.594619,-79.565852
3448,3448.0,Dixie Rd At Orchard Hill Rd,43.587623,-79.555368
3449,3449.0,Dixie Rd At Lakeshore Rd,43.584751,-79.551333
3450,3450.0,Dixie Go Station Platform 3,43.608239,-79.578449
3451,3451.0,Erin Mills Pky At Eglinton Ave,43.558335,-79.70619
3452,3452.0,Eglinton Ave At Churchill Meadows Blvd,43.538207,-79.729467
3453,3453.0,Eglinton Ave At Ridgeway Dr,43.539365,-79.728142
3454,3454.0,Ninth Line At Erin Centre Blvd,43.539926,-79.739905
3455,3455.0,Eglinton Ave At Sebastian Dr,43.541228,-79.726129
3456,3456.0,Finch Ave At Hwy 27,43.734131,-79.604015
3457,3457.0,Burnhamthorpe Rd At South Millway,43.548309,-79.679019
3458,3458.0,Humberwood Blvd At Pinecone Dr,43.729055,-79.619938
3459,3459.0,Humberwood Blvd At Pinecone Dr,43.72917,-79.620069
3460,3460.0,Brandon Gate Dr At Rhinebank St,43.734311,-79.639105
3473,3473.0,Winston Churchill At 650 Winston Churchill Blvd,43.48991,-79.636407
3497,3497.0,Hurontario St At Robert Speck Pky,43.597093,-79.63996
3500,3500.0,Eglinton Ave At Kimbermount Ave,43.551291,-79.71486
3501,3501.0,Erin Centre Blvd At Janice Dr,43.542914,-79.736166
3502,3502.0,Eglinton Ave At Ridgeway Dr,43.539799,-79.728017
3503,3503.0,Britannia Rd East Of Ninth Line,43.555671,-79.758767
3505,3505.0,Eglinton Ave At Explorer Dr,43.660475,-79.593621
3507,3507.0,Britannia Rd At Churchill Meadows Blvd,43.557863,-79.756259
3508,3508.0,Erin Centre Blvd At Winston Churchill Blvd,43.552613,-79.722993
3509,3509.0,Eglinton Ave At Glen Erin Dr,43.553675,-79.71221
3510,3510.0,Eglinton Ave At Southampton Dr,43.546152,-79.720614
3511,3511.0,Eglinton Ave At Winston Churchill Blvd,43.549429,-79.717413
3512,3512.0,Winston Churchill Blvd At Duncairn Dr,43.556684,-79.727671
3513,3513.0,Winston Churchill Blvd At Castlebridge Dr,43.563175,-79.736487
3514,3514.0,Winston Churchill Blvd At Wellesley Dr,43.566182,-79.740572
3515,3515.0,Winston Churchill Blvd At Britannia Rd,43.568659,-79.743864
3516,3516.0,Eglinton Ave At Metcalfe Ave,43.556227,-79.709357
3517,3517.0,Eglinton Ave At Credit Valley Rd,43.561973,-79.703177
3518,3518.0,Eglinton Ave At Middlesex Gate,43.543724,-79.723352
3519,3519.0,Eglinton Ave At Sorrento Dr,43.608788,-79.650502
3521,3521.0,Eglinton Ave At Sorrento Dr,43.609201,-79.650368
3522,3522.0,Eglinton Ave At Summersky Crt,43.562511,-79.702918
3523,3523.0,Eglinton Ave At Credit Valley Hosptial,43.560831,-79.704861
3524,3524.0,Eglinton Ave At Glen Erin Dr,43.554195,-79.712001
3525,3525.0,Eglinton Ave At Plantation Pl,43.551793,-79.714627
3526,3526.0,Eglinton Ave At Oscar Peterson Blvd,43.546855,-79.720228
3527,3527.0,Eglinton Ave At Tenth Line,43.543585,-79.72381
3528,3528.0,Tenth Line At Destination Dr,43.544795,-79.72573
3529,3529.0,Tenth Line At Erin Centre Blvd,43.547687,-79.727526
3530,3530.0,Erin Centre Blvd At Oscar Peterson Blvd,43.549697,-79.725168
3532,3532.0,Tenth Line At Perennial Dr,43.545045,-79.726332
3534,3534.0,Eglinton Ave At Perennial Dr,43.541656,-79.726057
3535,3535.0,Eglinton Ave At Intrepid Dr,43.53647,-79.731698
3536,3536.0,Dundas St West Of Wharton Way,43.617578,-79.57504
3537,3537.0,Ninth Line North Of Skyview St,43.538891,-79.738168
3538,3538.0,Eglinton Ave At Churchill Meadows Blvd,43.538632,-79.729375
3543,3543.0,Kennedy Rd North Of Matheson Blvd,43.628144,-79.657927
3550,3550.0,Kennedy Rd South Of Watline Ave,43.628186,-79.65841
3553,3553.0,Jetliner Rd At Airport Rd,43.685511,-79.607113
3555,3555.0,Mavis Rd South Of Bristol Rd,43.596899,-79.677949
3556,3556.0,Mavis Rd North Of Winterton Way,43.597216,-79.678103
3566,3566.0,Ninth Line At Skyview St,43.536717,-79.735307
3570,3570.0,Erin Centre Blvd At Longford Dr,43.541186,-79.738085
3689,3689.0,Meadowpine Blvd West Of Meadowvale Blvd,43.604662,-79.770934
3700,3700.0,Kennedy Rd At Edwards Blvd,43.640795,-79.674929
3701,3701.0,Kennedy Rd At Edwards Blvd,43.6409,-79.675484
3720,3720.0,Winston Churchill Blvd At Beryl Rd,43.494118,-79.642174
3800,3800.0,Argentia Rd East Of Tenth Line,43.594313,-79.787385
3801,3801.0,Argentia Rd West Of Winston Churchill Blvd,43.596017,-79.785817
3812,3812.0,Argentia Rd East Of Tenth Line,43.595011,-79.786392
3815,3815.0,Airport Rd At Jetliner Rd,43.685779,-79.607315
3840,3840.0,Argentia Rd West Of Derry Rd,43.601815,-79.761616
3841,3841.0,Argentia Rd At 2835 Argentia Rd,43.600018,-79.773266
3842,3842.0,Argentia Rd East Of Winston Churchill Blvd,43.598749,-79.782728
3843,3843.0,Argentia Rd At 2885 Argentia Rd,43.599392,-79.778379
3866,3866.0,Argentia Rd East Of Winston Churchill Blvd,43.598407,-79.782769
3867,3867.0,Argentia Rd At 2830 Argentia Rd,43.599779,-79.773976
3868,3868.0,Argentia Rd At 2680 Argentia Rd,43.601608,-79.762609
3869,3869.0,Argentia Rd At 2900 Argentia Rd,43.599271,-79.778091
3900,3900.0,Coopers Ave At Kennedy Rd,43.631624,-79.661383
3905,3905.0,Mclaughlin Rd South Of Cantay Rd,43.620271,-79.694987
3906,3906.0,Mclaughlin Rd North Of Britannia Rd,43.617364,-79.691121
3907,3907.0,Lisgar Dr At Osprey Blvd,43.561285,-79.762925
3908,3908.0,Osprey Blvd At Ninth Line,43.558954,-79.765535
3909,3909.0,Lisgar Dr At Osprey Blvd,43.561514,-79.762982
3910,3910.0,Lisgar Dr At Foxwood Ave,43.562854,-79.765182
3975,3975.0,Derry Rd West Of Beckett Dr,43.65066,-79.70136
4000,4000.0,Dundas St At Elmcreek Rd,43.567912,-79.630601
4002,4002.0,Winston Churchill Blvd At Bentley Dr,43.563376,-79.737208
4003,4003.0,Hurontario St At Burnhamthorpe Rd,43.593562,-79.634551
4005,4005.0,Hurontario St At Burnhamthorpe Rd,43.593809,-79.635673
4006,4006.0,Hurontario St At Kingsway Dr,43.647234,-79.707494
4007,4007.0,South Common Centre Bus Terminal Platform C,43.543244,-79.683509
4008,4008.0,South Common Centre Bus Terminal Platform I,43.543277,-79.683937
4009,4009.0,Clarkson Go Station Platform 8,43.512676,-79.633256
4020,4020.0,Living Arts Dr At Rathburn Rd,43.591004,-79.64966
4021,4021.0,Living Arts Dr At Princess Royal Dr,43.58864,-79.646094
4030,4030.0,Living Arts Dr At Rathburn Rd,43.591306,-79.649972
4100,4100.0,Thomas St At Long Valley Rd,43.559859,-79.737064
4102,4102.0,Thomas St West Of Tenth Line,43.558139,-79.742015
4103,4103.0,Thomas St At Passion Flower Blvd,43.555297,-79.743907
4104,4104.0,Thomas St At St Joan Of Arc Secondary School,43.552139,-79.746597
4105,4105.0,Churchill Meadows Blvd South Of Rosanna Dr,43.544648,-79.737592
4111,4111.0,Churchill Meadows Blvd At Deepwood Hts,43.549602,-79.743468
4112,4112.0,Thomas St At Churchill Meadows Blvd,43.552028,-79.746314
4113,4113.0,Churchill Meadows Blvd South Of Arbourview Terr,43.5503,-79.744729
4115,4115.0,Thomas St At Passion Flower Blvd,43.554954,-79.743815
4116,4116.0,Thomas St At Tenth Line,43.558366,-79.741317
4117,4117.0,Thomas St At Oscar Peterson Blvd,43.559563,-79.737523
4120,4120.0,Churchill Meadows Blvd At Tacc Dr,43.547484,-79.740863
4121,4121.0,Churchill Meadows Blvd North Of Placid Pl,43.544679,-79.73722
4123,4123.0,Churchill Meadows Blvd North Of Swiftdale Dr,43.550395,-79.744429
4124,4124.0,Churchill Meadows Blvd At Erin Centre Blvd,43.54329,-79.736147
4125,4125.0,Thomas St At Tenth Line,43.558689,-79.741199
4204,4204.0,Financial Dr At 6745 Financial Dr,43.609651,-79.741708
4205,4205.0,Financial Dr West Of Creditview Rd,43.610557,-79.739279
4213,4213.0,Hurontario St At Kingsway Dr,43.647307,-79.708051
4500,4500.0,Royal Windsor Dr At Winston Churchill Blvd,43.496994,-79.645402
4501,4501.0,Winston Churchill Blvd At Bromsgrove Rd,43.500528,-79.650937
4502,4502.0,Winston Churchill Blvd At Benedet Dr,43.5073,-79.660303
4505,4505.0,Winston Churchill Blvd At Burnhamthorpe Rd,43.536183,-79.699785
4506,4506.0,Winston Churchill Blvd At Unity Gate,43.539429,-79.704134
4507,4507.0,Winston Churchill Blvd At Credit Valley Rd,43.547117,-79.714537
4508,4508.0,Clarkson Go Station Platform 8,43.512676,-79.633256
4509,4509.0,Winston Park Dr At Plymouth Dr,43.510115,-79.674991
4510,4510.0,Derry Rd At Copenhagen Rd,43.591046,-79.76815
4512,4512.0,Winston Churchill Blvd At Eglinton Ave,43.549246,-79.717981
4513,4513.0,Winston Churchill Blvd At Artesian Dr,43.546888,-79.714781
4514,4514.0,Winston Churchill Blvd At Unity Dr,43.53926,-79.704443
4515,4515.0,Winston Churchill Blvd At Burnhamthorpe Rd,43.536307,-79.700431
4516,4516.0,Winston Churchill Blvd At The Collegeway,43.530919,-79.692992
4517,4517.0,Mississauga Rd At Dupont Meadow Pl,43.608885,-79.750933
4518,4518.0,Winston Churchill Blvd At Plymouth Dr,43.515851,-79.672451
4519,4519.0,Winston Churchill Blvd At Split Maple Gate,43.533768,-79.696483
4520,4520.0,Winston Churchill Blvd At Sherwood Hts,43.507373,-79.660834
4521,4521.0,Winston Churchill Blvd At Kingsway Dr,43.505458,-79.658224
4522,4522.0,Winston Churchill Blvd At Sheridan Garden Dr,43.500666,-79.651599
4526,4526.0,Bristol Cir At Plymouth Dr,43.513936,-79.673088
4527,4527.0,Bristol Cir At London Lane,43.511108,-79.670286
4529,4529.0,Winston Churchill Blvd At Cornish Rd,43.533903,-79.697034
4530,4530.0,Rosehurst Dr At Laurenclaire Dr,43.577713,-79.785216
4531,4531.0,Rosehurst Dr At Sandhurst Dr,43.579359,-79.78844
4532,4532.0,Rosehurst Dr At Waterfall Cres,43.58151,-79.791692
4533,4533.0,Terragar Blvd At Black Walnut Trail,43.584641,-79.788136
4534,4534.0,Terragar Blvd At Smoke Tree Rd,43.585018,-79.783719
4535,4535.0,Terragar Blvd At Wild Cherry Lane,43.582343,-79.78028
4536,4536.0,Bristol Cir South Of Plymouth Dr,43.513291,-79.671007
4538,4538.0,Bristol Cir At Winston Park Dr,43.509249,-79.670936
4540,4540.0,Royal Windsor Dr At 2645 Royal Windsor Dr,43.498643,-79.643555
4543,4543.0,Terragar Blvd East Of Black Walnut Trail,43.585872,-79.785325
4544,4544.0,Terragar Blvd At Scotch Pine Gate,43.583904,-79.782243
4545,4545.0,Plymouth Dr At Bristol Cir,43.51407,-79.673846
4547,4547.0,Plymouth Dr At Winston Churchill Blvd,43.515621,-79.672251
4548,4548.0,Winston Churchill Station East Platform 5,43.542356,-79.711644
4549,4549.0,Plymouth Dr At Winston Churchill Blvd,43.515562,-79.672708
4550,4550.0,Winston Churchill Blvd At Tacc Dr,43.556768,-79.728218
4551,4551.0,Winston Churchill Station West Platform 3,43.542263,-79.71262
4552,4552.0,Winston Churchill Station West Platform 4,43.542417,-79.712422
4553,4553.0,Winston Churchill Station East Platform 6,43.542054,-79.711979
4800,4800.0,University Of Toronto At Mississauga Campus,43.547886,-79.664462
4902,4902.0,Ninth Line At Lacman Trail,43.551006,-79.754753
4903,4903.0,Mcdowell Dr At Swordsman Dr,43.553007,-79.755975
4906,4906.0,Mcdowell Dr At Tenth Line,43.561621,-79.745831
4907,4907.0,Mcdowell Dr At Bassinger Pl,43.564094,-79.743117
4909,4909.0,Mcdowell Dr At Winston Churchill Blvd,43.566007,-79.740985
4910,4910.0,Thomas St At Winston Churchill Blvd,43.561218,-79.732987
4911,4911.0,Thomas St At Kimmeridge Gate,43.562677,-79.731396
4912,4912.0,Thomas St At Glen Erin Dr,43.565381,-79.728355
4913,4913.0,Thomas St At Middlebury Dr,43.567924,-79.725491
4915,4915.0,Thomas St East Of Erin Mills Pky,43.570221,-79.72185
4917,4917.0,Thomas St At Northrise Rd,43.572225,-79.719567
4918,4918.0,Thomas St At Streetsville Go Access,43.578008,-79.714218
4920,4920.0,Streetsville Go Station Platform 3,43.575493,-79.710573
4921,4921.0,Thomas St At Wareham Dr,43.572557,-79.71951
4922,4922.0,Thomas St At Erin Mills Pky,43.570388,-79.721959
4923,4923.0,Thomas St West Of Erin Mills Pky,43.569026,-79.724204
4924,4924.0,Thomas St At Bell Harbour Dr,43.568301,-79.725433
4925,4925.0,Thomas St At Glen Erin Dr,43.565874,-79.728196
4927,4927.0,Thomas St At Greensboro Dr,43.563233,-79.731137
4928,4928.0,Thomas St At Winston Churchill Blvd,43.560636,-79.734061
4929,4929.0,Mcdowell Dr At Winston Churchill Blvd,43.565601,-79.741736
4930,4930.0,Mcdowell Dr At Long Valley Rd,43.564711,-79.742733
4931,4931.0,Mcdowell Dr At Summerside Dr,43.563491,-79.743972
4932,4932.0,Mcdowell Dr At Tenth Line,43.562017,-79.745785
4942,4942.0,Churchill Meadows Blvd At Tacc Dr,43.547587,-79.741257
5007,5007.0,Britannia Rd At 2400 Britannia Rd,43.66916,-79.624334
5009,5009.0,Eglinton Ave At The East Mall,43.672055,-79.571186
5015,5015.0,Dixie Rd At Derry Rd,43.675607,-79.675315
5100,5100.0,Lorimar Dr At Cardiff Blvd,43.669503,-79.686987
5301,5301.0,Rose Cherry Pl At Paramount Centre,43.632914,-79.653353
5302,5302.0,Courtneypark Dr At Innovator Dr,43.644963,-79.686567
5303,5303.0,Courtneypark Dr At Edwards Blvd,43.639912,-79.691338
5304,5304.0,Courtneypark Dr At Hurontario St,43.637503,-79.694056
5305,5305.0,Kennedy Rd At Marcove Rd,43.64973,-79.686869
5306,5306.0,Kennedy Rd At Superior Blvd,43.651286,-79.689463
5310,5310.0,Kennedy Rd At Superior Blvd,43.651245,-79.688908
5624,5624.0,Tenth Line At Mcdowell Dr,43.561962,-79.746165
5625,5625.0,Tenth Line At Thomas St,43.558637,-79.741633
5626,5626.0,Tenth Line At Bala Dr,43.556401,-79.73857
5627,5627.0,Tenth Line At Sunlight Dr,43.554461,-79.735867
5628,5628.0,Tenth Line At Tacc Dr,43.552386,-79.733023
5629,5629.0,Tenth Line At Escada Dr,43.550165,-79.730086
5630,5630.0,Tenth Line At Topeka Dr,43.548789,-79.728642
5701,5701.0,Convair Dr At Renforth Dr,43.67203,-79.594319
5702,5702.0,Convair Dr West Of Renforth Dr,43.670928,-79.595548
5704,5704.0,Convair Dr At Flightline Dr,43.667606,-79.602125
5705,5705.0,Britannia Rd At Midfield Rd,43.671184,-79.628426
5706,5706.0,Britannia Rd At Infield Tunnel Rd,43.67361,-79.631745
5707,5707.0,Britannia Rd North Of Infield Tunnel Rd,43.677176,-79.636341
5711,5711.0,Tenth Line North Of Alpaca Ave,43.549604,-79.729076
5712,5712.0,Tenth Line At Tacc Dr,43.552153,-79.732384
5713,5713.0,Tenth Line At Serena Way,43.554406,-79.735515
5714,5714.0,Courtneypark Dr East Of Dixie Rd,43.663536,-79.657497
5715,5715.0,Courtneypark Dr At Van Deemter Crt,43.665947,-79.655212
5716,5716.0,Courtneypark Dr East Of Van Deemter Crt,43.668337,-79.652529
5717,5717.0,Courtneypark Dr At 1820 Courtneypark Dr,43.670407,-79.650201
5718,5718.0,Courtneypark Dr At Netherhart Rd,43.671651,-79.648784
5719,5719.0,Convair Dr At Flightline Dr,43.667787,-79.601463
5721,5721.0,Convair Dr East Of Electra Rd,43.670422,-79.595374
5722,5722.0,Convair Dr At Renforth Dr,43.671898,-79.593863
5723,5723.0,Tenth Line At Bala Dr,43.556272,-79.738055
5724,5724.0,Britannia Rd At Netherhart Rd,43.661819,-79.640446
5725,5725.0,Courtneypark Dr At Ordan Dr,43.662174,-79.659824
5726,5726.0,Courtneypark Dr At Vipond Dr,43.659597,-79.662721
5727,5727.0,Courtneypark Dr At Shawson Dr,43.657579,-79.665268
5728,5728.0,Courtneypark Dr At Tomken Rd,43.655008,-79.669966
5729,5729.0,Courtneypark Dr West Of Innovator Dr,43.64241,-79.688532
5730,5730.0,Courtneypark Dr At Edwards Blvd,43.640023,-79.690815
5731,5731.0,Courtneypark Dr East Of Edwards Blvd,43.642157,-79.68845
5732,5732.0,Courtneypark Dr At Innovator Dr,43.644628,-79.6864
5733,5733.0,Tenth Line At Thomas St,43.558901,-79.741653
5734,5734.0,Courtneypark Dr At Kennedy Rd,43.647424,-79.684504
5735,5735.0,Courtneypark Dr At Tomken Rd,43.654967,-79.669471
5736,5736.0,Courtneypark Dr East Of Shawson Dr,43.657791,-79.664584
5737,5737.0,Courtneypark Dr At Vipond Dr,43.659051,-79.662993
5738,5738.0,Courtneypark Dr At Ordan Dr,43.661539,-79.660185
5739,5739.0,Netherhart Rd At Bonhill Rd,43.670594,-79.646922
5740,5740.0,Netherhart Rd At Meyerside Dr,43.668461,-79.64398
5741,5741.0,Netherhart Rd South Of Meyerside Dr,43.665911,-79.643083
5742,5742.0,Netherhart Rd South Of Romani Crt,43.66233,-79.641787
5743,5743.0,Britannia Rd At Netherhart Rd,43.662252,-79.639742
5744,5744.0,Courtneypark Dr At Kennedy Rd,43.647971,-79.684306
5745,5745.0,Tenth Line At Mcdowell Dr,43.561765,-79.74554
5747,5747.0,Erin Centre Blvd At Winston Churchill Blvd,43.553253,-79.722779
5748,5748.0,Thomas St At Churchill Meadows Blvd,43.551749,-79.747125
5749,5749.0,Thomas St At Ninth Line,43.548741,-79.751248
5750,5750.0,Churchill Meadows Blvd At Brinwood Gate,43.554064,-79.749702
5751,5751.0,Erin Centre Blvd East Of Winston Churchill Blvd,43.553452,-79.722082
5752,5752.0,Thomas St At Raftsman Cove,43.549965,-79.749526
5770,5770.0,Courtneypark Dr At Maritz Dr,43.634082,-79.69801
5771,5771.0,Courtneypark Dr West Of Maritz Dr,43.630609,-79.700623
5772,5772.0,Courtneypark Dr At Mclaughlin Rd,43.626593,-79.702994
5773,5773.0,Courtneypark Dr At Spinnaker Cir,43.625126,-79.707016
5774,5774.0,Courtneypark Dr At Mavis Rd,43.624163,-79.711846
5775,5775.0,Courtneypark Dr At St Marcellinus Secondary School,43.624208,-79.711027
5776,5776.0,Courtneypark Dr At Spinnaker Cir,43.624789,-79.708251
5777,5777.0,Courtneypark Dr At Mclaughlin Rd,43.626173,-79.703213
5778,5778.0,Courtneypark Dr East Of Madill Blvd,43.630731,-79.700264
5779,5779.0,Courtneypark Dr At Kateson Dr,43.633989,-79.697715
5780,5780.0,Courtneypark Dr At Hurontario St,43.636903,-79.694317
6000,6000.0,City Centre Transit Terminal Drop Off,43.594371,-79.646654
6002,6002.0,Meadowvale Town Centre Drop Off,43.583791,-79.75902
6003,6003.0,Westwood Square Bus Terminal Drop Off,43.721445,-79.640814
6018,6018.0,Tomken Rd At Westcreek Blvd,43.686217,-79.701384
6019,6019.0,Tomken Rd At Advance Blvd,43.685977,-79.700681
6021,6021.0,Steeles Ave West Of Advance Blvd,43.698208,-79.697811
6022,6022.0,Steeles Ave At Dixie Rd,43.694767,-79.701962
6023,6023.0,Tomken Rd South Of Steeles Ave,43.689746,-79.705868
6024,6024.0,Steeles Ave At Tomken Rd,43.690996,-79.705562
6025,6025.0,Steeles Ave East Of Tomken Rd,43.692442,-79.703965
6026,6026.0,Steeles Ave West Of Dixie Rd,43.694345,-79.701869
6027,6027.0,Steeles Ave At Dixie Rd,43.695847,-79.700194
6028,6028.0,Steeles Ave East Of Advance Blvd,43.698748,-79.696517
6029,6029.0,Bramalea Go Station Platform 12,43.701996,-79.691202
6105,6105.0,Mavis Rd At Winterton Way,43.595685,-79.674953
6106,6106.0,Mavis Rd At Bristol Rd,43.598892,-79.680569
6107,6107.0,Mavis Rd At Lafayette Dr,43.602853,-79.685166
6108,6108.0,Mavis Rd At Avonwick Ave,43.606186,-79.687609
6109,6109.0,Mavis Rd At Matheson Blvd,43.60804,-79.689935
6110,6110.0,Mavis Rd At Rodeo Dr,43.610308,-79.693009
6111,6111.0,Derry Rd At West Credit Ave,43.607824,-79.7544
6112,6112.0,Mavis Rd At Craig Carrier Crt,43.627924,-79.717158
6113,6113.0,Mavis Rd At Boyer Blvd,43.614175,-79.698849
6114,6114.0,Mavis Rd At Plymouth Dr,43.610031,-79.693201
6115,6115.0,Mavis Rd At Matheson Blvd,43.608256,-79.690699
6116,6116.0,Mavis Rd At Father Dsouza Dr,43.606347,-79.688299
6117,6117.0,Mavis Rd At Preston Manor Dr,43.603201,-79.685667
6118,6118.0,Mavis Rd At Bristol Rd,43.599117,-79.681345
6119,6119.0,Mavis Rd At Winterton Way,43.595701,-79.675584
6120,6120.0,Derry Rd At Atwood Lane,43.621077,-79.741903
6124,6124.0,Mavis Rd At Cantay Rd,43.617003,-79.702084
6125,6125.0,Mavis Rd At Britannia Rd,43.612163,-79.696154
6127,6127.0,Hillcrest Ave At Confederation Pky,43.579391,-79.62417
6128,6128.0,Hillcrest Ave At Parkerhill Rd,43.577799,-79.625829
6129,6129.0,Hillcrest Ave At High Springs Cres,43.576038,-79.628633
6130,6130.0,Hillcrest Ave At Clayhill Rd,43.572728,-79.631675
6131,6131.0,Hillcrest Ave At Wheatstone Ave,43.570224,-79.633139
6133,6133.0,Mavis Rd At Novo Star Dr,43.630177,-79.7198
6134,6134.0,Derry Rd At Bellshire Gate,43.621568,-79.742367
6137,6137.0,Hillcrest Ave West Of Pearwood Pl,43.574253,-79.631127
6138,6138.0,Financial Dr At 6660 Financial Dr,43.611612,-79.738532
6139,6139.0,Creditview Rd At Derry Rd,43.61399,-79.744297
6140,6140.0,Hillcrest Ave At Mavis Rd,43.568598,-79.634954
6141,6141.0,Hillcrest Ave At Elmcreek Rd,43.569919,-79.633216
6142,6142.0,Hillcrest Ave At Clayhill Rd,43.572385,-79.631587
6143,6143.0,Hillcrest Ave At High Springs Cres,43.57581,-79.628921
6144,6144.0,Hillcrest Ave At Parkerhill Rd,43.577548,-79.625872
6145,6145.0,Hillcrest Ave At Confederation Pky,43.578862,-79.624368
6146,6146.0,Mavis Rd At Crawford Mill Ave,43.630312,-79.720615
6158,6158.0,Grand Park Dr At Central Pky,43.577649,-79.644138
6159,6159.0,Grand Park Dr South Of Webb Dr,43.580536,-79.646934
6160,6160.0,Webb Dr At Redmond Rd,43.581746,-79.64573
6161,6161.0,Webb Dr West Of Redmond Rd,43.581194,-79.646663
6162,6162.0,Grand Park Dr South Of Webb Dr,43.579918,-79.646428
6163,6163.0,Grand Park Dr At Central Pky,43.577068,-79.643755
6164,6164.0,Mavis Rd At Kaiser Dr,43.635616,-79.724656
6165,6165.0,Mavis Rd At Twain Ave,43.6374,-79.728002
6167,6167.0,Mclaughlin Rd At Kaiser Dr,43.638889,-79.720181
6168,6168.0,Mclaughlin Rd At Derry Rd,43.63697,-79.717722
6170,6170.0,Hillcrest Ave At Pearwood Pl,43.574937,-79.630439
6183,6183.0,Mavis Rd South Of Twain Ave,43.636918,-79.727566
6184,6184.0,Mavis Rd At Envoy Dr,43.63564,-79.725201
6202,6202.0,Webb Dr At Confederation Pky,43.583498,-79.643753
6203,6203.0,Webb Dr At Confederation Pky,43.584627,-79.642879
6602,6602.0,Mclaughlin Rd At Courtneypark Dr,43.62629,-79.702663
6604,6604.0,Mclaughlin Rd At Ramonet Dr,43.632107,-79.710615
6605,6605.0,Mclaughlin Rd At Arrowsmith Dr,43.634447,-79.713789
6606,6606.0,Mclaughlin Rd At Derry Rd,43.636329,-79.716263
6607,6607.0,Mclaughlin Rd At Derrydale Rd,43.638565,-79.719338
6608,6608.0,Mclaughlin Rd At Panhellenic Dr,43.641206,-79.722888
6609,6609.0,Mclaughlin Rd North Of Ray Lawson Blvd,43.652335,-79.738287
6610,6610.0,Mclaughlin Rd At Gurdwara Gate,43.648313,-79.732359
6612,6612.0,Mclaughlin Rd At Ray Lawson Blvd,43.651271,-79.736379
6613,6613.0,Mclaughlin Rd North Of Ray Lawson Blvd,43.652555,-79.73812
6614,6614.0,Mclaughlin Rd At Sheridan College Dr,43.653902,-79.739865
6615,6615.0,Mclaughlin Rd At Kingknoll Dr,43.653584,-79.739988
6616,6616.0,Mclaughlin Rd At Ray Lawson Blvd,43.650662,-79.736055
6617,6617.0,Mclaughlin Rd At Oaklea Blvd,43.648018,-79.732499
6618,6618.0,Mclaughlin Rd At Rossellini Dr,43.643254,-79.726069
6619,6619.0,Mclaughlin Rd At Twain Ave,43.641447,-79.723633
6620,6620.0,Mclaughlin Rd At Novo Star Dr,43.63472,-79.714571
6621,6621.0,Mclaughlin Rd At Rothschild Trail,43.632369,-79.711372
6622,6622.0,Mclaughlin Rd At Navigator Dr,43.628428,-79.706028
6623,6623.0,Mclaughlin Rd At Courtneypark Dr,43.626505,-79.703498
6624,6624.0,Sheridan College Brampton Campus,43.656881,-79.741224
6626,6626.0,Mclaughlin Rd At Sheridan College Dr,43.654235,-79.740483
6627,6627.0,Mclaughlin Rd At 6150 Mclaughlin Rd,43.618973,-79.693218
6628,6628.0,Mclaughlin Rd At Steeles Ave,43.656208,-79.743064
6670,6670.0,Mclaughlin Rd At Rossellini Dr,43.643174,-79.725529
6810,6810.0,Winterton Way At Stapleford Terr,43.599677,-79.671347
6812,6812.0,Winterton Way At Guildwood Way,43.599799,-79.670972
6813,6813.0,Guildwood Way At Bluesky Cres,43.598164,-79.669013
6814,6814.0,Guildwood Way At Constellation Dr,43.59638,-79.667331
6880,6880.0,Financial Dr South Of Syntex Crt,43.609353,-79.745292
7100,7100.0,Westwood Square Bus Terminal Platform I,43.721834,-79.640856
7200,7200.0,Humber College North Campus Platform 8,43.729215,-79.60496
7201,7201.0,Humber College North Campus Platform 1,43.729277,-79.605657
9000,9000.0,Bloor St At Islington Station,43.644552,-79.524218
9001,9001.0,Dundas St At East Mall Cres,43.630373,-79.549164
9002,9002.0,Dundas St At Paulart Dr,43.631065,-79.546529
9003,9003.0,Dundas St At Shorncliffe Rd,43.631802,-79.544854
9004,9004.0,Dundas St At Wilmar Rd,43.634537,-79.541394
9005,9005.0,Dundas St At Subway Cr,43.635892,-79.540044
9006,9006.0,Dundas St At Acorn Ave,43.636908,-79.539146
9007,9007.0,Dundas St At Aukland Rd,43.638287,-79.537958
9012,9012.0,Central Park Roadway At Islington Ave,43.648283,-79.525248
9013,9013.0,Bloor St At Resurrection Rd,43.643175,-79.530648
9016,9016.0,Dundas St At Poplar Ave,43.636262,-79.540085
9017,9017.0,Dundas St At Wilmar Rd,43.634959,-79.54137
9018,9018.0,Dundas St At Shaver Ave,43.63242,-79.544507
9019,9019.0,Dundas St At Paulart Dr,43.63134,-79.546605
9020,9020.0,Dundas St West Of East Mall Cres,43.630264,-79.551263
9021,9021.0,Brampton Gateway Terminal Drop Off,43.664911,-79.734505
9022,9022.0,Bloor St At Mill Rd,43.631942,-79.575209
9023,9023.0,Bloor St At Forestview Rd,43.632864,-79.57303
9024,9024.0,Bloor St At East Markland Dr,43.633601,-79.570348
9025,9025.0,Bloor St At Koos Rd,43.634539,-79.566172
9026,9026.0,Dundas St At Highway 427,43.628824,-79.555181
9027,9027.0,Bloor St At The East Mall,43.63688,-79.556174
9028,9028.0,Bloor St At Tremont Rd,43.637962,-79.551968
9029,9029.0,Bloor St At Shaver Ave,43.638996,-79.547377
9030,9030.0,Bloor St At Wilmar Rd,43.639677,-79.544577
9031,9031.0,Bloor St At Acorn Ave,43.64029,-79.541798
9033,9033.0,Aukland Rd At Dundas St,43.638604,-79.538367
9034,9034.0,Bloor St At Ashbourne Dr,43.640525,-79.541508
9035,9035.0,Bloor St At Martin Grove Rd,43.639754,-79.544935
9036,9036.0,Bloor St At Shaver Ave,43.639132,-79.54769
9037,9037.0,Bloor St At Laurel Ave,43.638287,-79.55138
9038,9038.0,Bloor St At The East Mall,43.637057,-79.556616
9040,9040.0,Bloor St At Peacock Ave,43.635055,-79.565664
9041,9041.0,Bloor St At East Markland Dr,43.633677,-79.570693
9042,9042.0,Bloor St At Mapledawn Rd,43.632918,-79.573314
9043,9043.0,Bloor St At Mill Rd,43.632342,-79.574681
9044,9044.0,Bloor St West Of Mill Rd,43.631328,-79.577244
9045,9045.0,Carlingview Dr South Of Fasken Dr,43.690908,-79.597582
9046,9046.0,Bloor St At Resurrection Rd,43.642835,-79.531011
9048,9048.0,Islington Ave At Islington Station,43.645404,-79.523591
9049,9049.0,Cordova Ave At 90 Cordova Ave,43.647778,-79.524355
9050,9050.0,Cordova Ave At Central Park Roadway,43.647629,-79.52615
9051,9051.0,Burnhamthorpe Rd At Dundas St,43.649014,-79.529118
9052,9052.0,Aukland Rd At Bloor St,43.640186,-79.540476
9053,9053.0,Burnhamthorpe Rd At Burnhamthorpe Cr,43.64951,-79.530816
9054,9054.0,Burnhamthorpe Rd At Burnhamthorpe Park Blvd,43.650494,-79.534021
9056,9056.0,Kipling Terminal Platform 3,43.635344,-79.538814
9057,9057.0,Kipling Terminal Platform 4,43.635507,-79.538633
9058,9058.0,Sherway Gardens Bus Terminal Platform A,43.610027,-79.558309
9059,9059.0,Kipling Terminal Platform 5,43.635636,-79.538445
9060,9060.0,The West Mall North Of Sherway Dr,43.60979,-79.560638
9061,9061.0,Kipling Terminal Platform 6 Drop Off,43.635751,-79.538305
9062,9062.0,Kipling Terminal Platform 11,43.635686,-79.538133
9063,9063.0,Burnhamthorpe Rd At Silver Shadow Path,43.641829,-79.578361
9064,9064.0,Burnhamthorpe Rd At Saturn Rd,43.642414,-79.576131
9065,9065.0,Burnhamthorpe Rd At Renforth Dr,43.643184,-79.572709
9066,9066.0,Burnhamthorpe Rd At Mulgrove Dr,43.644058,-79.568976
9067,9067.0,Burnhamthorpe Rd At The West Mall,43.644352,-79.567499
9068,9068.0,Burnhamthorpe Rd At The East Mall,43.646221,-79.559459
9069,9069.0,Burnhamthorpe Rd At 400 Burnhamthorpe Rd,43.646994,-79.556486
9071,9071.0,Burnhamthorpe Rd At Shaver Ave,43.648144,-79.551391
9072,9072.0,Burnhamthorpe Rd At Martin Grove Rd,43.648503,-79.549815
9073,9073.0,Burnhamthorpe Rd At Ashbourne Dr,43.649306,-79.546347
9074,9074.0,Burnhamthorpe Rd At Botfield Ave,43.650383,-79.541764
9075,9075.0,Burnhamthorpe Rd At Kipling Ave,43.650851,-79.539632
9077,9077.0,Burnhamthorpe Rd At Holloway Rd,43.650362,-79.534461
9078,9078.0,Burnhamthorpe Rd At Burnhamthorpe Cres,43.649452,-79.531603
9079,9079.0,Cordova Ave At Dundas St,43.648541,-79.528413
9083,9083.0,Burnhamthorpe Rd At Kipling Ave,43.651061,-79.539693
9084,9084.0,Burnhamthorpe Rd At Echo Valley Rd,43.650379,-79.542653
9085,9085.0,Burnhamthorpe Rd At Appleby Rd,43.649325,-79.547181
9086,9086.0,Burnhamthorpe Rd At Martin Grove Rd,43.648798,-79.549464
9087,9087.0,Burnhamthorpe Rd At Shaver Ave,43.648198,-79.552023
9089,9089.0,Burnhamthorpe Rd At 400 Burnhamthorpe Rd,43.647226,-79.556183
9090,9090.0,Burnhamthorpe Rd At The East Mall,43.646491,-79.559574
9091,9091.0,Burnhamthorpe Rd At The West Mall,43.644786,-79.567037
9092,9092.0,Burnhamthorpe Rd At Mulgrove Dr,43.644296,-79.568735
9093,9093.0,Burnhamthorpe Rd At Renforth Dr,43.643388,-79.572836
9094,9094.0,Burnhamthorpe Rd At East Old Burnhamthorpe Rd,43.642748,-79.575681
9095,9095.0,Burnhamthorpe Rd At Silver Shadow Path,43.641844,-79.578858
9099,9099.0,Kipling Terminal Platform 12,43.63556,-79.538267
9100,9100.0,Finch Ave At Humber College Blvd,43.734009,-79.610306
9101,9101.0,Finch Ave At Humber College Blvd,43.734312,-79.61081
9103,9103.0,Finch Ave At Humberline Dr,43.735144,-79.616921
9105,9105.0,Kipling Terminal Platform 13,43.635423,-79.538423
9106,9106.0,Kipling Terminal Platform 14,43.635259,-79.538613
9107,9107.0,Rexdale Blvd At Tidemore Ave,43.714689,-79.585502
9108,9108.0,Rexdale Blvd At Martin Grove Rd,43.713702,-79.581416
9109,9109.0,Rexdale Blvd East Of Martin Grove Rd,43.713169,-79.579033
9110,9110.0,Rexdale Blvd Opposite 230 Rexdale Blvd,43.712661,-79.5766
9111,9111.0,Rexdale Blvd West Of Brydon Dr,43.712111,-79.574378
9112,9112.0,Rexdale Blvd At Kipling Ave,43.711461,-79.567058
9113,9113.0,Rexdale Blvd At Frost St,43.712274,-79.563766
9114,9114.0,Bergamot Ave At Rexdale Blvd,43.714051,-79.559585
9115,9115.0,Bergamot Ave At Islington Ave,43.716773,-79.556293
9116,9116.0,Islington Ave At Rexdale Blvd,43.715145,-79.555267
9117,9117.0,Kipling Terminal Platform 15,43.635149,-79.538722
9118,9118.0,Kipling Terminal Platform 16,43.63523,-79.539005
9119,9119.0,Rexdale Blvd At Frost St,43.712433,-79.564105
9120,9120.0,Rexdale Blvd At Kipling Ave,43.711833,-79.566577
9121,9121.0,Rexdale Blvd At Brydon Dr,43.711621,-79.57115
9122,9122.0,Rexdale Blvd West Of Brydon Dr,43.71237,-79.574236
9123,9123.0,Rexdale Blvd At 240 Rexdale Blvd,43.713036,-79.577062
9124,9124.0,Rexdale Blvd At Martin Grove Rd,43.713931,-79.580939
9125,9125.0,Rexdale Blvd At Tidemore Ave,43.714854,-79.585014
9126,9126.0,Dundas St At Kipling Ave,43.640071,-79.535102
9127,9127.0,Humber College Blvd At Etobicoke Hospital,43.730782,-79.599575
9128,9128.0,Humber College Blvd At Lynmont Rd,43.731703,-79.596177
9129,9129.0,Humber College Blvd At Tamarisk Dr,43.733405,-79.593964
9131,9131.0,Finch Ave At Damascus Dr,43.735556,-79.59754
9132,9132.0,Finch Ave At Westmore Dr,43.734969,-79.600348
9133,9133.0,Finch Ave At Woodbine Downs Blvd,43.73388,-79.606296
9150,9150.0,Rexdale Blvd At Brydon Dr,43.711538,-79.571723
9156,9156.0,Dundas At At Highway 427,43.629314,-79.554744
9157,9157.0,The West Mall At The Queensway,43.611785,-79.562357
9158,9158.0,The West Mall At North Sherway Dr,43.610435,-79.561523
9159,9159.0,The West Mall At South Sherway Dr,43.609492,-79.560616
9160,9160.0,Dundas St At West Mall Cres,43.627285,-79.562438
9161,9161.0,Bloor St At West Markland Dr,43.629163,-79.579913
9162,9162.0,Aukland Rd North Of Dundas St,43.638908,-79.539302
9163,9163.0,Burnhamthorpe Rd At Mill Rd,43.639004,-79.584394
9960,9960.0,Dixon Rd East Of Highway 427,43.686423,-79.59806
9961,9961.0,Dixon Rd At Carlingview Dr,43.686564,-79.59582
9970,9970.0,Carlingview Dr North Of International Blvd,43.677274,-79.591086
9972,9972.0,Carlingview Dr North Of Meteor Dr,43.683218,-79.593803
place_401403,,401 Hwy W/403 Hwy W,43.64462,-79.650158
place_401427,,401 HWY E/427 HWY,43.668148,-79.590589
place_401dix,,401 Hwy/Dixie,43.648324,-79.637577
place_401hur,,401 Hwy/Hurontario,43.629919,-79.68439
place_401isl,,401 Hwy/Islington Ave,43.709475,-79.552347
place_401mis,,401 Hwy/Mississauga Rd,43.605654,-79.746168
place_401mvs,,401 Hwy/Mavis,43.620662,-79.70798
place_401wch,,401 Hwy/W Churchill Blvd,43.600408,-79.788179
place_403401,,403 Hwy E/401 Hwy E,43.640983,-79.651765
place_403410,,403 Hwy E/410 Hwy N,43.633946,-79.652877
place_403con,,403 Hwy/Confederation Pky,43.591695,-79.654067
place_403emp,,403 Hwy/Erin Mills Pky,43.554029,-79.696628
place_403hur,,403 Hwy/Hurontario,43.600777,-79.64461
place_403mav,,403 Hwy/Mavis,43.585935,-79.660426
place_403wch,,403 Hwy/W Churchill Blvd,43.543327,-79.709682
place_407hgo,,Hurontario & 407 Park and Ride,43.653142,-79.711644
place_407hur,,407 Hwy/Hurontario,43.653742,-79.716745
place_407mav,,407 Hwy/Mavis,43.641118,-79.736851
place_407mis,,407 Hwy/Mississauga Rd,43.615788,-79.759726
place_410403,,410 Hwy S/403 Hwy W,43.623844,-79.638452
place_410dry,,410 Hwy/Derry,43.661285,-79.690316
place_427401,,427 Hwy/401 Hwy W,43.670127,-79.583845
place_427bwn,,427 Hwy/Browns Line,43.60979,-79.548557
place_aamsps,,Allan A Martin Senior Public School,43.584333,-79.569212
place_abljay,,Ambler/Jayson Crt,43.639943,-79.646174
place_admedw,,Edwards/Admiral,43.645039,-79.699509
place_admhur,,Admiral/Hurontario,43.643499,-79.70268
place_admken,,Admiral/Kennedy,43.652722,-79.69111
place_agonss,,St Aloysius Gonzaga Sec School,43.557117,-79.718067
place_aimcrk,,Aimco/Creekbank,43.645907,-79.616962
place_aimdix,,Aimco/Dixie,43.638498,-79.624533
place_aimmgt,,Aimco/Maingate,43.632793,-79.630837
place_aldave,,Aldridge/Avebury,43.620653,-79.678024
place_alpfal,,Alpha Mills/Falconer,43.595517,-79.727094
place_alpmis,,Alpha Mills/Mississauga Rd,43.593278,-79.729415
place_ambhur,,Ambassador/Hurontario,43.639229,-79.696944
place_ambken,,Ambassador/Kennedy,43.649787,-79.687181
place_amrair,,American/Airport Rd,43.689177,-79.621254
place_amrntm,,American/Northam,43.69495,-79.615388
place_amrvsc,,American/Viscount,43.691609,-79.619113
place_anaccc,,Anapilis Christian Community Centre,43.560567,-79.617777
place_angcol,,Angel Pass/Columbo,43.543029,-79.714343
place_angrid,,Angel Pass/Ridgeway,43.536111,-79.722126
place_aplwss,,Applewood Heights Sec School,43.606923,-79.603928
place_aqiedn,,Aquitaine/Edenwood,43.581219,-79.76617
place_aqigle,,Aquitaine/Glen Erin,43.586297,-79.75861
place_aqimlc,,Aquitaine/Millcreek,43.5953,-79.756083
place_aqimon,,Aquitaine/Montevideo,43.590267,-79.756051
place_aqimtn,,Aquitaine/MDTC Access Rd,43.585102,-79.760542
place_aqitth,,Aquitaine/Tenth Line,43.578978,-79.76961
place_aqiwch,,Aquitaine/W Churchill Blvd,43.582641,-79.763627
place_aqnmdx,,Aquinas/Middlesex,43.542475,-79.721992
place_aqnrid,,Aquinas/Ridgeway,43.538561,-79.72627
place_aqnsse,,Aquinas Ave/Sebastian Dr,43.540305,-79.724377
place_argcre,,Argentia/Creditview,43.609058,-79.727423
place_argkit,,Argentia/Kitimat,43.603533,-79.73662
place_argkmn,,Argentia/Kinsmen,43.60662,-79.730832
place_argmis,,Argentia/Mississauga Rd,43.600851,-79.740085
place_argtth,,Argentia/Tenth Line,43.59297,-79.788948
place_argtvl,,Argentia/Turner Valley,43.597952,-79.742561
place_argwch,,Argentia/W Churchill Blvd,43.597401,-79.784002
place_arloop,,Argentia Bus Loop,43.593766,-79.787606
place_arrmlg,,Arrowsmith/McLaughlin,43.634653,-79.714275
place_artseb,,Artesian/Sebastian,43.539075,-79.722249
place_artsth,,Artesian/Southhampton,43.544147,-79.716881
place_arwntm,,Airway/Northam,43.69756,-79.619808
place_atwcaw,,Atwater/Cawthra,43.57466,-79.573155
place_atwogd,,Atwater/Ogden,43.581749,-79.565494
place_avltth,,Avalon/Tenth Line,43.586052,-79.7794
place_barhur,,Barondale/Hurontario,43.616921,-79.666815
place_batedn,,Battleford/Edenwood,43.578008,-79.75982
place_batemp,,Battleford/Erin Mills Pky,43.58574,-79.742308
place_batgle,,Battleford/Glen Erin,43.582716,-79.753915
place_batmgv,,Battleford/Millers Grove,43.575198,-79.761401
place_batmon,,Battleford/Montevideo,43.584988,-79.747588
place_battth,,Battleford/Tenth Line,43.574042,-79.762725
place_batwch,,Battleford/W Churchill Blvd,43.579229,-79.758656
place_bayfrm,,Shelter Bay/Formentera,43.586361,-79.762907
place_benars,,Benares House Museum,43.52774,-79.638166
place_bfdgle,,Burnford/Glen Erin,43.562622,-79.723188
place_bgtcat,,Brandon Gate/Catalpa,43.723947,-79.648924
place_bgtgor,,Brandon Gate/Goreway,43.725492,-79.647785
place_bgtnwd,,Brandon Gate/Netherwood,43.719803,-79.652518
place_bloack,,Bloor/Aukland,43.640653,-79.540586
place_blocaw,,Bloor/Cawthra,43.601236,-79.609399
place_blocpe,,Bloor/Central Pky E,43.59702,-79.621142
place_blodbl,,Bloor/Dunbloor,43.642697,-79.532168
place_blodix,,Bloor/Dixie,43.616794,-79.59459
place_bloeml,,Bloor/East Mall,43.636959,-79.556693
place_bloflg,,Bloor/Fieldgate,43.623164,-79.58765
place_bloisl,,Bloor/Islington Ave,43.644619,-79.523392
place_blokip,,Bloor/Kipling,43.64182,-79.535388
place_blomrd,,Bloor/Mill,43.632049,-79.575145
place_blomvl,,Bloor/Mississauga Valley,43.599071,-79.612782
place_blosha,,Bloor/Shaver,43.639034,-79.547766
place_blotom,,Bloor/Tomken,43.607403,-79.603433
place_blowml,,Bloor/West Mall,43.635625,-79.562316
place_bnccre,,Bancroft/Creditview,43.59989,-79.715164
place_bncivn,,Bancroft/Ivandale,43.615496,-79.704236
place_bncsla,,Bancroft/Silken Laumann,43.611994,-79.707422
place_bnctrm,,Bancroft/Tremaine,43.606407,-79.710243
place_bnhnet,,Bonhill/Netherhart,43.670491,-79.646639
place_bobmwd,,Bob-O-Link/Meadow Wood,43.512641,-79.610582
place_boyivn,,Boyer/Ivandale,43.612887,-79.701182
place_bragat,,Brampton Gateway,43.665945,-79.733887
place_bralea,,Bramalea GO Station,43.70215,-79.693157
place_bramcc,,Bramalea Transit Terminal,43.719016,-79.720656
place_brcwpk,,Bristol Circle/Winston Park,43.508992,-79.670901
place_brecam,,Bresler/Campus,43.687523,-79.606601
place_brgisl,,Bergamot/Islington Ave,43.716959,-79.556015
place_bri9th,,Britannia/Ninth Line,43.554708,-79.760051
place_briatl,,Britannia/Atlantic,43.659472,-79.642967
place_brican,,Britannia/Cantay,43.623454,-79.682759
place_brichm,,Britannia/Churchill Meadows,43.558106,-79.756242
place_bricre,,Britannia/Creditview,43.597576,-79.712005
place_bridix,,Britannia/Dixie,43.655394,-79.647598
place_briemp,,Britannia/Erin Mills Pky,43.57851,-79.73333
place_brifre,,Britannia/Freemont,43.620543,-79.685661
place_brigle,,Britannia/Glen Erin,43.574516,-79.737786
place_brigrb,,Britannia/Grossbeak,43.561478,-79.752495
place_brihur,,Britannia/Hurontario,43.626298,-79.679561
place_briken,,Britannia/Kennedy,43.634203,-79.666321
place_brimav,,Britannia/Mavis,43.612068,-79.695697
place_brimlg,,Britannia/McLaughlin,43.616858,-79.690178
place_brinet,,Britannia/Netherhart,43.661522,-79.640453
place_briqen,,Britannia/Queen,43.588167,-79.722425
place_bririv,,Britannia/River Grove,43.595024,-79.714847
place_brirod,,Britannia/Rodeo,43.614769,-79.692565
place_brisla,,Britannia/Silken Laumann,43.607312,-79.701079
place_britom,,Britannia/Tomken,43.645786,-79.658241
place_britth,,Britannia/Tenth Line,43.564351,-79.749315
place_briwch,,Britannia/W Churchill Blvd,43.568681,-79.744235
place_briwhi,,Britannia/Whittle,43.628271,-79.677324
place_brosdw,,Bromsgrove/Southdown,43.514698,-79.634809
place_brosea,,Bromsgrove/Seagull,43.508772,-79.642254
place_browch,,Bromsgrove/W Churchill Blvd,43.500568,-79.651257
place_brsbar,,Bristol/Barondale,43.619664,-79.650395
place_brscre,,Bristol Rd/Creditview,43.586781,-79.696999
place_brsgui,,Bristol Rd/Guildwood,43.601543,-79.673065
place_brshun,,Bristol Rd/Huntingfield,43.611777,-79.666582
place_brshur,,Bristol/Hurontario,43.614479,-79.663535
place_brsken,,Bristol/Kennedy,43.620781,-79.648188
place_brsmav,,Bristol Rd/Mavis,43.598932,-79.68089
place_brsmlg,,Bristol Rd/McLaughlin,43.602991,-79.671422
place_brsriv,,Bristol Rd/River Grove,43.584016,-79.703227
place_brsswg,,Bristol/Sweetgrass,43.593672,-79.686964
place_brstfx,,Bristol Rd/Terry Fox,43.595512,-79.684917
place_brswil,,Bristol/Wildwood,43.615988,-79.658644
place_brtcaw,,Cawthra Stn,43.616355,-79.628908
place_brtcen,,Central Parkway Stn,43.607875,-79.636545
place_brtcte,,City Centre East,43.594626,-79.646749
place_brtctt,,City Centre,43.594327,-79.647132
place_brtctw,,City Centre West,43.594244,-79.647362
place_brtdxe,,Dixie Stn East,43.629884,-79.614763
place_brtdxw,,Dixie Stn West,43.629891,-79.614937
place_brtece,,Etobicoke Creek Stn East,43.645523,-79.610213
place_brteme,,Erin Mills Stn East,43.552214,-79.700094
place_brtemw,,Erin Mills Stn West,43.552172,-79.700327
place_brtetw,,Etobicoke Creek Stn West,43.645584,-79.610437
place_brtore,,Orbitor Stn East,43.656875,-79.598361
place_brtorw,,Orbitor Stn West,43.656928,-79.598569
place_brtrne,,Renforth Stn East,43.663101,-79.590908
place_brtrnw,,Renforth Stn West,43.663266,-79.591095
place_brtspe,,Spectrum Stn East,43.649685,-79.605668
place_brtspw,,Spectrum Stn West,43.649644,-79.606037
place_brttae,,Tahoe Stn East,43.638854,-79.609984
place_brttaw,,Tahoe Stn West,43.638721,-79.610176
place_brttom,,Tomken Stn,43.621747,-79.623502
place_brtwce,,Winston Churchill Stn East,43.542062,-79.712388
place_brtwcw,,Winston Churchill Stn West,43.542107,-79.712618
place_bruhur,,Brunel/Hurontario,43.624816,-79.677511
place_bruken,,Brunel/Kennedy,43.632675,-79.664285
place_bruwhi,,Brunel/Whittle,43.626667,-79.674904
place_bthcmc,,Burnhamthorpe Community Centre,43.623921,-79.598422
place_bur427,,427 Hwy/Burnhamthorpe,43.645518,-79.563568
place_bur9th,,Burnhamthorpe/Ninth Line,43.522041,-79.715989
place_burcar,,Burnhamthorpe/Clarica,43.595515,-79.632971
place_burcaw,,Burnhamthorpe/Cawthra,43.607784,-79.61848
place_burcln,,Burnhamthorpe/Colonial,43.52928,-79.707977
place_burcon,,Burnhamthorpe/Confederation,43.585223,-79.645021
place_burcpe,,Burnhamthorpe/Central Pky E,43.601187,-79.626201
place_burcre,,Burnhamthorpe/Creditview,43.568377,-79.664271
place_burdix,,Burnhamthorpe/Dixie,43.622456,-79.602577
place_burduk,,Burnhamthorpe/Duke Of York,43.588234,-79.641596
place_burdun,,Burnhamthorpe/Dundas,43.648785,-79.528733
place_bureml,,Burnhamthorpe/East Mall,43.646292,-79.559991
place_buremp,,Burnhamthorpe/Erin Mills Pky,43.546442,-79.683261
place_burese,,Burnhamthorpe EB/E Station Rd,43.570812,-79.661443
place_buresw,,Burnhamthorpe WB/E Station Rd,43.570812,-79.661443
place_burflg,,Burnhamthorpe/Fieldgate,43.628445,-79.596054
place_burfol,,Burnhamthorpe/Folkway,43.542028,-79.693606
place_burgle,,Burnhamthorpe/Glen Erin,43.542902,-79.691285
place_burhur,,Burnhamthorpe/Hurontario,43.593667,-79.635069
place_burkar,,Burnhamthorpe/Kariya,43.591483,-79.63767
place_burkip,,Burnhamthorpe/Kipling,43.651,-79.539331
place_burliv,,Burnhamthorpe/Living Arts,43.586813,-79.643251
place_burloy,,Burnhamthorpe/Loyalist,43.53297,-79.703839
place_burmav,,Burnhamthorpe/Mavis,43.579421,-79.651579
place_burmis,,Burnhamthorpe/Mississauga Rd,43.553121,-79.675614
place_burmrd,,Burnhamthorpe/Mill,43.639214,-79.584348
place_burncc,,Burnhamthorpe Community Centre,43.624001,-79.598581
place_burpon,,Burnhamthorpe/Ponytrail,43.633189,-79.590849
place_burrid,,Burnhamthorpe/Ridgeway,43.526123,-79.711484
place_bursha,,Burnhamthorpe/Shaver,43.648204,-79.551675
place_bursmi,,Burnhamthorpe/Sawmill Valley,43.550516,-79.676683
place_bursmw,,Burnhamthorpe/South Millway,43.548305,-79.679557
place_burspk,,Burnhamthorpe/Robert Speck,43.597192,-79.630889
place_burtom,,Burnhamthorpe/Tomken,43.613838,-79.612046
place_burwch,,Burnhamthorpe/W Churchill Blvd,43.536277,-79.700104
place_burwdl,,Burnhamthorpe/Credit Woodlands,43.56382,-79.669559
place_burwml,,Burnhamthorpe/West Mall,43.64484,-79.56625
place_burwol,,Burnhamthorpe/Wolfedale,43.576302,-79.655166
place_cactth,,Cactus Gate/Tenth Line,43.590037,-79.784956
place_canfre,,Cantay/Freemont,43.623719,-79.690202
place_canmav,,Cantay/Mavis,43.617062,-79.702517
place_canmlg,,Cantay/McLaughlin,43.621174,-79.695996
place_canwhr,,Cantay/White Hart,43.62258,-79.693685
place_caraop,,CARA Operations Building,43.671178,-79.628674
place_carkha,,Cardiff/Khalsa,43.672861,-79.67968
place_carlor,,Cardiff/Lorimar,43.669877,-79.687363
place_carmss,,Mount Carmel Sec School,43.573353,-79.773217
place_cartmk,,Cardiff/Transmark,43.673423,-79.683291
place_cartom,,Cardiff/Tomken,43.668597,-79.68883
place_cawctr,,Cawthra Community Centre,43.578468,-79.575988
place_cawsen,,Cawthra Seniors Citizen Centre,43.57844,-79.575889
place_cawtss,,Cawthra Park Sec School,43.575336,-79.573981
place_cclmwd,,Country Club/Meadow Wood,43.509954,-79.604285
place_ccterm,,City Centre Transit Terminal,43.594747,-79.646356
place_cemete,,Streetsville Cemetery,43.579343,-79.710375
place_cerfrw,,Ceremonial/Fairwind,43.604655,-79.662762
place_cergui,,Ceremonial/Guildwood,43.598473,-79.669279
place_cerhun,,Ceremonial/Huntingfield,43.608095,-79.658956
place_cerhur,,Ceremonial/Hurontario,43.609237,-79.656477
place_cermlg,,Ceremonial/McLaughlin,43.599891,-79.667266
place_chichu,,Chinese Catholic Church,43.613552,-79.664349
place_chmecc,,Churchill Meadows Community Centre,43.540782,-79.743078
place_chuvic,,Churchill/Victory,43.708279,-79.6442
place_citduk,,City Centre Dr/Duke of York,43.58907,-79.642965
place_citkar,,City Centre Dr/Kariya,43.592258,-79.639201
place_citliv,,City Centre Dr/Living Arts,43.587629,-79.644471
place_cksngo,,Clarkson GO Station,43.512849,-79.63312
place_cksnss,,Clarkson Sec School,43.504051,-79.647333
place_ckvlgo,,Cooksville GO Station,43.582302,-79.623609
place_clahur,,Clarica/Hurontario,43.594827,-79.636455
place_clalan,,Clara/Langworthy,43.719879,-79.649028
place_colcln,,Collegeway/Colonial,43.524966,-79.702364
place_colemp,,Collegeway/Erin Mills Pky,43.544121,-79.679821
place_colgle,,Collegeway/Glen Erin,43.536616,-79.685691
place_colloy,,Collegeway/Loyalist,43.529581,-79.694828
place_collrd,,Collegeway/Laird,43.521284,-79.706353
place_colmis,,Collegeway/Mississauga Rd,43.544904,-79.662734
place_colrid,,Collegeway/Ridgeway,43.523209,-79.704592
place_colsmw,,Collegeway/South Millway,43.541385,-79.681515
place_colwch,,Collegeway/W Churchill Blvd,43.53088,-79.692721
place_confli,,Convair/Flightline,43.667515,-79.602102
place_conren,,Convair/Renforth,43.672146,-79.593535
place_coptam,,Copenhagen/Tamar,43.595146,-79.768487
place_cor410,,410 Hwy/Courtneypark,43.651884,-79.677723
place_cordix,,Courtneypark/Dixie,43.663345,-79.658309
place_coredw,,Courtneypark/Edwards,43.639666,-79.691083
place_corhur,,Courtneypark/Hurontario,43.63719,-79.694199
place_corken,,Courtneypark/Kennedy,43.647702,-79.684399
place_cormav,,Courtneypark/Mavis,43.623895,-79.711988
place_cormlg,,Courtneypark/McLaughlin,43.62636,-79.703085
place_cornet,,Courtneypark/Netherhart,43.671919,-79.648604
place_corord,,Courtneypark/Ordan,43.661825,-79.660017
place_corshw,,Courtneypark/Shawson,43.657332,-79.6654
place_cortom,,Courtneypark/Tomken,43.654762,-79.669711
place_corvip,,Courtneypark/Vipond,43.659302,-79.662876
place_cpecli,,Central Pky E/Cliff,43.593797,-79.621922
place_cpehur,,Central Pky/Hurontario,43.58922,-79.629112
place_cpemvl,,Central Pky E/Mississ Valley,43.591158,-79.626293
place_cpkisl,,Central Pk Rdwy/Islington Ave,43.648386,-79.52506
place_cpkyga,,Central Parkway Garage,43.569794,-79.653007
place_cprrch,,Coopers/Rose Cherry,43.632624,-79.66005
place_cpwcon,,Central Pky W/Confederation,43.583353,-79.636206
place_cpwesr,,Central Pky W/E Station Rd,43.567197,-79.656532
place_cpwmav,,Central Pky W/Mavis,43.57514,-79.64594
place_cpwred,,Central Pky W/Redmond,43.578944,-79.640963
place_cpwsem,,Central Pky W/Semenyk,43.569023,-79.65387
place_cpwwol,,Central Pky W/Wolfedale,43.571851,-79.648739
place_cramav,,Crawford Mill/Mavis,43.63018,-79.720085
place_creegl,,Creditview/Eglington,43.577913,-79.685251
place_crefin,,Creditview/Financial,43.612919,-79.739498
place_creolc,,Creditview/Old Creditview,43.61364,-79.734613
place_cretec,,Creekbank/Tech,43.64252,-79.615717
place_cromar,,Croatian Martyrs Church,43.567675,-79.694637
place_crotre,,Crosscurrent/Tradewind,43.596615,-79.775309
place_crowch,,Crosscurrent/W Churchill Blvd,43.594722,-79.780166
place_cttlyb,,BRT City Centre,43.594733,-79.64669
place_cvahos,,Credit Valley Hospital Layby,43.558707,-79.703386
place_cvecvr,,CVHO Access Rd/Cred Valley Rd,43.560921,-79.701655
place_cvhjnt,,CValley Hospital/Fork,43.560127,-79.703913
place_cvrcha,,Credit Valley/The Chase,43.557682,-79.701142
place_cvremp,,Credit Valley Rd/Erin Mills Pky,43.556549,-79.702009
place_cvrgle,,Credit Valley/Glen Erin,43.552444,-79.707655
place_cvrkim,,Credit Valley Rd/Kimbermount,43.548411,-79.713325
place_cvrwch,,Credit Valley Rd/W Churchill Blv,43.54683,-79.714448
place_cxcpga,,Central Parkway Annex Garage,43.568685,-79.65749
place_dakken,,Dakota/Kennedy,43.618575,-79.645177
place_daknah,,Dakota/Nahani Way,43.617117,-79.648208
place_danasp,,Danton Promenade/Aspen,43.588457,-79.777803
place_dclbgt,,Darcel/Brandon Gate,43.732071,-79.634673
place_dclfch,,Darcel/Finch,43.733389,-79.633788
place_dclnet,,Darcel/Netherbrae,43.719978,-79.627152
place_dcsfal,,Dream Crest/Fallingbrook,43.587781,-79.68599
place_dee9th,,Deepwood/Ninth Line,43.546173,-79.748602
place_deechm,,Deepwood/Churchill Meadows,43.54963,-79.743641
place_delhot,,Delta Toronto Airport West Hotel,43.643545,-79.633209
place_der427,,427 Hwy/Derry,43.718402,-79.620335
place_der9th,,Derry/Ninth Line,43.574347,-79.786993
place_derair,,Derry/Airport Rd,43.703571,-79.642035
place_derarg,,Derry/Argentia,43.601274,-79.756505
place_derbay,,Derry/Shelter Bay,43.590857,-79.768191
place_derbel,,Derry/Bellshire,43.621358,-79.742073
place_derbra,,Derry/Bramalea,43.684808,-79.663538
place_dercar,,Derry/Cardiff,43.671697,-79.678119
place_dercop,,Derry/Copenhagen,43.595076,-79.76362
place_derdan,,Derry/Danton Promenade,43.586089,-79.773627
place_derdix,,Derry/Dixie,43.675236,-79.674283
place_deredw,,Derry Rd/Edwards Blvd,43.648665,-79.703275
place_derenv,,Derry/Envoy,43.633104,-79.726333
place_derfin,,Derry/Financial,43.611748,-79.749238
place_dergle,,Derry/Glen Erin,43.592984,-79.76588
place_dergor,,Derry/Goreway,43.713621,-79.631604
place_derhur,,Derry/Hurontario,43.646077,-79.706108
place_derkdr,,Derry/Kenderry,43.652276,-79.699341
place_derken,,Derry/Kennedy,43.65585,-79.695295
place_dermav,,Derry/Mavis,43.632881,-79.722408
place_dermdv,,Derry/Meadowvale,43.614121,-79.744765
place_dermis,,Derry/Mississauga Rd,43.610051,-79.752148
place_dermlc,,Derry/Millcreek,43.59724,-79.761383
place_dermlg,,Derry/McLaughlin,43.636582,-79.716887
place_derpro,,Derry/Professional,43.709562,-79.636264
place_derros,,Derry/Rosehurst,43.577008,-79.784091
place_derrxw,,Derry/Rexwood,43.716252,-79.627249
place_dersyn,,Derry/Syntex,43.605054,-79.754631
place_derter,,Derry/Terragar,43.581543,-79.778686
place_dertom,,Derry/Tomken,43.665625,-79.684863
place_dertor,,Derry/Torbram,43.694503,-79.652576
place_dertth,,Derry/Tenth Line,43.58385,-79.776373
place_derwch,,Derry/W Churchill Blvd,43.588168,-79.770946
place_dirdav,,Director Gt/Davand,43.670921,-79.671748
place_discar,,Disco/Carlingview,43.699768,-79.601452
place_dixigo,,Dixie GO Station,43.608025,-79.577802
place_dixxrr,,Dixie Railroad Underpass,43.606345,-79.579667
place_dlv9th,,Doug Leavens/Ninth Line,43.565977,-79.775571
place_dlvlis,,Doug Leavens/Lisgar,43.567677,-79.773679
place_dlvtry,,Doug Leavens/Trelawny,43.571265,-79.770733
place_dncwch,,Duncairn/W Churchill Blvd,43.556705,-79.727919
place_dnw2nd,,Donway/Second Line,43.615956,-79.712207
place_dovasp,,Doverwood/Aspen,43.593777,-79.78358
place_drwbra,,Drew/Bramalea,43.689628,-79.66997
place_drwdix,,Drew/Dixie,43.681201,-79.682414
place_drwkbl,,Drew/Kimbel,43.702412,-79.655912
place_drwtor,,Drew/Torbram,43.699266,-79.659432
place_drwtrn,,Drew/Tranmere,43.688448,-79.671411
place_dun403,,403 Hwy/Dundas,43.511978,-79.693327
place_dun427,,427 Hwy/Dundas,43.628577,-79.556732
place_dun8th,,Dundas/Eighth Line,43.493655,-79.713214
place_dun9th,,Dundas/Ninth Line,43.508252,-79.697366
place_dunack,,Dundas/Aukland,43.638558,-79.537996
place_dunbil,,Dundas/Billingham,43.630471,-79.549163
place_duncaw,,Dundas/Cawthra,43.594646,-79.599838
place_duncgg,,Dundas/Cedarglen,43.56041,-79.639163
place_duncli,,Dundas/Cliff,43.587613,-79.607942
place_duncly,,Dundas/Clayhill,43.570574,-79.627715
place_duncon,,Dundas/Confederation,43.577578,-79.619456
place_dundix,,Dundas/Dixie,43.609306,-79.583885
place_dunemp,,Dundas/Erin Mills Pky,43.536857,-79.666043
place_dunese,,Dundas EB/Erindale Station Rd,43.556575,-79.643585
place_dunesw,,Dundas WB/Erindale Station Rd,43.556678,-79.643786
place_dungle,,Dundas/Glen Erin,43.530787,-79.67291
place_dunhai,,Dundas/Haines,43.597677,-79.596683
place_dunhen,,Dundas/Hensall,43.58987,-79.604681
place_dunhur,,Dundas/Hurontario,43.580252,-79.61641
place_dunisl,,Dundas/Islington Ave,43.651365,-79.526376
place_dunmav,,Dundas/Mavis,43.565963,-79.632896
place_dunmis,,Dundas/Mississauga Rd,43.542568,-79.659345
place_dunnei,,Dundas/Neilson,43.627269,-79.562317
place_dunoca,,Dundas/Old Carriage,43.555259,-79.645222
place_dunrid,,Dundas/Ridgeway,43.517751,-79.687102
place_dunsha,,Dundas/Shaver,43.632133,-79.54466
place_dunstf,,Dundas/Stanfield,43.603381,-79.590467
place_dunsum,,Dundas/Summerville,43.622358,-79.569905
place_duntom,,Dundas/Tomken,43.600538,-79.593556
place_duntra,,Dundas/Trafalgar,43.487884,-79.719631
place_dunwch,,Dundas/W Churchill,43.522811,-79.68166
place_dunwdc,,Dundas/Woodchester,43.527068,-79.676741
place_dunwdl,,Dundas/Credit Woodlands,43.551718,-79.648817
place_dunwha,,Dundas/Wharton Way,43.619034,-79.573357
place_dunwol,,Dundas/Wolfedale,43.56312,-79.636168
place_dxmall,,Dixie Mall Layby,43.593568,-79.565944
place_dxncar,,Dixon/Carlingview,43.686739,-79.595526
place_ecb9th,,Erin Centre Blvd/Ninth Line,43.539872,-79.739722
place_ecbchm,,Erin Ctre Blvd/Churchill Meadows,43.543287,-79.735912
place_ecbemp,,Erin Centre Blvd/Erin Mills Pky,43.561807,-79.710774
place_ecbetn,,Erin Centre Blvd/EMTC Access Rd,43.560176,-79.714671
place_ecbgle,,Erin Centre Blvd/Glen Erin,43.557705,-79.717547
place_ecbmis,,Erin Centre Blvd/Mississauga Rd,43.573456,-79.702562
place_ecbtth,,Erin Centre Blvd/Tenth Line,43.547734,-79.727662
place_ecbwch,,Erin Centre Blvd/W Churchill Blv,43.552974,-79.72281
place_edwken,,Edwards/Kennedy,43.640843,-79.675225
place_edwkwy,,Edwards/Kenway,43.636844,-79.679776
place_egl27h,,27 Hwy/Eglinton,43.671861,-79.571275
place_egl9th,,Eglinton/Ninth Line,43.534875,-79.733242
place_eglcha,,Eglinton/The Chase,43.565425,-79.699515
place_eglchm,,Eglinton/Churchill Meadows,43.53838,-79.729405
place_eglcom,,Eglinton/Commerce,43.662491,-79.591069
place_eglcre,,Eglinton/Creditview,43.577913,-79.685251
place_eglcrk,,Eglinton/Creekbank,43.641276,-79.614489
place_eglcvr,,Eglinton/Credit Valley,43.562287,-79.703012
place_egldix,,Eglinton/Dixie,43.635732,-79.620716
place_egleam,,Eglinton/East Mill,43.580696,-79.682229
place_eglemp,,Eglinton/Erin Mills Pky,43.558844,-79.706739
place_eglexp,,Eglinton/Explorer,43.659786,-79.594184
place_eglgle,,Eglinton/Glen Erin,43.55397,-79.712067
place_eglgui,,Eglinton/Guildwood,43.594935,-79.666223
place_eglhur,,Eglinton/Hurontario,43.606791,-79.652925
place_eglken,,Eglinton/Kennedy,43.61637,-79.642202
place_eglkgd,,Eglinton/Kinsgbridge,43.602533,-79.657654
place_eglkim,,Eglinton/Kimbermount,43.551614,-79.714693
place_eglmat,,Eglinton/Matheson,43.668207,-79.586594
place_eglmav,,Eglinton/Mavis,43.592296,-79.669205
place_eglmet,,Eglinton/Metcalfe,43.556469,-79.709303
place_eglmis,,Eglinton/Mississauga Rd,43.568545,-79.695956
place_eglmlg,,Eglinton/McLaughlin,43.597228,-79.663645
place_eglorb,,Eglinton/Orbitor,43.655771,-79.598183
place_eglren,,Eglinton/Renforth,43.66612,-79.587499
place_eglrid,,Eglinton/Ridgeway,43.539599,-79.728093
place_eglsat,,Eglinton/Satellite,43.651646,-79.603062
place_eglseb,,Eglinton/Sebastian,43.541413,-79.726049
place_eglsor,,Eglinton/Sorrento,43.609021,-79.650397
place_eglspe,,Eglinton/Spectrum,43.648622,-79.60631
place_egltah,,Eglinton/Tahoe,43.644696,-79.610678
place_egltfx,,Eglinton/Terry Fox,43.58762,-79.674436
place_egltom,,Eglinton/Tomken,43.627024,-79.630311
place_egltth,,Eglinton/Tenth Line,43.543441,-79.723803
place_eglwch,,Eglinton/W Churchill Blvd,43.549116,-79.717543
place_elihur,,Elia/Hurontario,43.604051,-79.648947
place_elmhur,,Elm/Hurontario,43.590795,-79.631294
place_elmkar,,Elm/Kariya,43.589002,-79.633465
place_elmmvl,,Elm/Mississauga Valley,43.592372,-79.628434
place_empcvw,,Erin Mills Pky/CVHO Access,43.557101,-79.703086
place_empmcf,,Erin Mills Pky/McFarren Blvd,43.567751,-79.718857
place_emtc2d,,Erin Mills Town Centre 2d,43.556132,-79.711365
place_emtcnb,,Erin Mills Town Centre NB,43.559869,-79.7098
place_emtcsb,,Erin Mills Town Centre SB,43.559871,-79.709973
place_envder,,Envoy/Derry,43.63306,-79.726346
place_eringo,,Erindale GO Station,43.567099,-79.66815
place_erinss,,Erindale Sec School,43.539707,-79.670313
place_erocre,,Edenrose/Creditview,43.574756,-79.67857
place_esgcaw,,Eastgate/Cawthra,43.615641,-79.628611
place_esgdix,,Eastgate/Dixie,43.630504,-79.613485
place_esgtom,,Eastgate/Tomken,43.621732,-79.622994
place_etohos,,Osler Health Centre,43.730924,-79.599424
place_etudar,,Etude/Darcel,43.719803,-79.63201
place_etugor,,Etude/Goreway,43.717136,-79.636428
place_etulan,,Etude/Lancaster,43.710886,-79.643881
place_evaeml,,Evans/East Mall,43.611764,-79.543776
place_evawml,,Evans/West Mall,43.608404,-79.558578
place_exporb,,Explorer/Orbitor,43.661465,-79.607997
place_expsat,,Explorer/Satellite,43.658492,-79.613076
place_expshu,,Explorer/Shuttle Dr,43.663049,-79.604265
place_faicon,,Fairview/Confederation,43.58149,-79.631715
place_faihur,,Fairview/Hurontario,43.587578,-79.626585
place_faired,,Fairview/Redmond,43.575577,-79.635763
place_falkin,,Falconer/Kinsmen,43.605955,-79.729561
place_fascar,,Fasken/Carlingview,43.691086,-79.597584
place_fch27h,,27 Hwy/Finch,43.734165,-79.603142
place_fch427,,427 Hwy/Finch,43.734154,-79.627474
place_fchhbl,,Finch/Humberline,43.735047,-79.617867
place_fchhcb,,Finch/Humber College Blvd,43.734104,-79.609917
place_fchsil,,Finch/Silverstone,43.736054,-79.594908
place_fgsscf,,Father Goetz SS/Confederation,43.583353,-79.636206
place_fgsscp,,Father Goetz SS/Central Pky W,43.583353,-79.636206
place_flgesg,,Fieldgate/Eastgate,43.637442,-79.608763
place_flohur,,Floradale/Hurontario,43.577233,-79.612113
place_folemp,,Folkway/Erin Mills Pky,43.550828,-79.689876
place_folgle,,Folkway/Glen Erin,43.547246,-79.699497
place_folpwd,,Folkway/Powderhorn,43.556833,-79.686663
place_folsmi,,Folkway/Sawmill Valley,43.552609,-79.682657
place_foresr,,Forestwood/E Station Rd,43.559169,-79.645382
place_formbr,,Forestwood/McBride,43.563212,-79.641589
place_forwdl,,Forestwood/Credit Woodlands,43.556353,-79.653975
place_fowemp,,Fowler/Erin Mills Pky,43.527514,-79.651734
place_frkmck,,Frank Mckechnie Community Centre,43.617154,-79.653636
place_frnmis,,Front St/Mississauga Rd,43.550057,-79.593159
place_frsrss,,John Fraser Sec School,43.558923,-79.716134
place_fxw9th,,Foxwood/Ninth Line,43.56063,-79.768176
place_fxwlis,,Foxwood/Lisgar,43.56296,-79.765466
place_garcln,,Garthwood/Colonial,43.52322,-79.696054
place_gforss,,Glenforest Sec School,43.62734,-79.59401
place_ggydun,,Glengarry/Dundas,43.557401,-79.642809
place_gletra,,Glenashton/Trafalgar,43.480307,-79.709652
place_gornas,,Goreway/Nashua,43.712442,-79.630166
place_gralis,,Gracefield/Lisgar,43.57308,-79.779687
place_grayss,,Gordon Graydon Sec School,43.585826,-79.571083
place_grglps,,Green Glade Senior Public School,43.515054,-79.612741
place_gurmlg,,Gurdwara/McLaughlin,43.647879,-79.731873
place_hazpla,,Hazelton/Plantation,43.553392,-79.717539
place_hcb27h,,Humber Coll Blvd/27 Hwy,43.730445,-79.601521
place_hcbgrl,,Humber College Blvd/Garland,43.733795,-79.593496
place_hersh2,,Hershey Community Rink,43.630571,-79.652843
place_hershy,,Paramount Centre,43.632252,-79.652741
place_hilcly,,Hillcrest/Clayhill,43.572538,-79.631608
place_hilcon,,Hillcrest/Confederation,43.579113,-79.624239
place_hilhur,,Hillcrest/Hurontario,43.582908,-79.620164
place_hilmav,,Hillcrest/Mavis,43.568078,-79.63587
place_hngcon,,Huntington Ridge/Confederation,43.594378,-79.658604
place_hngmav,,Huntington Ridge/Mavis Rd,43.590178,-79.666638
place_homtho,,Homelands/Thorn Lodge,43.520744,-79.674181
place_hulair,,Hull/Airport Rd,43.704251,-79.643186
place_huloop,,Huron Park Loop,43.555965,-79.628839
place_humbco,,Humber College Layby,43.730536,-79.606766
place_humber,,Humber College Campus,43.729924,-79.606797
place_hupark,,Huron Park Recreation Centre,43.559235,-79.632702
place_hurdun,,Hurontario NB/Dundas,43.580022,-79.616031
place_hystra,,Hays/Trafalgar,43.485406,-79.716308
place_ifgate,,Airport Infield Gatehouse,43.66447,-79.628703
place_ifloop,,Infield Bus Loop,43.673986,-79.632332
place_indlpk,,Indian/Lorne Park,43.536251,-79.628531
place_indmis,,Indian Rd/Mississauga Rd,43.550872,-79.6024
place_indwde,,Indian Rd/Woodeden,43.542494,-79.611667
place_ionass,,Iona Secondary School,43.518817,-79.653363
place_ivndgy,,Ivandale/Douguy,43.604699,-79.707231
place_jarcss,,St Joan of Arc SS,43.552415,-79.746331
place_jcabss,,John Cabot Sec School,43.612027,-79.620155
place_jetair,,Jetliner/Airport Rd,43.685924,-79.606886
place_jppctr,,John Paul II Centre,43.61312,-79.625682
place_kaimav,,Kaiser/Mavis,43.63562,-79.724978
place_kamabl,,Kamato/Ambler,43.64401,-79.638269
place_kamtim,,Kamato/Timberlea,43.634906,-79.648727
place_kamtom,,Kamato/Tomken,43.636802,-79.646131
place_kbltor,,Kimbel/Torbram,43.701772,-79.662801
place_kgdmay,,Kinsgbridge/Mayflower,43.599718,-79.651795
place_khlcre,,Kenninghall/Creditview,43.604159,-79.720934
place_khlfal,,Kenninghall/Falconer,43.601326,-79.727648
place_kipsub,,Kipling Bus Terminal,43.635904,-79.538255
place_kitmis,,Kitimat/Mississauga Rd,43.596863,-79.73412
place_knfari,,Kaneff/Arista,43.594519,-79.631036
place_knfobe,,Kaneff/Obelisk,43.592388,-79.629783
place_kwyken,,Kenway Dr/Kennedy Rd,43.63829,-79.671674
place_lakann,,Lakeshore/Ann,43.554757,-79.582291
place_lakcaw,,Lakeshore/Cawthra,43.569775,-79.566323
place_lakckr,,Lakeshore/Clarkson Rd,43.517269,-79.623158
place_lakdix,,Lakeshore/Dixie,43.584356,-79.550903
place_lakelz,,Lakeshore/Elizabeth,43.553042,-79.584114
place_lakfrn,,Lakeshore/Front St,43.550199,-79.587164
place_lakhur,,Lakeshore/Hurontario,43.555264,-79.581759
place_lakinv,,Lakeshore/Inverhouse,43.513456,-79.62729
place_laklpk,,Lakeshore/Lorne Park,43.531842,-79.607233
place_lakmis,,Lakeshore/Mississauga Rd,43.548041,-79.589616
place_lakmwd,,Lakeshore/Meadow Wood,43.519153,-79.621086
place_lakogd,,Lakeshore/Ogden,43.576964,-79.558709
place_laksdw,,Lakeshore/Southdown,43.511034,-79.629622
place_lakshn,,Lakeshore/Shawnmarr,43.54041,-79.598
place_lakwch,,Lakeshore/W Churchill Blvd,43.483377,-79.62765
place_lbrnch,,Long Branch Loop,43.592339,-79.542807
place_lgremp,,Lincoln Green/Erin Mills Pky,43.530548,-79.657074
place_lgsmrz,,Longside/Maritz,43.64099,-79.705337
place_lisggo,,Lisgar GO Station,43.592671,-79.788756
place_lnkstn,,Viscount Station,43.689825,-79.615677
place_lormax,,Lorimar/Maxwell,43.669934,-79.682921
place_lornss,,Lorne Park Sec School,43.531955,-79.625435
place_loyola,,Loyola SS,43.526758,-79.713434
place_lrdcln,,Laird/Colonial,43.522136,-79.688703
place_lrdrid,,Laird/Ridgeway,43.518493,-79.690588
place_lrdveg,,Laird/Vega,43.516782,-79.691343
place_lrdwch,,Laird/W Churchill Blvd,43.525474,-79.685326
place_magenf,,Matthews Gate/Enfield,43.592242,-79.633379
place_makfal,,Matlock/Falconer,43.590897,-79.724176
place_makqen,,Matlock/Queen,43.590213,-79.72519
place_maltgo,,Malton GO Station,43.706718,-79.639419
place_malton,,Malton Division Garage,43.706049,-79.628599
place_marhot,,Marriott Toronto Airport Hotel,43.686568,-79.594836
place_martss,,St Martin Sec School,43.55707,-79.634707
place_matabl,,Matheson/Ambler,43.64012,-79.632927
place_matavb,,Matheson/Avebury,43.616047,-79.675324
place_matche,,Matheson/Chedworth,43.614546,-79.682557
place_matcom,,Matheson/Commerce,43.665121,-79.594121
place_matcrk,,Matheson/Creekbank,43.64864,-79.621152
place_matdix,,Matheson/Dixie,43.64259,-79.630168
place_matexp,,Matheson/Explorer,43.652133,-79.615157
place_matfal,,Matheson/Falbourne,43.615173,-79.680647
place_mathur,,Matheson/Hurontario,43.619446,-79.67023
place_matkea,,Matheson/Keaton,43.615405,-79.678969
place_matken,,Matheson/Kennedy,43.626052,-79.655396
place_matmat,,Matheson/Old Matheson,43.643718,-79.628435
place_matmav,,Matheson/Mavis,43.608116,-79.690305
place_matmca,,Matheson/Mcadam,43.624549,-79.657747
place_matmgt,,Matheson/Maingate,43.63629,-79.637324
place_matmlg,,Matheson/McLaughlin,43.61277,-79.684677
place_matorb,,Matheson/Orbitor,43.658034,-79.6036
place_matrsc,,Matheson/Rose Cherry,43.628211,-79.651406
place_matsat,,Matheson/Satellite,43.654833,-79.607642
place_matshu,,Matheson/Shuttle,43.660567,-79.600975
place_matspe,,Matheson/Spectrum,43.652078,-79.612058
place_mattfx,,Matheson/Terry Fox,43.603352,-79.695724
place_mattim,,Matheson/Timberlea,43.63165,-79.644983
place_mattom,,Matheson/Tomken,43.633397,-79.641509
place_matven,,Matheson/Venice,43.61054,-79.687704
place_matwhi,,Matheson/Whittle,43.621298,-79.667648
place_mavtwa,,Mavis/Twain,43.637329,-79.728128
place_mbresr,,McBride/Erindale Station Rd,43.562832,-79.650525
place_mbrwdl,,McBride/Credit Woodlands,43.558784,-79.657747
place_mcfemp,,McFarren/Erin Mills Pky,43.567751,-79.718857
place_mclgur,,McLaughlin/Gurdwara,43.647875,-79.732043
place_mclshc,,McLaughlin/Sheridan College Dr,43.654026,-79.740318
place_mdghai,,Middlegate/Haines,43.593556,-79.59108
place_mdo9th,,McDowell/Ninth Line,43.552368,-79.756806
place_mdochm,,McDowell/Churchill Meadows,43.556015,-79.752769
place_mdotth,,McDowell/Tenth Line,43.561834,-79.745542
place_mdowch,,McDowell/W Churchill Blvd,43.566194,-79.740832
place_mdtcnb,,Meadowvale Town Centre NB,43.584296,-79.759295
place_mdvfin,,Meadowvale Blvd/Financial,43.61438,-79.751142
place_mdvlcc,,Meadowvale CC,43.585625,-79.755888
place_mdvlgo,,Meadowvale GO Station,43.596259,-79.755969
place_mdvlss,,Meadowvale Sec School,43.578592,-79.761311
place_mdvltc,,Meadowvale Town Centre,43.584183,-79.759669
place_mdvmis,,Meadowvale Blvd/Mississauga Rd,43.612308,-79.7552
place_mdvsyn,,Meadowvale Blvd/Syntex,43.606599,-79.758428
place_meybnh,,Meyerside/Bonhill,43.66166,-79.65284
place_meydix,,Meyerside/Dixie,43.660344,-79.654271
place_meykes,,Meyerside/Kestrel,43.648159,-79.66791
place_meynet,,Meyerside/Netherhart,43.668771,-79.644271
place_meyord,,Meyerside/Ordan,43.658815,-79.655954
place_meyshw,,Meyerside/Shawson,43.654094,-79.661057
place_meytom,,Meyerside/Tomken,43.650744,-79.664889
place_meyvip,,Meyerside/Vipond,43.656387,-79.658489
place_midclu,,Mid-Way/Columbus,43.664525,-79.669123
place_middix,,Mid-Way/Dixie,43.668185,-79.664899
place_midtom,,Mid-Way/Tomken,43.659937,-79.677249
place_minatw,,Mineola/Atwater,43.567655,-79.580428
place_minhur,,Mineola/Hurontario,43.561695,-79.590672
place_missss,,Mississauga Secondary School,43.625088,-79.702815
place_mistvl,,Mississauga Rd/Turner Valley,43.597831,-79.738884
place_mlcemp,,Millcreek/Erin Mills Pky,43.590184,-79.741137
place_mlvavb,,Milverton/Avebury,43.618874,-79.676836
place_monaqi,,Montevideo/Aquitane,43.590188,-79.75625
place_moncrf,,Montevideo/Corfu,43.579795,-79.753628
place_mongle,,Montevideo/Glen Erin,43.579857,-79.748586
place_monnch,,Montevideo/Neuchatel,43.57681,-79.751485
place_mpidnb,,Meadowpine/Danbro Cres,43.603227,-79.778136
place_mpimdv,,Meadowpine Blvd/Meadowvale Blvd,43.605282,-79.769916
place_mpiwch,,Meadowpine Blvd/W Churchill Blvd,43.603466,-79.792157
place_mskfol,,Musket/Folkway,43.553876,-79.690317
place_mstair,,Morning Star/Airport Rd,43.709691,-79.650163
place_mstbgt,,Morning Star/Brandon Gate,43.725285,-79.627428
place_mstdcl,,Morning Star/Darcel,43.724298,-79.637519
place_mstgor,,Morning Star/Goreway,43.721064,-79.641876
place_mstman,,Morning Star/Manion,43.71248,-79.647668
place_mstnwd,,Morning Star/Netherwood,43.716133,-79.645922
place_msvlcc,,Mississauga Valley Comm Centre,43.597205,-79.626763
place_mvlari,,Mississauga Valley/Arista,43.594273,-79.630063
place_mvlcli,,Mississauga Valley/Cliff,43.591089,-79.613882
place_mvlcpe,,Mississ Valley/Central Pky E,43.599292,-79.623581
place_mwscpe,,Meadows Blvd/Central Pky E,43.6029,-79.628578
place_nahtwd,,Nahani Way/Thornwood,43.612113,-79.653017
place_nasgor,,Nashua/Goreway,43.710602,-79.622413
place_naslon,,Nashua/Longos Warehouse,43.714927,-79.626373
place_ninsky,,Ninth Line/Skyview,43.536717,-79.735307
place_nlkgle,,Inlake/Glen Erin,43.577716,-79.742958
place_novotl,,Enfield/Sussex,43.59193,-79.635158
place_nsrast,,North Service/Asta,43.581081,-79.586268
place_nsrcam,,North Service/Camilla,43.572205,-79.595937
place_nsrcaw,,North Service/Cawthra,43.585129,-79.586025
place_nsrcli,,North Service/Cliff,43.575972,-79.591813
place_nsrdix,,North Service/Dixie,43.598085,-79.567819
place_nsrhur,,North Service/Hurontario,43.569837,-79.60185
place_nsrstf,,North Service/Stanfield,43.592931,-79.573305
place_nsyhad,,North Sheridan/Hadwen,43.520473,-79.652521
place_nsylea,,North Sheridan/Leanne,43.523994,-79.650278
place_nsywch,,North Sheridan/W Churchill Blvd,43.513405,-79.668725
place_nwdbnv,,Netherwood/Benavon,43.716557,-79.658264
place_nwtair,,Northwest/Airport Rd,43.69889,-79.636047
place_oakmlg,,Oaklea/McLaughlin,43.647919,-79.732257
place_ocaggy,,Old Carriage/Glengarry,43.551686,-79.634692
place_ody2nd,,Old Derry/Second Line,43.627025,-79.727787
place_odygaz,,Old Derry/Gazette,43.619199,-79.736554
place_odygde,,Old Derry/Gooderham Estate,43.629808,-79.724617
place_ordvip,,Ordan/Vipond,43.662122,-79.665356
place_orlair,,Orlando/Airport Rd,43.694918,-79.630652
place_orlnwt,,Orlando/Northwest,43.702783,-79.622108
place_orlvsc,,Orlando/Viscount,43.696807,-79.628314
place_ornfal,,Oran/Falconer,43.606353,-79.727046
place_orrinv,,Orr/Inverhouse,43.508797,-79.621049
place_orrsdw,,Orr/Southdown,43.505475,-79.622523
place_ospgrb,,Osprey/Grossbeak,43.564308,-79.757749
place_osplis,,Osprey/Lisgar,43.561136,-79.762482
place_paicam,,Paisley/Camilla,43.579377,-79.605902
place_paicon,,Paisley/Confederation,43.573673,-79.613687
place_paihur,,Paisley/Hurontario,43.575835,-79.610096
place_paimav,,Paisley/Mavis,43.563245,-79.627733
place_paismd,,Paisley/Stillmeadow,43.569284,-79.623063
place_panevr,,Pantera/Everest,43.629839,-79.63906
place_paramt,,Paramount Centre,43.632577,-79.653119
place_paulss,,St Paul Sec School,43.576801,-79.570825
place_pcrego,,Port Credit GO Station,43.555003,-79.587572
place_pcress,,Port Credit Sec School,43.562477,-79.589836
place_plybrc,,Plymouth/Bristol Circle,43.514248,-79.673804
place_pnttim,,Pantera/Timberlea,43.62861,-79.641704
place_pnttom,,Pantera/Tomken,43.630697,-79.637801
place_pockss,,Philip Pocock Sec School,43.623792,-79.625872
place_porclt,,Portuguese Cultural Ctr,43.59015,-79.725034
place_pricon,,Princess Royal/Confederation,43.587163,-79.647665
place_priduk,,Princess Royal/Duke of York,43.589868,-79.644235
place_prilar,,Princess Royal/Living Arts,43.588582,-79.645825
place_prkhur,,Park St/Hurontario,43.556821,-79.583902
place_qewcaw,,QEW Hwy/Cawthra,43.583481,-79.583066
place_qewemp,,QEW Hwy/Erin Mills Pky,43.524362,-79.647906
place_qewhur,,QEW Hwy/Hurontario,43.568176,-79.600031
place_qewisl,,QEW Hwy/Islington,43.620532,-79.512877
place_qewwch,,QEW Hwy/W Churchill Blvd,43.509682,-79.663661
place_qnsfrp,,Queenston/Freeport,43.564195,-79.666988
place_qnswdl,,Queenston/Credit Woodlands,43.559007,-79.661395
place_qplh27,,Queens Plate/27 HWY,43.708162,-79.591365
place_qwy427,,Queensway/427 HWY,43.615393,-79.550889
place_qwycam,,Queensway/Camilla,43.577664,-79.603539
place_qwycaw,,Queensway/Cawthra,43.588901,-79.591746
place_qwycon,,Queensway/Confederation,43.571538,-79.610628
place_qwydix,,Queensway/Dixie,43.60299,-79.574852
place_qwyhps,,Queensway/Huron Park Access,43.555636,-79.628462
place_qwyhur,,Queensway/Hurontario,43.574122,-79.607633
place_qwyisl,,Queensway/Islington Ave,43.623824,-79.514692
place_qwymav,,Queensway/Mavis,43.560895,-79.622536
place_qwystf,,Queensway/Stanfield,43.597449,-79.581871
place_qwywml,,Queensway/West Mall,43.612336,-79.562648
place_ractrk,,Woodbine Racetrack Layby,43.716792,-79.603427
place_ratcaw,,Rathburn/Cawthra,43.610451,-79.621641
place_ratcit,,Rathburn/City Centre Dr,43.597365,-79.643931
place_ratcon,,Rathburn/Confederation,43.589854,-79.651358
place_ratcpe,,Rathburn/Central Pky E,43.606191,-79.634253
place_ratcre,,Rathburn/Creditview,43.569504,-79.668951
place_ratdix,,Rathburn/Dixie,43.626125,-79.607313
place_ratduk,,Rathburn/Duke Of York,43.592715,-79.648891
place_ratflg,,Rathburn/Fieldgate,43.63302,-79.600522
place_ratham,,Rathburn/Hammerson,43.595704,-79.645624
place_rathur,,Rathburn/Hurontario,43.598114,-79.641015
place_ratknr,,Rathburn Kiss n' Ride/CCTT,43.595254,-79.6461
place_ratlar,,Rathburn/Living Arts,43.591299,-79.650261
place_ratlbe,,Rathburn Layby East/CCTT,43.593958,-79.647481
place_ratlbw,,Rathburn Layby West/CCTT,43.59454,-79.647042
place_ratlyb,,Rathburn Layby/CCTT,43.593559,-79.647943
place_ratmav,,Rathburn/Mavis,43.582502,-79.655548
place_ratreg,,Rathburn/Regency,43.577762,-79.662193
place_ratsag,,Rathburn/Sagebrush,43.579159,-79.660725
place_ratshp,,Rathburn/Shipp,43.599902,-79.639215
place_rattom,,Rathburn/Tomken,43.616539,-79.615789
place_rayhur,,Ray Lawson/Hurontario,43.658589,-79.723438
place_raymav,,R Lawson/Mavis,43.642039,-79.746973
place_raymlg,,Ray Lawson/McLaughlin,43.651098,-79.736369
place_rbkfin,,Royal Bank Towers,43.609429,-79.744726
place_redman,,Redstone/Manion,43.714847,-79.650668
place_regrod,,Regal/Rodeo,43.613166,-79.689403
place_rencar,,Renforth/Carlingview,43.676906,-79.591079
place_renhot,,Renaissance Toronto Airp Hotel,43.687662,-79.58713
place_rex27h,,27 Hwy/Rexdale,43.717324,-79.595408
place_rexbrg,,Rexdale/Bergamot,43.713395,-79.5597
place_rexhbw,,Rexdale/Humberwood,43.720424,-79.612617
place_rexisl,,Rexdale/Islington Ave,43.714009,-79.556967
place_rexkip,,Rexdale/Kipling,43.711735,-79.566654
place_rexmgv,,Rexdale/Martin Grove,43.713879,-79.581139
place_rhanss,,Rick Hansen Sec School,43.589985,-79.682733
place_riverw,,RiverwoodPark,43.564046,-79.669616
place_rnator,,Rena/Torbram,43.705431,-79.667722
place_rodmav,,Rodeo/Mavis,43.609911,-79.692697
place_rodreg,,Rodeo/Regal,43.613617,-79.68973
place_rodven,,Rodeo/Venice,43.611537,-79.689475
place_romdix,,Rometown/Dixie,43.594506,-79.565377
place_runway,,Infield Runway Underpass,43.666924,-79.624616
place_rvgrcc,,Riverdale/River Grove,43.590752,-79.70966
place_rwiavo,,Royal Windsor/Avonhead,43.505091,-79.636337
place_rwiwch,,Royal Windsor/W Churchill Blvd,43.496522,-79.64567
place_rybmis,,Royal Bank Dr/Mississauga Rd,43.608835,-79.750513
place_scayor,,Scarboro/York,43.705453,-79.648086
place_scomnb,,South Common Centre NB,43.543413,-79.684045
place_scomsb,,South Common Centre SB,43.543413,-79.684045
place_sdwpet,,Petro Canada Refinery Entrance,43.499132,-79.614009
place_shddix,,Sherway Dr/Dixie,43.599617,-79.570124
place_shecol,,Sheridan College Loop,43.656137,-79.740145
place_sheoak,,Oakville Sheridan loop,43.4693,-79.698203
place_sherid,,Sheridan Centre,43.530942,-79.651571
place_shoprs,,Shoppers World Terminal,43.664192,-79.73659
place_shphom,,Sheridan Pk/Homelands,43.524902,-79.661667
place_shpwch,,Sheridan Park/W Churchill Blvd,43.51584,-79.672136
place_shrnth,,Sheridan Centre NB,43.529036,-79.654793
place_shrway,,Sherway Gardens Terminal,43.610058,-79.559778
place_siscrk,,Sismet/Creekbank,43.647556,-79.619305
place_sisolm,,Sismet/Matheson Blvd,43.641709,-79.625774
place_skycom,,Skymark/Commerce,43.663719,-79.592876
place_skyexp,,Skymark/Explorer,43.660991,-79.595804
place_skymeb,,Skymark Hub Eastbound,43.662518,-79.593982
place_skymwb,,Skymark Hub Westbound,43.662874,-79.59396
place_skyorb,,Skymark/Orbitor,43.656782,-79.600553
place_skysat,,Skymark/Satellite,43.65313,-79.605366
place_skyspe,,Skymark/Spectrum,43.649731,-79.608628
place_slewss,,Stephen Lewis SS,43.556427,-79.743475
place_slobth,,Slough/Bath,43.710843,-79.656257
place_smw5th,,South Millway/Fifth Line,43.53977,-79.67421
place_smwemp,,South Millway/Erin Mills Pky,43.540827,-79.673766
place_sndavb,,Sandstone/Avebury,43.622322,-79.680639
place_spkcit,,Robert Speck/City Centre Dr,43.594871,-79.640121
place_spkhur,,Robert Speck/Hurontario,43.596211,-79.638456
place_spkshp,,Robert Speck/Shipp,43.597847,-79.636015
place_spmhad,,Speakman/Hadwen,43.522315,-79.657578
place_sqoned,,CCTT Front Entrance,43.593435,-79.645815
place_srbctr,,Serbian Centre,43.607688,-79.581955
place_ssrhur,,South Service/Hurontario,43.56699,-79.598065
place_ssrogd,,South Service/Ogden,43.589474,-79.576273
place_ssrpry,,South Service/Park Royale,43.599699,-79.565167
place_ssyben,,South Sheridan/Benedet,43.516835,-79.655535
place_ssysdw,,South Sheridan/Southdown,43.522221,-79.645009
place_ssywch,,South Sheridan/W Churchill Blvd,43.508392,-79.661945
place_stejmc,,Bristol/River Grove,43.582662,-79.706898
place_stelij,,St Elijah Macedonian Church,43.582964,-79.706582
place_stemss,,Steeles/Mississauga Rd,43.627372,-79.776023
place_stewch,,Steeles/W Churchill Blvd,43.60765,-79.797798
place_stfxrr,,Stanfield Railroad Tracks,43.601405,-79.58718
place_stgate,,Station Gate Layby,43.594488,-79.647468
place_stjoss,,St Joseph Sec School,43.589153,-79.700515
place_stldix,,Steeles/Dixie,43.695177,-79.701233
place_stlhur,,Steeles/Hurontario,43.665991,-79.733204
place_stlmav,,Steeles/Mavis,43.646741,-79.754538
place_stlmlg,,Steeles/McLaughlin,43.656455,-79.743734
place_stmarc,,St Marcellinus SS,43.6241,-79.711005
place_stmary,,St Marys Church,43.606761,-79.616533
place_stsavi,,Blundell/Dixie,43.607806,-79.582061
place_stvlgo,,Streetsville GO Station,43.575352,-79.710212
place_stvlss,,Streetsville Sec School,43.579195,-79.718069
place_subway,,Islington Subway Station,43.644976,-79.524574
place_supedw,,Superior/Edwards,43.643316,-79.696856
place_supken,,Superior/Kennedy,43.651259,-79.68912
place_tac9th,,Tacc/Ninth Line,43.544168,-79.745549
place_tacchm,,Tacc/Churchill Meadows,43.547513,-79.741023
place_tactth,,Tacc/Tenth Line,43.552329,-79.732802
place_tahesg,,Tahoe/Eastgate,43.638909,-79.610861
place_tancru,,Tannery/Crumbie,43.580905,-79.71563
place_tdwast,,Tedwyn/Asta,43.584666,-79.590755
place_tdwcli,,Tedwyn/Cliff,43.579573,-79.596918
place_teccre,,Tech/Creekbank,43.642581,-79.615708
place_tecolm,,Tech/Matheson Blvd,43.639268,-79.619612
place_ter9th,,Terragar/Ninth Line,43.579691,-79.794305
place_terbkw,,Terragar/Black Walnut,43.584821,-79.78812
place_terone,,Airport Terminal 1 Layby,43.682671,-79.609653
place_terros,,Terragar/Rosehurst,43.581694,-79.79206
place_terthr,,Airport Terminal 3,43.685956,-79.620301
place_tertwo,,Airport Terminal 2 Layby,43.682493,-79.604658
place_thaair,,Thamesgate/Airport Rd,43.714808,-79.657248
place_tho9th,,Thomas/Ninth Line,43.548437,-79.751402
place_thochm,,Thomas/Churchill Meadows,43.551877,-79.746705
place_thoemp,,Thomas/Erin Mills Pky,43.569874,-79.7227
place_thogle,,Thomas/Glen Erin,43.565632,-79.728263
place_thomcf,,Thomas/McFarren,43.575439,-79.717205
place_thoqen,,Thomas/Queen,43.580259,-79.711804
place_thotth,,Thomas/Tenth Line,43.558537,-79.741314
place_thovis,,Thomas/Vista,43.574297,-79.718086
place_thowch,,Thomas/W Churchill Blvd,43.560881,-79.733464
place_timevr,,Timberlea/Everest,43.627228,-79.635289
place_tlknss,,TL Kennedy Sec School,43.581868,-79.618999
place_torcre,,Torrington/Creditview,43.59048,-79.702333
place_touedn,,Tours/Edenwood,43.573003,-79.753359
place_toumgv,,Tours/Millers Grove,43.57168,-79.755021
place_touwch,,Tours/W Churchill Blvd,43.574009,-79.751481
place_touwin,,Tours/Windwood,43.575715,-79.748535
place_tpfedw,,Topflight/Edwards,43.651906,-79.709629
place_tpfhur,,Topflight/Hurontario,43.650112,-79.711775
place_trahur,,Traders/Hurontario,43.622931,-79.674949
place_traken,,Traders/Kennedy,43.63112,-79.662175
place_trawhi,,Traders/Whittle,43.624773,-79.672281
place_trdwch,,Tradewind/W Churchill Blvd,43.592337,-79.776907
place_triatl,,Trinity/Atlantic,43.66185,-79.646833
place_trihos,,Trillium Hospital Layby,43.57263,-79.609377
place_trlhur,,Trailwood/Hurontario,43.612155,-79.660402
place_trntlf,,Tranmere/Telford,43.681072,-79.670519
place_trsshw,,Tristar/Shawson,43.656189,-79.6639
place_truckr,,Truscott/Clarkson Rd,43.526028,-79.635828
place_trulpk,,Truscott/Lorne Park,43.532827,-79.623856
place_trusdw,,Truscott/Southdown,43.519201,-79.640944
place_trusea,,Truscott/Seagull,43.511833,-79.647493
place_truwch,,Truscott/W Churchill Blvd,43.505418,-79.657879
place_trybit,,Trelawny/Bishop Strachan,43.574481,-79.773404
place_tryosp,,Trelawny/Osprey,43.572142,-79.765204
place_tswbgt,,Teeswater/Brandon Gate,43.729484,-79.629915
place_tswcls,,Teeswater/Corliss Cres,43.726393,-79.635771
place_twamav,,Twain/Mavis,43.637384,-79.728201
place_twamlg,,Twain/McLaughlin,43.641364,-79.723319
place_twinar,,Tomken Twin Arena,43.622956,-79.624454
place_ukrchr,,Ukranian Church,43.606774,-79.616855
place_unicln,,Unity/Colonial,43.533799,-79.715071
place_unifol,,Unity/Folkway,43.540442,-79.703716
place_uniloy,,Unity/Loyalist,43.537671,-79.706362
place_unirid,,Unity/Ridgeway,43.532166,-79.717234
place_univer,,Univ. of Toronto (UTM) Layby,43.547807,-79.663871
place_uniwch,,Unity/W Churchill Blvd,43.539852,-79.704954
place_upr403,,403 Hwy/Upper Middle,43.49996,-79.674735
place_upr8th,,Upper middle Rd at Eighth Line,43.480633,-79.695573
place_upr9th,,Upper Middle Rd at Ninth line,43.495162,-79.67954
place_uprtra,,Upper Middle Rd at Trafalgar,43.474899,-79.701977
place_uprwpk,,Upper Middle Rd/Winston Park,43.507176,-79.667328
place_uptcor,,Uptown Core Terminal (Oakville),43.485682,-79.719171
place_utsmis,,UTM Access Rd/Mississauga,43.546942,-79.666118
place_vbldan,,Vanderbilt/Danton,43.584186,-79.771622
place_vblwch,,Vanderbilt/W Churchill Blvd,43.584824,-79.766456
place_vicair,,Victory/Airport Rd,43.707553,-79.64753
place_visemp,,Vista/Erin Mills Pky,43.57324,-79.727459
place_viwduk,,Centre View/Duke Of York,43.593935,-79.650846
place_viwsgt,,Centre View/Station Gate,43.59558,-79.649062
place_vntdix,,Venta/Dixie,43.601826,-79.573231
place_walcon,,Prince Of Wales/Confederation,43.588299,-79.649324
place_walliv,,Prince of Wales/Living Arts,43.589772,-79.64747
place_wathur,,Watline/Hurontario,43.621056,-79.6724
place_watken,,Watline/Kennedy,43.629556,-79.660115
place_watmca,,Watline/Mcadam,43.624769,-79.66803
place_watwhi,,Watline/Whittle,43.622898,-79.669806
place_wbrbel,,Westbridge/Bellshire,43.622362,-79.745796
place_wbrfin,,Westbridge/Financial,43.616813,-79.753012
place_wcwero,,White Clover way/Edenrose St,43.580026,-79.677081
place_wcwwai,,White Clover Way/Wainscot Dr,43.58531,-79.67061
place_wdbine,,Woodbine Centre Loop,43.719806,-79.602563
place_wdldss,,Woodlands Sec School,43.563933,-79.648445
place_webcon,,Webb/Confederation,43.584326,-79.643047
place_webduk,,Webb/Duke of York,43.587235,-79.639873
place_webred,,Webb/Redmond,43.582041,-79.645602
place_whllis,,Windsor Hill/Lismic,43.591454,-79.685935
place_whrfre,,White Hart/Freemont,43.621428,-79.687513
place_winemp,,Windwood/Erin Mills Pky,43.580439,-79.735953
place_wingle,,Windwood/Glen Erin,43.576094,-79.739573
place_wingui,,Winterton/Guilwood,43.599942,-79.670895
place_wntmav,,Winterton/Mavis,43.595697,-79.67525
place_wnttfx,,Winterton/Terry Fox,43.591581,-79.6798
place_wonder,,Canadas Wonderland,43.838078,-79.538869
place_wrlhur,,World Dr/Hurontario,43.633386,-79.689075
place_wwmall,,Westwood Square Terminal,43.722024,-79.640848
place_wwmlyb,,Westwood Square Layby,43.721835,-79.640902
place_wxwtth,,Waxwing/Tenth Line,43.567569,-79.753744
place_xavrss,,St Francis Xavier Sec School,43.612857,-79.664972
place_xplmat,,Explorer/Matheson,43.662865,-79.598546
place_zahgor,,Zahavy/Goreway,43.702757,-79.613198
place_zahnwt,,Zahavy/Northwest,43.700389,-79.613935
