route_id,route_short_name,route_long_name,direction_id,trip_id,first_departure_seconds,first_departure_time,service_period,previous_departure_seconds,headway_min
1,1,Dundas,0,29683591,9060,02:31:00,early morning,7260.0,30.0
1,1,Dundas,0,29683592,10860,03:01:00,early morning,9060.0,30.0
1,1,Dundas,0,29683593,12660,03:31:00,early morning,10860.0,30.0
1,1,Dundas,0,29683594,14460,04:01:00,early morning,12660.0,30.0
1,1,Dundas,0,29682380,16260,04:31:00,early morning,14460.0,30.0
1,1,Dundas,0,29682381,17160,04:46:00,early morning,16260.0,15.0
1,1,Dundas,0,29682382,18060,05:01:00,early morning,17160.0,15.0
1,1,Dundas,0,29682383,18960,05:16:00,early morning,18060.0,15.0
1,1,Dundas,0,29682384,19860,05:31:00,early morning,18960.0,15.0
1,1,Dundas,0,29682385,20760,05:46:00,early morning,19860.0,15.0
1,1,Dundas,0,29682386,21660,06:01:00,AM peak,20760.0,15.0
1,1,Dundas,0,29682387,22560,06:16:00,AM peak,21660.0,15.0
1,1,Dundas,0,29682388,23460,06:31:00,AM peak,22560.0,15.0
1,1,Dundas,0,29682389,24360,06:46:00,AM peak,23460.0,15.0
1,1,Dundas,0,29682390,25260,07:01:00,AM peak,24360.0,15.0
1,1,Dundas,0,29682391,26160,07:16:00,AM peak,25260.0,15.0
1,1,Dundas,0,29682392,27060,07:31:00,AM peak,26160.0,15.0
1,1,Dundas,0,29682393,27960,07:46:00,AM peak,27060.0,15.0
1,1,Dundas,0,29682394,28860,08:01:00,AM peak,27960.0,15.0
1,1,Dundas,0,29682395,29760,08:16:00,AM peak,28860.0,15.0
1,1,Dundas,0,29682396,30660,08:31:00,AM peak,29760.0,15.0
1,1,Dundas,0,29682397,31560,08:46:00,AM peak,30660.0,15.0
1,1,Dundas,0,29682398,32460,09:01:00,midday,31560.0,15.0
1,1,Dundas,0,29682399,33360,09:16:00,midday,32460.0,15.0
1,1,Dundas,0,29682400,34260,09:31:00,midday,33360.0,15.0
1,1,Dundas,0,29682401,35160,09:46:00,midday,34260.0,15.0
1,1,Dundas,0,29682402,36060,10:01:00,midday,35160.0,15.0
1,1,Dundas,0,29682403,36960,10:16:00,midday,36060.0,15.0
1,1,Dundas,0,29682404,37860,10:31:00,midday,36960.0,15.0
1,1,Dundas,0,29682405,38760,10:46:00,midday,37860.0,15.0
1,1,Dundas,0,29682406,39660,11:01:00,midday,38760.0,15.0
1,1,Dundas,0,29682407,40560,11:16:00,midday,39660.0,15.0
1,1,Dundas,0,29682408,41460,11:31:00,midday,40560.0,15.0
1,1,Dundas,0,29682409,42360,11:46:00,midday,41460.0,15.0
1,1,Dundas,0,29682410,43260,12:01:00,midday,42360.0,15.0
1,1,Dundas,0,29682411,44160,12:16:00,midday,43260.0,15.0
1,1,Dundas,0,29682412,45060,12:31:00,midday,44160.0,15.0
1,1,Dundas,0,29682413,45960,12:46:00,midday,45060.0,15.0
1,1,Dundas,0,29682414,46860,13:01:00,midday,45960.0,15.0
1,1,Dundas,0,29682415,47760,13:16:00,midday,46860.0,15.0
1,1,Dundas,0,29682416,48660,13:31:00,midday,47760.0,15.0
1,1,Dundas,0,29682417,49500,13:45:00,midday,48660.0,14.0
1,1,Dundas,0,29682418,50460,14:01:00,midday,49500.0,16.0
1,1,Dundas,0,29682419,51360,14:16:00,midday,50460.0,15.0
1,1,Dundas,0,29682420,52260,14:31:00,midday,51360.0,15.0
1,1,Dundas,0,29682421,53160,14:46:00,midday,52260.0,15.0
1,1,Dundas,0,29682422,54060,15:01:00,PM peak,53160.0,15.0
1,1,Dundas,0,29682423,54960,15:16:00,PM peak,54060.0,15.0
1,1,Dundas,0,29682424,55860,15:31:00,PM peak,54960.0,15.0
1,1,Dundas,0,29682425,56760,15:46:00,PM peak,55860.0,15.0
1,1,Dundas,0,29682426,57660,16:01:00,PM peak,56760.0,15.0
1,1,Dundas,0,29682427,58560,16:16:00,PM peak,57660.0,15.0
1,1,Dundas,0,29682428,59460,16:31:00,PM peak,58560.0,15.0
1,1,Dundas,0,29682429,60360,16:46:00,PM peak,59460.0,15.0
1,1,Dundas,0,29682430,61260,17:01:00,PM peak,60360.0,15.0
1,1,Dundas,0,29682431,62100,17:15:00,PM peak,61260.0,14.0
1,1,Dundas,0,29682432,63060,17:31:00,PM peak,62100.0,16.0
1,1,Dundas,0,29682433,63960,17:46:00,PM peak,63060.0,15.0
1,1,Dundas,0,29682434,64860,18:01:00,PM peak,63960.0,15.0
1,1,Dundas,0,29682435,65820,18:17:00,PM peak,64860.0,16.0
1,1,Dundas,0,29682436,66900,18:35:00,PM peak,65820.0,18.0
1,1,Dundas,0,29682437,67860,18:51:00,PM peak,66900.0,16.0
1,1,Dundas,0,29682438,68760,19:06:00,evening,67860.0,15.0
1,1,Dundas,0,29682439,69660,19:21:00,evening,68760.0,15.0
1,1,Dundas,0,29682440,70560,19:36:00,evening,69660.0,15.0
1,1,Dundas,0,29682441,71460,19:51:00,evening,70560.0,15.0
1,1,Dundas,0,29682442,72360,20:06:00,evening,71460.0,15.0
1,1,Dundas,0,29682443,73260,20:21:00,evening,72360.0,15.0
1,1,Dundas,0,29682444,74160,20:36:00,evening,73260.0,15.0
1,1,Dundas,0,29682445,75060,20:51:00,evening,74160.0,15.0
1,1,Dundas,0,29682446,75960,21:06:00,evening,75060.0,15.0
1,1,Dundas,0,29682447,76860,21:21:00,evening,75960.0,15.0
1,1,Dundas,0,29682448,77760,21:36:00,evening,76860.0,15.0
1,1,Dundas,0,29682449,78840,21:54:00,evening,77760.0,18.0
1,1,Dundas,0,29682450,79920,22:12:00,late night,78840.0,18.0
1,1,Dundas,0,29682451,81000,22:30:00,late night,79920.0,18.0
1,1,Dundas,0,29682452,82080,22:48:00,late night,81000.0,18.0
1,1,Dundas,0,29682453,83280,23:08:00,late night,82080.0,20.0
1,1,Dundas,0,29682454,84480,23:28:00,late night,83280.0,20.0
1,1,Dundas,0,29682455,85680,23:48:00,late night,84480.0,20.0
1,1,Dundas,0,29682456,86880,24:08:00,late night,85680.0,20.0
1,1,Dundas,0,29682457,88080,24:28:00,late night,86880.0,20.0
1,1,Dundas,0,29682458,89280,24:48:00,late night,88080.0,20.0
1,1,Dundas,0,29682459,90480,25:08:00,late night,89280.0,20.0
1,1,Dundas,0,29682460,91680,25:28:00,late night,90480.0,20.0
1,1,Dundas,1,29683586,9000,02:30:00,early morning,7200.0,30.0
1,1,Dundas,1,29683587,10800,03:00:00,early morning,9000.0,30.0
1,1,Dundas,1,29683588,12600,03:30:00,early morning,10800.0,30.0
1,1,Dundas,1,29683589,14400,04:00:00,early morning,12600.0,30.0
1,1,Dundas,1,29682299,16200,04:30:00,early morning,14400.0,30.0
1,1,Dundas,1,29682300,17100,04:45:00,early morning,16200.0,15.0
1,1,Dundas,1,29682301,18000,05:00:00,early morning,17100.0,15.0
1,1,Dundas,1,29682302,18900,05:15:00,early morning,18000.0,15.0
1,1,Dundas,1,29682303,19800,05:30:00,early morning,18900.0,15.0
1,1,Dundas,1,29682304,20700,05:45:00,early morning,19800.0,15.0
1,1,Dundas,1,29682305,21600,06:00:00,AM peak,20700.0,15.0
1,1,Dundas,1,29682306,22500,06:15:00,AM peak,21600.0,15.0
1,1,Dundas,1,29682307,23400,06:30:00,AM peak,22500.0,15.0
1,1,Dundas,1,29682308,24300,06:45:00,AM peak,23400.0,15.0
1,1,Dundas,1,29682309,25200,07:00:00,AM peak,24300.0,15.0
1,1,Dundas,1,29682310,26100,07:15:00,AM peak,25200.0,15.0
1,1,Dundas,1,29682311,27000,07:30:00,AM peak,26100.0,15.0
1,1,Dundas,1,29682312,27900,07:45:00,AM peak,27000.0,15.0
1,1,Dundas,1,29682313,28800,08:00:00,AM peak,27900.0,15.0
1,1,Dundas,1,29682314,29700,08:15:00,AM peak,28800.0,15.0
1,1,Dundas,1,29682315,30600,08:30:00,AM peak,29700.0,15.0
1,1,Dundas,1,29682316,31500,08:45:00,AM peak,30600.0,15.0
1,1,Dundas,1,29682317,32400,09:00:00,midday,31500.0,15.0
1,1,Dundas,1,29682318,33300,09:15:00,midday,32400.0,15.0
1,1,Dundas,1,29682319,34200,09:30:00,midday,33300.0,15.0
1,1,Dundas,1,29682320,35100,09:45:00,midday,34200.0,15.0
1,1,Dundas,1,29682321,36000,10:00:00,midday,35100.0,15.0
1,1,Dundas,1,29682322,36900,10:15:00,midday,36000.0,15.0
1,1,Dundas,1,29682323,37800,10:30:00,midday,36900.0,15.0
1,1,Dundas,1,29682324,38700,10:45:00,midday,37800.0,15.0
1,1,Dundas,1,29682325,39600,11:00:00,midday,38700.0,15.0
1,1,Dundas,1,29682326,40500,11:15:00,midday,39600.0,15.0
1,1,Dundas,1,29682327,41400,11:30:00,midday,40500.0,15.0
1,1,Dundas,1,29682328,42300,11:45:00,midday,41400.0,15.0
1,1,Dundas,1,29682329,43200,12:00:00,midday,42300.0,15.0
1,1,Dundas,1,29682330,44100,12:15:00,midday,43200.0,15.0
1,1,Dundas,1,29682331,45000,12:30:00,midday,44100.0,15.0
1,1,Dundas,1,29682332,45900,12:45:00,midday,45000.0,15.0
1,1,Dundas,1,29682333,46800,13:00:00,midday,45900.0,15.0
1,1,Dundas,1,29682334,47700,13:15:00,midday,46800.0,15.0
1,1,Dundas,1,29682335,48600,13:30:00,midday,47700.0,15.0
1,1,Dundas,1,29682336,49500,13:45:00,midday,48600.0,15.0
1,1,Dundas,1,29682337,50400,14:00:00,midday,49500.0,15.0
1,1,Dundas,1,29682338,51300,14:15:00,midday,50400.0,15.0
1,1,Dundas,1,29682339,52200,14:30:00,midday,51300.0,15.0
1,1,Dundas,1,29682340,53100,14:45:00,midday,52200.0,15.0
1,1,Dundas,1,29682341,54000,15:00:00,PM peak,53100.0,15.0
1,1,Dundas,1,29682342,54900,15:15:00,PM peak,54000.0,15.0
1,1,Dundas,1,29682343,55800,15:30:00,PM peak,54900.0,15.0
1,1,Dundas,1,29682344,56700,15:45:00,PM peak,55800.0,15.0
1,1,Dundas,1,29682345,57600,16:00:00,PM peak,56700.0,15.0
1,1,Dundas,1,29682346,58500,16:15:00,PM peak,57600.0,15.0
1,1,Dundas,1,29682347,59400,16:30:00,PM peak,58500.0,15.0
1,1,Dundas,1,29682348,60300,16:45:00,PM peak,59400.0,15.0
1,1,Dundas,1,29682349,61200,17:00:00,PM peak,60300.0,15.0
1,1,Dundas,1,29682350,62100,17:15:00,PM peak,61200.0,15.0
1,1,Dundas,1,29682351,63000,17:30:00,PM peak,62100.0,15.0
1,1,Dundas,1,29682352,63900,17:45:00,PM peak,63000.0,15.0
1,1,Dundas,1,29682353,64800,18:00:00,PM peak,63900.0,15.0
1,1,Dundas,1,29682354,65760,18:16:00,PM peak,64800.0,16.0
1,1,Dundas,1,29682355,66720,18:32:00,PM peak,65760.0,16.0
1,1,Dundas,1,29682356,67680,18:48:00,PM peak,66720.0,16.0
1,1,Dundas,1,29682357,68640,19:04:00,evening,67680.0,16.0
1,1,Dundas,1,29682358,69600,19:20:00,evening,68640.0,16.0
1,1,Dundas,1,29682359,70560,19:36:00,evening,69600.0,16.0
1,1,Dundas,1,29682360,71520,19:52:00,evening,70560.0,16.0
1,1,Dundas,1,29682361,72480,20:08:00,evening,71520.0,16.0
1,1,Dundas,1,29682362,73440,20:24:00,evening,72480.0,16.0
1,1,Dundas,1,29682363,74400,20:40:00,evening,73440.0,16.0
1,1,Dundas,1,29682364,75300,20:55:00,evening,74400.0,15.0
1,1,Dundas,1,29682365,76200,21:10:00,evening,75300.0,15.0
1,1,Dundas,1,29682366,77100,21:25:00,evening,76200.0,15.0
1,1,Dundas,1,29682367,78000,21:40:00,evening,77100.0,15.0
1,1,Dundas,1,29682368,78900,21:55:00,evening,78000.0,15.0
1,1,Dundas,1,29682369,79800,22:10:00,late night,78900.0,15.0
1,1,Dundas,1,29682370,81000,22:30:00,late night,79800.0,20.0
1,1,Dundas,1,29682371,82200,22:50:00,late night,81000.0,20.0
1,1,Dundas,1,29682372,83400,23:10:00,late night,82200.0,20.0
1,1,Dundas,1,29682373,84600,23:30:00,late night,83400.0,20.0
1,1,Dundas,1,29682374,85800,23:50:00,late night,84600.0,20.0
1,1,Dundas,1,29682375,87000,24:10:00,late night,85800.0,20.0
1,1,Dundas,1,29682376,88200,24:30:00,late night,87000.0,20.0
1,1,Dundas,1,29682377,89400,24:50:00,late night,88200.0,20.0
1,1,Dundas,1,29682378,90600,25:10:00,late night,89400.0,20.0
1,1,Dundas,1,29682379,91800,25:30:00,late night,90600.0,20.0
2,2,Hurontario,0,29681008,10080,02:48:00,early morning,9000.0,18.0
2,2,Hurontario,0,29681007,11160,03:06:00,early morning,10080.0,18.0
2,2,Hurontario,0,29681015,12240,03:24:00,early morning,11160.0,18.0
2,2,Hurontario,0,29681004,13320,03:42:00,early morning,12240.0,18.0
2,2,Hurontario,0,29681002,14400,04:00:00,early morning,13320.0,18.0
2,2,Hurontario,0,29681017,15480,04:18:00,early morning,14400.0,18.0
2,2,Hurontario,0,29680970,16680,04:38:00,early morning,15480.0,20.0
2,2,Hurontario,0,29680972,17880,04:58:00,early morning,16680.0,20.0
2,2,Hurontario,0,29681014,19080,05:18:00,early morning,17880.0,20.0
2,2,Hurontario,0,29680965,19680,05:28:00,early morning,19080.0,10.0
2,2,Hurontario,0,29680975,20400,05:40:00,early morning,19680.0,12.0
2,2,Hurontario,0,29680963,21120,05:52:00,early morning,20400.0,12.0
2,2,Hurontario,0,29680962,21840,06:04:00,AM peak,21120.0,12.0
2,2,Hurontario,0,29680940,22560,06:16:00,AM peak,21840.0,12.0
2,2,Hurontario,0,29681013,23280,06:28:00,AM peak,22560.0,12.0
2,2,Hurontario,0,29680930,24000,06:40:00,AM peak,23280.0,12.0
2,2,Hurontario,0,29680976,24720,06:52:00,AM peak,24000.0,12.0
2,2,Hurontario,0,29680931,25440,07:04:00,AM peak,24720.0,12.0
2,2,Hurontario,0,29680932,26160,07:16:00,AM peak,25440.0,12.0
2,2,Hurontario,0,29680945,26760,07:26:00,AM peak,26160.0,10.0
2,2,Hurontario,0,29680919,27360,07:36:00,AM peak,26760.0,10.0
2,2,Hurontario,0,29680920,27960,07:46:00,AM peak,27360.0,10.0
2,2,Hurontario,0,29681019,28560,07:56:00,AM peak,27960.0,10.0
2,2,Hurontario,0,29680921,29160,08:06:00,AM peak,28560.0,10.0
2,2,Hurontario,0,29680978,29880,08:18:00,AM peak,29160.0,12.0
2,2,Hurontario,0,29680911,30600,08:30:00,AM peak,29880.0,12.0
2,2,Hurontario,0,29680912,31320,08:42:00,AM peak,30600.0,12.0
2,2,Hurontario,0,29680935,32040,08:54:00,AM peak,31320.0,12.0
2,2,Hurontario,0,29680914,32760,09:06:00,midday,32040.0,12.0
2,2,Hurontario,0,29680913,33360,09:16:00,midday,32760.0,10.0
2,2,Hurontario,0,29681020,33960,09:26:00,midday,33360.0,10.0
2,2,Hurontario,0,29680888,34560,09:36:00,midday,33960.0,10.0
2,2,Hurontario,0,29680979,35280,09:48:00,midday,34560.0,12.0
2,2,Hurontario,0,29680892,36000,10:00:00,midday,35280.0,12.0
2,2,Hurontario,0,29680889,36720,10:12:00,midday,36000.0,12.0
2,2,Hurontario,0,29680933,37440,10:24:00,midday,36720.0,12.0
2,2,Hurontario,0,29680893,38160,10:36:00,midday,37440.0,12.0
2,2,Hurontario,0,29680890,38760,10:46:00,midday,38160.0,10.0
2,2,Hurontario,0,29681021,39360,10:56:00,midday,38760.0,10.0
2,2,Hurontario,0,29680891,39960,11:06:00,midday,39360.0,10.0
2,2,Hurontario,0,29680977,40560,11:16:00,midday,39960.0,10.0
2,2,Hurontario,0,29680882,41280,11:28:00,midday,40560.0,12.0
2,2,Hurontario,0,29680883,42000,11:40:00,midday,41280.0,12.0
2,2,Hurontario,0,29680934,42720,11:52:00,midday,42000.0,12.0
2,2,Hurontario,0,29680869,43440,12:04:00,midday,42720.0,12.0
2,2,Hurontario,0,29680870,44160,12:16:00,midday,43440.0,12.0
2,2,Hurontario,0,29681018,44880,12:28:00,midday,44160.0,12.0
2,2,Hurontario,0,29680894,45600,12:40:00,midday,44880.0,12.0
2,2,Hurontario,0,29680980,46320,12:52:00,midday,45600.0,12.0
2,2,Hurontario,0,29680871,47040,13:04:00,midday,46320.0,12.0
2,2,Hurontario,0,29680865,47760,13:16:00,midday,47040.0,12.0
2,2,Hurontario,0,29680936,48480,13:28:00,midday,47760.0,12.0
2,2,Hurontario,0,29680872,49200,13:40:00,midday,48480.0,12.0
2,2,Hurontario,0,29680866,49920,13:52:00,midday,49200.0,12.0
2,2,Hurontario,0,29681022,50640,14:04:00,midday,49920.0,12.0
2,2,Hurontario,0,29680896,51360,14:16:00,midday,50640.0,12.0
2,2,Hurontario,0,29680982,51960,14:26:00,midday,51360.0,10.0
2,2,Hurontario,0,29680862,52560,14:36:00,midday,51960.0,10.0
2,2,Hurontario,0,29680858,53160,14:46:00,midday,52560.0,10.0
2,2,Hurontario,0,29684090,53700,14:55:00,midday,53160.0,9.0
2,2,Hurontario,0,29680855,53760,14:56:00,midday,53700.0,1.0
2,2,Hurontario,0,29684124,54300,15:05:00,PM peak,53760.0,9.0
2,2,Hurontario,0,29680947,54360,15:06:00,PM peak,54300.0,1.0
2,2,Hurontario,0,29680874,54960,15:16:00,PM peak,54360.0,10.0
2,2,Hurontario,0,29680854,55560,15:26:00,PM peak,54960.0,10.0
2,2,Hurontario,0,29680848,56160,15:36:00,PM peak,55560.0,10.0
2,2,Hurontario,0,29681023,56760,15:46:00,PM peak,56160.0,10.0
2,2,Hurontario,0,29680898,57360,15:56:00,PM peak,56760.0,10.0
2,2,Hurontario,0,29680981,57960,16:06:00,PM peak,57360.0,10.0
2,2,Hurontario,0,29680856,58560,16:16:00,PM peak,57960.0,10.0
2,2,Hurontario,0,29680840,59160,16:26:00,PM peak,58560.0,10.0
2,2,Hurontario,0,29680843,59760,16:36:00,PM peak,59160.0,10.0
2,2,Hurontario,0,29680938,60360,16:46:00,PM peak,59760.0,10.0
2,2,Hurontario,0,29680873,60960,16:56:00,PM peak,60360.0,10.0
2,2,Hurontario,0,29680841,61560,17:06:00,PM peak,60960.0,10.0
2,2,Hurontario,0,29680842,62160,17:16:00,PM peak,61560.0,10.0
2,2,Hurontario,0,29681024,62760,17:26:00,PM peak,62160.0,10.0
2,2,Hurontario,0,29680897,63360,17:36:00,PM peak,62760.0,10.0
2,2,Hurontario,0,29680983,63960,17:46:00,PM peak,63360.0,10.0
2,2,Hurontario,0,29680857,64560,17:56:00,PM peak,63960.0,10.0
2,2,Hurontario,0,29680833,65160,18:06:00,PM peak,64560.0,10.0
2,2,Hurontario,0,29680835,65760,18:16:00,PM peak,65160.0,10.0
2,2,Hurontario,0,29680937,66360,18:26:00,PM peak,65760.0,10.0
2,2,Hurontario,0,29680836,66960,18:36:00,PM peak,66360.0,10.0
2,2,Hurontario,0,29680832,67560,18:46:00,PM peak,66960.0,10.0
2,2,Hurontario,0,29681010,68160,18:56:00,PM peak,67560.0,10.0
2,2,Hurontario,0,29680887,68760,19:06:00,evening,68160.0,10.0
2,2,Hurontario,0,29680967,69360,19:16:00,evening,68760.0,10.0
2,2,Hurontario,0,29680851,69960,19:26:00,evening,69360.0,10.0
2,2,Hurontario,0,29680828,70560,19:36:00,evening,69960.0,10.0
2,2,Hurontario,0,29680834,71160,19:46:00,evening,70560.0,10.0
2,2,Hurontario,0,29680939,71760,19:56:00,evening,71160.0,10.0
2,2,Hurontario,0,29680827,72360,20:06:00,evening,71760.0,10.0
2,2,Hurontario,0,29680823,72960,20:16:00,evening,72360.0,10.0
2,2,Hurontario,0,29680895,73680,20:28:00,evening,72960.0,12.0
2,2,Hurontario,0,29680984,74400,20:40:00,evening,73680.0,12.0
2,2,Hurontario,0,29680853,75120,20:52:00,evening,74400.0,12.0
2,2,Hurontario,0,29680822,75840,21:04:00,evening,75120.0,12.0
2,2,Hurontario,0,29680946,76560,21:16:00,evening,75840.0,12.0
2,2,Hurontario,0,29680820,77400,21:30:00,evening,76560.0,14.0
2,2,Hurontario,0,29680899,78240,21:44:00,evening,77400.0,14.0
2,2,Hurontario,0,29680987,79080,21:58:00,evening,78240.0,14.0
2,2,Hurontario,0,29680816,80160,22:16:00,late night,79080.0,18.0
2,2,Hurontario,0,29680942,81240,22:34:00,late night,80160.0,18.0
2,2,Hurontario,0,29680821,82320,22:52:00,late night,81240.0,18.0
2,2,Hurontario,0,29680988,83400,23:10:00,late night,82320.0,18.0
2,2,Hurontario,0,29680814,84480,23:28:00,late night,83400.0,18.0
2,2,Hurontario,0,29680944,85680,23:48:00,late night,84480.0,20.0
2,2,Hurontario,0,29680989,86880,24:08:00,late night,85680.0,20.0
2,2,Hurontario,0,29680812,88080,24:28:00,late night,86880.0,20.0
2,2,Hurontario,0,29680941,89280,24:48:00,late night,88080.0,20.0
2,2,Hurontario,0,29680985,90480,25:08:00,late night,89280.0,20.0
2,2,Hurontario,0,29680810,91680,25:28:00,late night,90480.0,20.0
2,2,Hurontario,0,29680925,92880,25:48:00,late night,91680.0,20.0
2,2,Hurontario,0,29680969,94080,26:08:00,late night,92880.0,20.0
2,2,Hurontario,1,29681011,8400,02:20:00,early morning,7200.0,20.0
2,2,Hurontario,1,29681009,9600,02:40:00,early morning,8400.0,20.0
2,2,Hurontario,1,29681027,10800,03:00:00,early morning,9600.0,20.0
2,2,Hurontario,1,29681005,11880,03:18:00,early morning,10800.0,18.0
2,2,Hurontario,1,29681006,12960,03:36:00,early morning,11880.0,18.0
2,2,Hurontario,1,29681028,14040,03:54:00,early morning,12960.0,18.0
2,2,Hurontario,1,29681003,15120,04:12:00,early morning,14040.0,18.0
2,2,Hurontario,1,29680992,16200,04:30:00,early morning,15120.0,18.0
2,2,Hurontario,1,29681029,17400,04:50:00,early morning,16200.0,20.0
2,2,Hurontario,1,29680993,18600,05:10:00,early morning,17400.0,20.0
2,2,Hurontario,1,29680966,19800,05:30:00,early morning,18600.0,20.0
2,2,Hurontario,1,29680961,20520,05:42:00,early morning,19800.0,12.0
2,2,Hurontario,1,29681025,21240,05:54:00,early morning,20520.0,12.0
2,2,Hurontario,1,29680964,21960,06:06:00,AM peak,21240.0,12.0
2,2,Hurontario,1,29680991,22680,06:18:00,AM peak,21960.0,12.0
2,2,Hurontario,1,29680948,23400,06:30:00,AM peak,22680.0,12.0
2,2,Hurontario,1,29680952,24000,06:40:00,AM peak,23400.0,10.0
2,2,Hurontario,1,29680943,24600,06:50:00,AM peak,24000.0,10.0
2,2,Hurontario,1,29680951,25200,07:00:00,AM peak,24600.0,10.0
2,2,Hurontario,1,29681031,25920,07:12:00,AM peak,25200.0,12.0
2,2,Hurontario,1,29680949,26640,07:24:00,AM peak,25920.0,12.0
2,2,Hurontario,1,29680990,27360,07:36:00,AM peak,26640.0,12.0
2,2,Hurontario,1,29684094,27720,07:42:00,AM peak,27360.0,6.0
2,2,Hurontario,1,29680924,28080,07:48:00,AM peak,27720.0,6.0
2,2,Hurontario,1,29684104,28320,07:52:00,AM peak,28080.0,4.0
2,2,Hurontario,1,29680922,28800,08:00:00,AM peak,28320.0,8.0
2,2,Hurontario,1,29680953,29520,08:12:00,AM peak,28800.0,12.0
2,2,Hurontario,1,29680923,30240,08:24:00,AM peak,29520.0,12.0
2,2,Hurontario,1,29680917,30840,08:34:00,AM peak,30240.0,10.0
2,2,Hurontario,1,29681030,31440,08:44:00,AM peak,30840.0,10.0
2,2,Hurontario,1,29680918,32040,08:54:00,AM peak,31440.0,10.0
2,2,Hurontario,1,29680994,32760,09:06:00,midday,32040.0,12.0
2,2,Hurontario,1,29680916,33480,09:18:00,midday,32760.0,12.0
2,2,Hurontario,1,29680915,34200,09:30:00,midday,33480.0,12.0
2,2,Hurontario,1,29680950,34920,09:42:00,midday,34200.0,12.0
2,2,Hurontario,1,29680904,35640,09:54:00,midday,34920.0,12.0
2,2,Hurontario,1,29680902,36240,10:04:00,midday,35640.0,10.0
2,2,Hurontario,1,29681032,36840,10:14:00,midday,36240.0,10.0
2,2,Hurontario,1,29680903,37440,10:24:00,midday,36840.0,10.0
2,2,Hurontario,1,29680995,38040,10:34:00,midday,37440.0,10.0
2,2,Hurontario,1,29680905,38760,10:46:00,midday,38040.0,12.0
2,2,Hurontario,1,29680884,39480,10:58:00,midday,38760.0,12.0
2,2,Hurontario,1,29680954,40200,11:10:00,midday,39480.0,12.0
2,2,Hurontario,1,29680885,40920,11:22:00,midday,40200.0,12.0
2,2,Hurontario,1,29680886,41640,11:34:00,midday,40920.0,12.0
2,2,Hurontario,1,29681033,42240,11:44:00,midday,41640.0,10.0
2,2,Hurontario,1,29680901,42840,11:54:00,midday,42240.0,10.0
2,2,Hurontario,1,29680996,43560,12:06:00,midday,42840.0,12.0
2,2,Hurontario,1,29680877,44280,12:18:00,midday,43560.0,12.0
2,2,Hurontario,1,29680876,45000,12:30:00,midday,44280.0,12.0
2,2,Hurontario,1,29680955,45720,12:42:00,midday,45000.0,12.0
2,2,Hurontario,1,29680879,46440,12:54:00,midday,45720.0,12.0
2,2,Hurontario,1,29680880,47160,13:06:00,midday,46440.0,12.0
2,2,Hurontario,1,29681034,47880,13:18:00,midday,47160.0,12.0
2,2,Hurontario,1,29680907,48600,13:30:00,midday,47880.0,12.0
2,2,Hurontario,1,29680998,49320,13:42:00,midday,48600.0,12.0
2,2,Hurontario,1,29680868,50040,13:54:00,midday,49320.0,12.0
2,2,Hurontario,1,29680867,50760,14:06:00,midday,50040.0,12.0
2,2,Hurontario,1,29680956,51480,14:18:00,midday,50760.0,12.0
2,2,Hurontario,1,29680875,52200,14:30:00,midday,51480.0,12.0
2,2,Hurontario,1,29680863,52800,14:40:00,midday,52200.0,10.0
2,2,Hurontario,1,29680864,53400,14:50:00,midday,52800.0,10.0
2,2,Hurontario,1,29681035,54000,15:00:00,PM peak,53400.0,10.0
2,2,Hurontario,1,29680906,54600,15:10:00,PM peak,54000.0,10.0
2,2,Hurontario,1,29680997,55200,15:20:00,PM peak,54600.0,10.0
2,2,Hurontario,1,29680859,55800,15:30:00,PM peak,55200.0,10.0
2,2,Hurontario,1,29680849,56400,15:40:00,PM peak,55800.0,10.0
2,2,Hurontario,1,29680850,57000,15:50:00,PM peak,56400.0,10.0
2,2,Hurontario,1,29680957,57600,16:00:00,PM peak,57000.0,10.0
2,2,Hurontario,1,29680878,58200,16:10:00,PM peak,57600.0,10.0
2,2,Hurontario,1,29680844,58800,16:20:00,PM peak,58200.0,10.0
2,2,Hurontario,1,29680845,59400,16:30:00,PM peak,58800.0,10.0
2,2,Hurontario,1,29681036,60000,16:40:00,PM peak,59400.0,10.0
2,2,Hurontario,1,29680909,60600,16:50:00,PM peak,60000.0,10.0
2,2,Hurontario,1,29680999,61200,17:00:00,PM peak,60600.0,10.0
2,2,Hurontario,1,29680861,61800,17:10:00,PM peak,61200.0,10.0
2,2,Hurontario,1,29680846,62400,17:20:00,PM peak,61800.0,10.0
2,2,Hurontario,1,29680847,63000,17:30:00,PM peak,62400.0,10.0
2,2,Hurontario,1,29680960,63600,17:40:00,PM peak,63000.0,10.0
2,2,Hurontario,1,29680881,64080,17:48:00,PM peak,63600.0,8.0
2,2,Hurontario,1,29680839,64560,17:56:00,PM peak,64080.0,8.0
2,2,Hurontario,1,29680838,65160,18:06:00,PM peak,64560.0,10.0
2,2,Hurontario,1,29681026,65760,18:16:00,PM peak,65160.0,10.0
2,2,Hurontario,1,29680900,66360,18:26:00,PM peak,65760.0,10.0
2,2,Hurontario,1,29680986,66960,18:36:00,PM peak,66360.0,10.0
2,2,Hurontario,1,29680852,67560,18:46:00,PM peak,66960.0,10.0
2,2,Hurontario,1,29680831,68160,18:56:00,PM peak,67560.0,10.0
2,2,Hurontario,1,29680837,68760,19:06:00,evening,68160.0,10.0
2,2,Hurontario,1,29680959,69360,19:16:00,evening,68760.0,10.0
2,2,Hurontario,1,29680829,69960,19:26:00,evening,69360.0,10.0
2,2,Hurontario,1,29680830,70560,19:36:00,evening,69960.0,10.0
2,2,Hurontario,1,29680908,71280,19:48:00,evening,70560.0,12.0
2,2,Hurontario,1,29681000,72000,20:00:00,evening,71280.0,12.0
2,2,Hurontario,1,29680860,72720,20:12:00,evening,72000.0,12.0
2,2,Hurontario,1,29680824,73440,20:24:00,evening,72720.0,12.0
2,2,Hurontario,1,29680958,74160,20:36:00,evening,73440.0,12.0
2,2,Hurontario,1,29680825,74880,20:48:00,evening,74160.0,12.0
2,2,Hurontario,1,29680826,75480,20:58:00,evening,74880.0,10.0
2,2,Hurontario,1,29680910,76080,21:08:00,evening,75480.0,10.0
2,2,Hurontario,1,29681001,77040,21:24:00,evening,76080.0,16.0
2,2,Hurontario,1,29680817,78120,21:42:00,evening,77040.0,18.0
2,2,Hurontario,1,29680926,79200,22:00:00,late night,78120.0,18.0
2,2,Hurontario,1,29680819,80280,22:18:00,late night,79200.0,18.0
2,2,Hurontario,1,29680971,81360,22:36:00,late night,80280.0,18.0
2,2,Hurontario,1,29680815,82440,22:54:00,late night,81360.0,18.0
2,2,Hurontario,1,29680928,83400,23:10:00,late night,82440.0,16.0
2,2,Hurontario,1,29680818,84360,23:26:00,late night,83400.0,16.0
2,2,Hurontario,1,29680974,85320,23:42:00,late night,84360.0,16.0
2,2,Hurontario,1,29680813,86520,24:02:00,late night,85320.0,20.0
2,2,Hurontario,1,29680929,87720,24:22:00,late night,86520.0,20.0
2,2,Hurontario,1,29680973,88920,24:42:00,late night,87720.0,20.0
2,2,Hurontario,1,29680811,90120,25:02:00,late night,88920.0,20.0
2,2,Hurontario,1,29680927,91320,25:22:00,late night,90120.0,20.0
2,2,Hurontario,1,29680968,92400,25:40:00,late night,91320.0,18.0
3,3,Bloor,0,29717212,9000,02:30:00,early morning,7200.0,30.0
3,3,Bloor,0,29717213,10800,03:00:00,early morning,9000.0,30.0
3,3,Bloor,0,29717214,12600,03:30:00,early morning,10800.0,30.0
3,3,Bloor,0,29717215,14400,04:00:00,early morning,12600.0,30.0
3,3,Bloor,0,29717216,15900,04:25:00,early morning,14400.0,25.0
3,3,Bloor,0,29717217,16800,04:40:00,early morning,15900.0,15.0
3,3,Bloor,0,29717218,17700,04:55:00,early morning,16800.0,15.0
3,3,Bloor,0,29717219,18600,05:10:00,early morning,17700.0,15.0
3,3,Bloor,0,29717220,19320,05:22:00,early morning,18600.0,12.0
3,3,Bloor,0,29717221,20040,05:34:00,early morning,19320.0,12.0
3,3,Bloor,0,29717222,20760,05:46:00,early morning,20040.0,12.0
3,3,Bloor,0,29717223,21480,05:58:00,early morning,20760.0,12.0
3,3,Bloor,0,29717224,22200,06:10:00,AM peak,21480.0,12.0
3,3,Bloor,0,29717225,22800,06:20:00,AM peak,22200.0,10.0
3,3,Bloor,0,29717226,23280,06:28:00,AM peak,22800.0,8.0
3,3,Bloor,0,29717227,23760,06:36:00,AM peak,23280.0,8.0
3,3,Bloor,0,29717228,24300,06:45:00,AM peak,23760.0,9.0
3,3,Bloor,0,29717229,24900,06:55:00,AM peak,24300.0,10.0
3,3,Bloor,0,29717230,25500,07:05:00,AM peak,24900.0,10.0
3,3,Bloor,0,29717231,26100,07:15:00,AM peak,25500.0,10.0
3,3,Bloor,0,29717232,26700,07:25:00,AM peak,26100.0,10.0
3,3,Bloor,0,29764790,27120,07:32:00,AM peak,26700.0,7.0
3,3,Bloor,0,29717233,27300,07:35:00,AM peak,27120.0,3.0
3,3,Bloor,0,29717234,27900,07:45:00,AM peak,27300.0,10.0
3,3,Bloor,0,29717235,28500,07:55:00,AM peak,27900.0,10.0
3,3,Bloor,0,29717236,29100,08:05:00,AM peak,28500.0,10.0
3,3,Bloor,0,29717237,29700,08:15:00,AM peak,29100.0,10.0
3,3,Bloor,0,29717238,30300,08:25:00,AM peak,29700.0,10.0
3,3,Bloor,0,29717239,30900,08:35:00,AM peak,30300.0,10.0
3,3,Bloor,0,29717240,31500,08:45:00,AM peak,30900.0,10.0
3,3,Bloor,0,29717241,32100,08:55:00,AM peak,31500.0,10.0
3,3,Bloor,0,29717242,32700,09:05:00,midday,32100.0,10.0
3,3,Bloor,0,29717243,33300,09:15:00,midday,32700.0,10.0
3,3,Bloor,0,29717244,34200,09:30:00,midday,33300.0,15.0
3,3,Bloor,0,29717245,35100,09:45:00,midday,34200.0,15.0
3,3,Bloor,0,29717246,36000,10:00:00,midday,35100.0,15.0
3,3,Bloor,0,29717247,36840,10:14:00,midday,36000.0,14.0
3,3,Bloor,0,29717248,37680,10:28:00,midday,36840.0,14.0
3,3,Bloor,0,29717249,38520,10:42:00,midday,37680.0,14.0
3,3,Bloor,0,29717250,39360,10:56:00,midday,38520.0,14.0
3,3,Bloor,0,29717251,40200,11:10:00,midday,39360.0,14.0
3,3,Bloor,0,29717252,41040,11:24:00,midday,40200.0,14.0
3,3,Bloor,0,29717253,41880,11:38:00,midday,41040.0,14.0
3,3,Bloor,0,29717254,42720,11:52:00,midday,41880.0,14.0
3,3,Bloor,0,29717255,43560,12:06:00,midday,42720.0,14.0
3,3,Bloor,0,29717256,44400,12:20:00,midday,43560.0,14.0
3,3,Bloor,0,29717257,45300,12:35:00,midday,44400.0,15.0
3,3,Bloor,0,29717258,46200,12:50:00,midday,45300.0,15.0
3,3,Bloor,0,29717259,47100,13:05:00,midday,46200.0,15.0
3,3,Bloor,0,29717260,48000,13:20:00,midday,47100.0,15.0
3,3,Bloor,0,29717261,48900,13:35:00,midday,48000.0,15.0
3,3,Bloor,0,29717262,49800,13:50:00,midday,48900.0,15.0
3,3,Bloor,0,29717263,50700,14:05:00,midday,49800.0,15.0
3,3,Bloor,0,29717264,51600,14:20:00,midday,50700.0,15.0
3,3,Bloor,0,29717265,52500,14:35:00,midday,51600.0,15.0
3,3,Bloor,0,29717266,53400,14:50:00,midday,52500.0,15.0
3,3,Bloor,0,29717267,54300,15:05:00,PM peak,53400.0,15.0
3,3,Bloor,0,29717268,55200,15:20:00,PM peak,54300.0,15.0
3,3,Bloor,0,29717269,56100,15:35:00,PM peak,55200.0,15.0
3,3,Bloor,0,29717270,57000,15:50:00,PM peak,56100.0,15.0
3,3,Bloor,0,29717271,57900,16:05:00,PM peak,57000.0,15.0
3,3,Bloor,0,29717272,58800,16:20:00,PM peak,57900.0,15.0
3,3,Bloor,0,29717273,59700,16:35:00,PM peak,58800.0,15.0
3,3,Bloor,0,29717274,60600,16:50:00,PM peak,59700.0,15.0
3,3,Bloor,0,29717275,61500,17:05:00,PM peak,60600.0,15.0
3,3,Bloor,0,29717276,62400,17:20:00,PM peak,61500.0,15.0
3,3,Bloor,0,29717277,63300,17:35:00,PM peak,62400.0,15.0
3,3,Bloor,0,29717278,64200,17:50:00,PM peak,63300.0,15.0
3,3,Bloor,0,29717279,65100,18:05:00,PM peak,64200.0,15.0
3,3,Bloor,0,29717280,66000,18:20:00,PM peak,65100.0,15.0
3,3,Bloor,0,29717281,66900,18:35:00,PM peak,66000.0,15.0
3,3,Bloor,0,29717282,67800,18:50:00,PM peak,66900.0,15.0
3,3,Bloor,0,29717283,68700,19:05:00,evening,67800.0,15.0
3,3,Bloor,0,29717284,69600,19:20:00,evening,68700.0,15.0
3,3,Bloor,0,29717285,70800,19:40:00,evening,69600.0,20.0
3,3,Bloor,0,29717286,72000,20:00:00,evening,70800.0,20.0
3,3,Bloor,0,29717287,73200,20:20:00,evening,72000.0,20.0
3,3,Bloor,0,29717288,74400,20:40:00,evening,73200.0,20.0
3,3,Bloor,0,29717289,75600,21:00:00,evening,74400.0,20.0
3,3,Bloor,0,29717290,76800,21:20:00,evening,75600.0,20.0
3,3,Bloor,0,29717291,78000,21:40:00,evening,76800.0,20.0
3,3,Bloor,0,29717292,79500,22:05:00,late night,78000.0,25.0
3,3,Bloor,0,29717293,81300,22:35:00,late night,79500.0,30.0
3,3,Bloor,0,29717294,83100,23:05:00,late night,81300.0,30.0
3,3,Bloor,0,29717295,84900,23:35:00,late night,83100.0,30.0
3,3,Bloor,0,29717296,86700,24:05:00,late night,84900.0,30.0
3,3,Bloor,0,29717297,88500,24:35:00,late night,86700.0,30.0
3,3,Bloor,0,29717298,90300,25:05:00,late night,88500.0,30.0
3,3,Bloor,0,29717299,92100,25:35:00,late night,90300.0,30.0
3,3,Bloor,1,29717301,11400,03:10:00,early morning,9600.0,30.0
3,3,Bloor,1,29717302,13200,03:40:00,early morning,11400.0,30.0
3,3,Bloor,1,29717303,15000,04:10:00,early morning,13200.0,30.0
3,3,Bloor,1,29717304,16800,04:40:00,early morning,15000.0,30.0
3,3,Bloor,1,29717305,18600,05:10:00,early morning,16800.0,30.0
3,3,Bloor,1,29717306,19500,05:25:00,early morning,18600.0,15.0
3,3,Bloor,1,29717307,20400,05:40:00,early morning,19500.0,15.0
3,3,Bloor,1,29717308,21300,05:55:00,early morning,20400.0,15.0
3,3,Bloor,1,29717309,22200,06:10:00,AM peak,21300.0,15.0
3,3,Bloor,1,29717311,23100,06:25:00,AM peak,22200.0,15.0
3,3,Bloor,1,29717313,24000,06:40:00,AM peak,23100.0,15.0
3,3,Bloor,1,29717315,24900,06:55:00,AM peak,24000.0,15.0
3,3,Bloor,1,29717317,25800,07:10:00,AM peak,24900.0,15.0
3,3,Bloor,1,29717319,26700,07:25:00,AM peak,25800.0,15.0
3,3,Bloor,1,29717321,27600,07:40:00,AM peak,26700.0,15.0
3,3,Bloor,1,29717323,28500,07:55:00,AM peak,27600.0,15.0
3,3,Bloor,1,29717325,29400,08:10:00,AM peak,28500.0,15.0
3,3,Bloor,1,29717327,30300,08:25:00,AM peak,29400.0,15.0
3,3,Bloor,1,29717329,31200,08:40:00,AM peak,30300.0,15.0
3,3,Bloor,1,29717331,32040,08:54:00,AM peak,31200.0,14.0
3,3,Bloor,1,29717332,32880,09:08:00,midday,32040.0,14.0
3,3,Bloor,1,29717334,33780,09:23:00,midday,32880.0,15.0
3,3,Bloor,1,29717336,34680,09:38:00,midday,33780.0,15.0
3,3,Bloor,1,29717337,35580,09:53:00,midday,34680.0,15.0
3,3,Bloor,1,29717338,36480,10:08:00,midday,35580.0,15.0
3,3,Bloor,1,29717339,37380,10:23:00,midday,36480.0,15.0
3,3,Bloor,1,29717340,38280,10:38:00,midday,37380.0,15.0
3,3,Bloor,1,29717341,39180,10:53:00,midday,38280.0,15.0
3,3,Bloor,1,29717342,40080,11:08:00,midday,39180.0,15.0
3,3,Bloor,1,29717343,40980,11:23:00,midday,40080.0,15.0
3,3,Bloor,1,29717344,41880,11:38:00,midday,40980.0,15.0
3,3,Bloor,1,29717345,42780,11:53:00,midday,41880.0,15.0
3,3,Bloor,1,29717346,43680,12:08:00,midday,42780.0,15.0
3,3,Bloor,1,29717347,44520,12:22:00,midday,43680.0,14.0
3,3,Bloor,1,29717348,45360,12:36:00,midday,44520.0,14.0
3,3,Bloor,1,29717349,46200,12:50:00,midday,45360.0,14.0
3,3,Bloor,1,29717350,47040,13:04:00,midday,46200.0,14.0
3,3,Bloor,1,29717351,47880,13:18:00,midday,47040.0,14.0
3,3,Bloor,1,29717352,48720,13:32:00,midday,47880.0,14.0
3,3,Bloor,1,29717353,49560,13:46:00,midday,48720.0,14.0
3,3,Bloor,1,29764791,50280,13:58:00,midday,49560.0,12.0
3,3,Bloor,1,29717354,50400,14:00:00,midday,50280.0,2.0
3,3,Bloor,1,29717355,51000,14:10:00,midday,50400.0,10.0
3,3,Bloor,1,29717356,51600,14:20:00,midday,51000.0,10.0
3,3,Bloor,1,29717357,52200,14:30:00,midday,51600.0,10.0
3,3,Bloor,1,29717358,52800,14:40:00,midday,52200.0,10.0
3,3,Bloor,1,29717359,53400,14:50:00,midday,52800.0,10.0
3,3,Bloor,1,29717360,54060,15:01:00,PM peak,53400.0,11.0
3,3,Bloor,1,29717361,54780,15:13:00,PM peak,54060.0,12.0
3,3,Bloor,1,29717362,55500,15:25:00,PM peak,54780.0,12.0
3,3,Bloor,1,29717363,56100,15:35:00,PM peak,55500.0,10.0
3,3,Bloor,1,29717364,56700,15:45:00,PM peak,56100.0,10.0
3,3,Bloor,1,29717365,57300,15:55:00,PM peak,56700.0,10.0
3,3,Bloor,1,29717366,57900,16:05:00,PM peak,57300.0,10.0
3,3,Bloor,1,29717367,58500,16:15:00,PM peak,57900.0,10.0
3,3,Bloor,1,29717368,59100,16:25:00,PM peak,58500.0,10.0
3,3,Bloor,1,29717369,59700,16:35:00,PM peak,59100.0,10.0
3,3,Bloor,1,29717370,60300,16:45:00,PM peak,59700.0,10.0
3,3,Bloor,1,29717371,60900,16:55:00,PM peak,60300.0,10.0
3,3,Bloor,1,29717372,61620,17:07:00,PM peak,60900.0,12.0
3,3,Bloor,1,29717373,62340,17:19:00,PM peak,61620.0,12.0
3,3,Bloor,1,29717374,63060,17:31:00,PM peak,62340.0,12.0
3,3,Bloor,1,29717375,63660,17:41:00,PM peak,63060.0,10.0
3,3,Bloor,1,29717376,64260,17:51:00,PM peak,63660.0,10.0
3,3,Bloor,1,29717377,64860,18:01:00,PM peak,64260.0,10.0
3,3,Bloor,1,29717378,65400,18:10:00,PM peak,64860.0,9.0
3,3,Bloor,1,29717379,66000,18:20:00,PM peak,65400.0,10.0
3,3,Bloor,1,29717380,66720,18:32:00,PM peak,66000.0,12.0
3,3,Bloor,1,29717381,67440,18:44:00,PM peak,66720.0,12.0
3,3,Bloor,1,29717382,68040,18:54:00,PM peak,67440.0,10.0
3,3,Bloor,1,29717383,68640,19:04:00,evening,68040.0,10.0
3,3,Bloor,1,29717384,69600,19:20:00,evening,68640.0,16.0
3,3,Bloor,1,29717385,70800,19:40:00,evening,69600.0,20.0
3,3,Bloor,1,29717386,72000,20:00:00,evening,70800.0,20.0
3,3,Bloor,1,29717387,73080,20:18:00,evening,72000.0,18.0
3,3,Bloor,1,29717388,74160,20:36:00,evening,73080.0,18.0
3,3,Bloor,1,29717389,75240,20:54:00,evening,74160.0,18.0
3,3,Bloor,1,29717390,76320,21:12:00,evening,75240.0,18.0
3,3,Bloor,1,29717391,77400,21:30:00,evening,76320.0,18.0
3,3,Bloor,1,29717392,78600,21:50:00,evening,77400.0,20.0
3,3,Bloor,1,29717393,80400,22:20:00,late night,78600.0,30.0
3,3,Bloor,1,29717394,82200,22:50:00,late night,80400.0,30.0
3,3,Bloor,1,29717395,84000,23:20:00,late night,82200.0,30.0
3,3,Bloor,1,29717396,85800,23:50:00,late night,84000.0,30.0
3,3,Bloor,1,29717397,87600,24:20:00,late night,85800.0,30.0
3,3,Bloor,1,29717398,89400,24:50:00,late night,87600.0,30.0
3,3,Bloor,1,29717399,91200,25:20:00,late night,89400.0,30.0
3,3,Bloor,1,29717400,93000,25:50:00,late night,91200.0,30.0
3,3,Bloor,1,29717401,94800,26:20:00,late night,93000.0,30.0
4,4,North Service Road,0,29679696,20040,05:34:00,early morning,17400.0,44.0
4,4,North Service Road,0,29679697,22680,06:18:00,AM peak,20040.0,44.0
4,4,North Service Road,0,29679698,25200,07:00:00,AM peak,22680.0,42.0
4,4,North Service Road,0,29679699,27600,07:40:00,AM peak,25200.0,40.0
4,4,North Service Road,0,29679700,30360,08:26:00,AM peak,27600.0,46.0
4,4,North Service Road,0,29679701,33000,09:10:00,midday,30360.0,44.0
4,4,North Service Road,0,29679702,35640,09:54:00,midday,33000.0,44.0
4,4,North Service Road,0,29679703,38280,10:38:00,midday,35640.0,44.0
4,4,North Service Road,0,29679704,41040,11:24:00,midday,38280.0,46.0
4,4,North Service Road,0,29679705,43800,12:10:00,midday,41040.0,46.0
4,4,North Service Road,0,29679706,46560,12:56:00,midday,43800.0,46.0
4,4,North Service Road,0,29679707,49320,13:42:00,midday,46560.0,46.0
4,4,North Service Road,0,29679708,51060,14:11:00,midday,49320.0,29.0
4,4,North Service Road,0,29684088,52800,14:40:00,midday,51060.0,29.0
4,4,North Service Road,0,29679709,53160,14:46:00,midday,52800.0,6.0
4,4,North Service Road,0,29679710,55320,15:22:00,PM peak,53160.0,36.0
4,4,North Service Road,0,29679711,57480,15:58:00,PM peak,55320.0,36.0
4,4,North Service Road,0,29679712,59640,16:34:00,PM peak,57480.0,36.0
4,4,North Service Road,0,29679713,61920,17:12:00,PM peak,59640.0,38.0
4,4,North Service Road,0,29679714,63960,17:46:00,PM peak,61920.0,34.0
4,4,North Service Road,0,29679715,66360,18:26:00,PM peak,63960.0,40.0
4,4,North Service Road,0,29679716,70200,19:30:00,evening,66360.0,64.0
4,4,North Service Road,0,29679717,74040,20:34:00,evening,70200.0,64.0
4,4,North Service Road,0,29679718,77640,21:34:00,evening,74040.0,60.0
4,4,North Service Road,0,29679719,81240,22:34:00,late night,77640.0,60.0
4,4,North Service Road,1,29679721,18600,05:10:00,early morning,16140.0,41.0
4,4,North Service Road,1,29679722,19140,05:19:00,early morning,18600.0,9.0
4,4,North Service Road,1,29679723,21360,05:56:00,early morning,19140.0,37.0
4,4,North Service Road,1,29679724,23760,06:36:00,AM peak,21360.0,40.0
4,4,North Service Road,1,29679725,26400,07:20:00,AM peak,23760.0,44.0
4,4,North Service Road,1,29684087,28500,07:55:00,AM peak,26400.0,35.0
4,4,North Service Road,1,29679726,29040,08:04:00,AM peak,28500.0,9.0
4,4,North Service Road,1,29679727,31680,08:48:00,AM peak,29040.0,44.0
4,4,North Service Road,1,29679728,34320,09:32:00,midday,31680.0,44.0
4,4,North Service Road,1,29679729,37080,10:18:00,midday,34320.0,46.0
4,4,North Service Road,1,29679730,39840,11:04:00,midday,37080.0,46.0
4,4,North Service Road,1,29679731,42600,11:50:00,midday,39840.0,46.0
4,4,North Service Road,1,29679732,45360,12:36:00,midday,42600.0,46.0
4,4,North Service Road,1,29679733,48120,13:22:00,midday,45360.0,46.0
4,4,North Service Road,1,29679734,50760,14:06:00,midday,48120.0,44.0
4,4,North Service Road,1,29679735,53400,14:50:00,midday,50760.0,44.0
4,4,North Service Road,1,29679736,55500,15:25:00,PM peak,53400.0,35.0
4,4,North Service Road,1,29679737,57600,16:00:00,PM peak,55500.0,35.0
4,4,North Service Road,1,29679738,59700,16:35:00,PM peak,57600.0,35.0
4,4,North Service Road,1,29679739,61800,17:10:00,PM peak,59700.0,35.0
4,4,North Service Road,1,29679740,64080,17:48:00,PM peak,61800.0,38.0
4,4,North Service Road,1,29679741,66000,18:20:00,PM peak,64080.0,32.0
4,4,North Service Road,1,29679742,68160,18:56:00,PM peak,66000.0,36.0
4,4,North Service Road,1,29679743,70200,19:30:00,evening,68160.0,34.0
4,4,North Service Road,1,29679744,73920,20:32:00,evening,70200.0,62.0
4,4,North Service Road,1,29679745,77640,21:34:00,evening,73920.0,62.0
4,4,North Service Road,1,29679746,81240,22:34:00,late night,77640.0,60.0
4,4,North Service Road,1,29679747,84840,23:34:00,late night,81240.0,60.0
5,5,Dixie,0,29893646,16200,04:30:00,early morning,14400.0,30.0
5,5,Dixie,0,29893647,17700,04:55:00,early morning,16200.0,25.0
5,5,Dixie,0,29893648,19200,05:20:00,early morning,17700.0,25.0
5,5,Dixie,0,29893649,20400,05:40:00,early morning,19200.0,20.0
5,5,Dixie,0,29893650,21600,06:00:00,AM peak,20400.0,20.0
5,5,Dixie,0,29893651,22500,06:15:00,AM peak,21600.0,15.0
5,5,Dixie,0,29893652,23400,06:30:00,AM peak,22500.0,15.0
5,5,Dixie,0,29893653,24300,06:45:00,AM peak,23400.0,15.0
5,5,Dixie,0,29893654,25200,07:00:00,AM peak,24300.0,15.0
5,5,Dixie,0,29893655,26100,07:15:00,AM peak,25200.0,15.0
5,5,Dixie,0,29893656,27000,07:30:00,AM peak,26100.0,15.0
5,5,Dixie,0,29893657,27900,07:45:00,AM peak,27000.0,15.0
5,5,Dixie,0,29893658,28800,08:00:00,AM peak,27900.0,15.0
5,5,Dixie,0,29893659,29700,08:15:00,AM peak,28800.0,15.0
5,5,Dixie,0,29893660,30600,08:30:00,AM peak,29700.0,15.0
5,5,Dixie,0,29893661,31500,08:45:00,AM peak,30600.0,15.0
5,5,Dixie,0,29893662,32400,09:00:00,midday,31500.0,15.0
5,5,Dixie,0,29893663,33300,09:15:00,midday,32400.0,15.0
5,5,Dixie,0,29893664,34200,09:30:00,midday,33300.0,15.0
5,5,Dixie,0,29893665,35100,09:45:00,midday,34200.0,15.0
5,5,Dixie,0,29893666,36000,10:00:00,midday,35100.0,15.0
5,5,Dixie,0,29893667,36900,10:15:00,midday,36000.0,15.0
5,5,Dixie,0,29893668,37800,10:30:00,midday,36900.0,15.0
5,5,Dixie,0,29893669,38700,10:45:00,midday,37800.0,15.0
5,5,Dixie,0,29893670,39600,11:00:00,midday,38700.0,15.0
5,5,Dixie,0,29893671,40500,11:15:00,midday,39600.0,15.0
5,5,Dixie,0,29893672,41400,11:30:00,midday,40500.0,15.0
5,5,Dixie,0,29893673,42240,11:44:00,midday,41400.0,14.0
5,5,Dixie,0,29893674,43080,11:58:00,midday,42240.0,14.0
5,5,Dixie,0,29893675,43920,12:12:00,midday,43080.0,14.0
5,5,Dixie,0,29893676,44760,12:26:00,midday,43920.0,14.0
5,5,Dixie,0,29893677,45600,12:40:00,midday,44760.0,14.0
5,5,Dixie,0,29893678,46500,12:55:00,midday,45600.0,15.0
5,5,Dixie,0,29893679,47400,13:10:00,midday,46500.0,15.0
5,5,Dixie,0,29893680,48300,13:25:00,midday,47400.0,15.0
5,5,Dixie,0,29893681,49200,13:40:00,midday,48300.0,15.0
5,5,Dixie,0,29893682,50100,13:55:00,midday,49200.0,15.0
5,5,Dixie,0,29893683,51000,14:10:00,midday,50100.0,15.0
5,5,Dixie,0,29893684,51900,14:25:00,midday,51000.0,15.0
5,5,Dixie,0,29893685,52800,14:40:00,midday,51900.0,15.0
5,5,Dixie,0,29893686,53700,14:55:00,midday,52800.0,15.0
5,5,Dixie,0,29893687,54600,15:10:00,PM peak,53700.0,15.0
5,5,Dixie,0,29893688,55500,15:25:00,PM peak,54600.0,15.0
5,5,Dixie,0,29893689,56400,15:40:00,PM peak,55500.0,15.0
5,5,Dixie,0,29893690,57300,15:55:00,PM peak,56400.0,15.0
5,5,Dixie,0,29893691,58200,16:10:00,PM peak,57300.0,15.0
5,5,Dixie,0,29893692,59100,16:25:00,PM peak,58200.0,15.0
5,5,Dixie,0,29893693,60000,16:40:00,PM peak,59100.0,15.0
5,5,Dixie,0,29893694,60900,16:55:00,PM peak,60000.0,15.0
5,5,Dixie,0,29893695,61800,17:10:00,PM peak,60900.0,15.0
5,5,Dixie,0,29893696,62700,17:25:00,PM peak,61800.0,15.0
5,5,Dixie,0,29893697,63600,17:40:00,PM peak,62700.0,15.0
5,5,Dixie,0,29893698,64500,17:55:00,PM peak,63600.0,15.0
5,5,Dixie,0,29893699,65400,18:10:00,PM peak,64500.0,15.0
5,5,Dixie,0,29893700,66600,18:30:00,PM peak,65400.0,20.0
5,5,Dixie,0,29893701,67800,18:50:00,PM peak,66600.0,20.0
5,5,Dixie,0,29893702,69000,19:10:00,evening,67800.0,20.0
5,5,Dixie,0,29893703,70200,19:30:00,evening,69000.0,20.0
5,5,Dixie,0,29893704,71280,19:48:00,evening,70200.0,18.0
5,5,Dixie,0,29893705,72720,20:12:00,evening,71280.0,24.0
5,5,Dixie,0,29893706,74160,20:36:00,evening,72720.0,24.0
5,5,Dixie,0,29893707,75600,21:00:00,evening,74160.0,24.0
5,5,Dixie,0,29893708,77520,21:32:00,evening,75600.0,32.0
5,5,Dixie,0,29893709,79560,22:06:00,late night,77520.0,34.0
5,5,Dixie,0,29893710,81960,22:46:00,late night,79560.0,40.0
5,5,Dixie,0,29893711,84360,23:26:00,late night,81960.0,40.0
5,5,Dixie,0,29893712,86640,24:04:00,late night,84360.0,38.0
5,5,Dixie,0,29893713,88920,24:42:00,late night,86640.0,38.0
5,5,Dixie,0,29893714,91200,25:20:00,late night,88920.0,38.0
5,5,Dixie,0,29893715,93360,25:56:00,late night,91200.0,36.0
5,5,Dixie,1,29893576,15660,04:21:00,early morning,14100.0,26.0
5,5,Dixie,1,29893577,17220,04:47:00,early morning,15660.0,26.0
5,5,Dixie,1,29893578,18540,05:09:00,early morning,17220.0,22.0
5,5,Dixie,1,29893579,19860,05:31:00,early morning,18540.0,22.0
5,5,Dixie,1,29893580,20700,05:45:00,early morning,19860.0,14.0
5,5,Dixie,1,29893581,21540,05:59:00,early morning,20700.0,14.0
5,5,Dixie,1,29893582,22380,06:13:00,AM peak,21540.0,14.0
5,5,Dixie,1,29893583,23220,06:27:00,AM peak,22380.0,14.0
5,5,Dixie,1,29893584,24060,06:41:00,AM peak,23220.0,14.0
5,5,Dixie,1,29893585,24900,06:55:00,AM peak,24060.0,14.0
5,5,Dixie,1,29893586,25800,07:10:00,AM peak,24900.0,15.0
5,5,Dixie,1,29893587,26700,07:25:00,AM peak,25800.0,15.0
5,5,Dixie,1,29893588,27600,07:40:00,AM peak,26700.0,15.0
5,5,Dixie,1,29893589,28500,07:55:00,AM peak,27600.0,15.0
5,5,Dixie,1,29893590,29400,08:10:00,AM peak,28500.0,15.0
5,5,Dixie,1,29893591,30300,08:25:00,AM peak,29400.0,15.0
5,5,Dixie,1,29893592,31200,08:40:00,AM peak,30300.0,15.0
5,5,Dixie,1,29893593,32100,08:55:00,AM peak,31200.0,15.0
5,5,Dixie,1,29893594,33000,09:10:00,midday,32100.0,15.0
5,5,Dixie,1,29893595,33900,09:25:00,midday,33000.0,15.0
5,5,Dixie,1,29893596,34800,09:40:00,midday,33900.0,15.0
5,5,Dixie,1,29893597,35700,09:55:00,midday,34800.0,15.0
5,5,Dixie,1,29893598,36600,10:10:00,midday,35700.0,15.0
5,5,Dixie,1,29893599,37500,10:25:00,midday,36600.0,15.0
5,5,Dixie,1,29893600,38400,10:40:00,midday,37500.0,15.0
5,5,Dixie,1,29893601,39300,10:55:00,midday,38400.0,15.0
5,5,Dixie,1,29893602,40200,11:10:00,midday,39300.0,15.0
5,5,Dixie,1,29893603,41100,11:25:00,midday,40200.0,15.0
5,5,Dixie,1,29893604,42000,11:40:00,midday,41100.0,15.0
5,5,Dixie,1,29893605,42900,11:55:00,midday,42000.0,15.0
5,5,Dixie,1,29893606,43800,12:10:00,midday,42900.0,15.0
5,5,Dixie,1,29893607,44700,12:25:00,midday,43800.0,15.0
5,5,Dixie,1,29893608,45600,12:40:00,midday,44700.0,15.0
5,5,Dixie,1,29893609,46500,12:55:00,midday,45600.0,15.0
5,5,Dixie,1,29893610,47340,13:09:00,midday,46500.0,14.0
5,5,Dixie,1,29893611,48180,13:23:00,midday,47340.0,14.0
5,5,Dixie,1,29893612,49020,13:37:00,midday,48180.0,14.0
5,5,Dixie,1,29893613,49860,13:51:00,midday,49020.0,14.0
5,5,Dixie,1,29893614,50700,14:05:00,midday,49860.0,14.0
5,5,Dixie,1,29893615,51600,14:20:00,midday,50700.0,15.0
5,5,Dixie,1,29893616,52500,14:35:00,midday,51600.0,15.0
5,5,Dixie,1,29893617,53400,14:50:00,midday,52500.0,15.0
5,5,Dixie,1,29893618,54300,15:05:00,PM peak,53400.0,15.0
5,5,Dixie,1,29893619,55200,15:20:00,PM peak,54300.0,15.0
5,5,Dixie,1,29893620,56100,15:35:00,PM peak,55200.0,15.0
5,5,Dixie,1,29893621,57000,15:50:00,PM peak,56100.0,15.0
5,5,Dixie,1,29893622,57900,16:05:00,PM peak,57000.0,15.0
5,5,Dixie,1,29893623,58800,16:20:00,PM peak,57900.0,15.0
5,5,Dixie,1,29893624,59700,16:35:00,PM peak,58800.0,15.0
5,5,Dixie,1,29893625,60600,16:50:00,PM peak,59700.0,15.0
5,5,Dixie,1,29893626,61500,17:05:00,PM peak,60600.0,15.0
5,5,Dixie,1,29893627,62400,17:20:00,PM peak,61500.0,15.0
5,5,Dixie,1,29893628,63300,17:35:00,PM peak,62400.0,15.0
5,5,Dixie,1,29893629,64200,17:50:00,PM peak,63300.0,15.0
5,5,Dixie,1,29893630,65100,18:05:00,PM peak,64200.0,15.0
5,5,Dixie,1,29893631,66600,18:30:00,PM peak,65100.0,25.0
5,5,Dixie,1,29893632,68100,18:55:00,PM peak,66600.0,25.0
5,5,Dixie,1,29893633,69600,19:20:00,evening,68100.0,25.0
5,5,Dixie,1,29893634,71100,19:45:00,evening,69600.0,25.0
5,5,Dixie,1,29893635,72900,20:15:00,evening,71100.0,30.0
5,5,Dixie,1,29893636,74700,20:45:00,evening,72900.0,30.0
5,5,Dixie,1,29893637,76500,21:15:00,evening,74700.0,30.0
5,5,Dixie,1,29893638,78300,21:45:00,evening,76500.0,30.0
5,5,Dixie,1,29893639,80580,22:23:00,late night,78300.0,38.0
5,5,Dixie,1,29893640,82860,23:01:00,late night,80580.0,38.0
5,5,Dixie,1,29893641,85020,23:37:00,late night,82860.0,36.0
5,5,Dixie,1,29893642,87180,24:13:00,late night,85020.0,36.0
5,5,Dixie,1,29893643,89340,24:49:00,late night,87180.0,36.0
5,5,Dixie,1,29893644,91440,25:24:00,late night,89340.0,35.0
6,6,Credit Woodlands,0,29681115,19560,05:26:00,early morning,18000.0,26.0
6,6,Credit Woodlands,0,29681104,21240,05:54:00,early morning,19560.0,28.0
6,6,Credit Woodlands,0,29681118,22920,06:22:00,AM peak,21240.0,28.0
6,6,Credit Woodlands,0,29681101,24360,06:46:00,AM peak,22920.0,24.0
6,6,Credit Woodlands,0,29681100,26400,07:20:00,AM peak,24360.0,34.0
6,6,Credit Woodlands,0,29681116,28200,07:50:00,AM peak,26400.0,30.0
6,6,Credit Woodlands,0,29681097,30000,08:20:00,AM peak,28200.0,30.0
6,6,Credit Woodlands,0,29681096,31800,08:50:00,AM peak,30000.0,30.0
6,6,Credit Woodlands,0,29681117,33600,09:20:00,midday,31800.0,30.0
6,6,Credit Woodlands,0,29681078,35400,09:50:00,midday,33600.0,30.0
6,6,Credit Woodlands,0,29681070,37200,10:20:00,midday,35400.0,30.0
6,6,Credit Woodlands,0,29681120,39000,10:50:00,midday,37200.0,30.0
6,6,Credit Woodlands,0,29681082,40800,11:20:00,midday,39000.0,30.0
6,6,Credit Woodlands,0,29681068,42600,11:50:00,midday,40800.0,30.0
6,6,Credit Woodlands,0,29681119,44400,12:20:00,midday,42600.0,30.0
6,6,Credit Woodlands,0,29681081,46200,12:50:00,midday,44400.0,30.0
6,6,Credit Woodlands,0,29681066,48000,13:20:00,midday,46200.0,30.0
6,6,Credit Woodlands,0,29681114,49800,13:50:00,midday,48000.0,30.0
6,6,Credit Woodlands,0,29681065,51240,14:14:00,midday,49800.0,24.0
6,6,Credit Woodlands,0,29681083,52680,14:38:00,midday,51240.0,24.0
6,6,Credit Woodlands,0,29684114,53100,14:45:00,midday,52680.0,7.0
6,6,Credit Woodlands,0,29684122,53400,14:50:00,midday,53100.0,5.0
6,6,Credit Woodlands,0,29681058,54120,15:02:00,PM peak,53400.0,12.0
6,6,Credit Woodlands,0,29681121,55680,15:28:00,PM peak,54120.0,26.0
6,6,Credit Woodlands,0,29681051,57240,15:54:00,PM peak,55680.0,26.0
6,6,Credit Woodlands,0,29681077,58800,16:20:00,PM peak,57240.0,26.0
6,6,Credit Woodlands,0,29681059,60360,16:46:00,PM peak,58800.0,26.0
6,6,Credit Woodlands,0,29681122,61920,17:12:00,PM peak,60360.0,26.0
6,6,Credit Woodlands,0,29681049,63480,17:38:00,PM peak,61920.0,26.0
6,6,Credit Woodlands,0,29681084,65040,18:04:00,PM peak,63480.0,26.0
6,6,Credit Woodlands,0,29681061,66480,18:28:00,PM peak,65040.0,24.0
6,6,Credit Woodlands,0,29681123,67800,18:50:00,PM peak,66480.0,22.0
6,6,Credit Woodlands,0,29681047,69120,19:12:00,evening,67800.0,22.0
6,6,Credit Woodlands,0,29681086,70680,19:38:00,evening,69120.0,26.0
6,6,Credit Woodlands,0,29681062,72360,20:06:00,evening,70680.0,28.0
6,6,Credit Woodlands,0,29681045,74040,20:34:00,evening,72360.0,28.0
6,6,Credit Woodlands,0,29681088,75720,21:02:00,evening,74040.0,28.0
6,6,Credit Woodlands,0,29681060,77400,21:30:00,evening,75720.0,28.0
6,6,Credit Woodlands,0,29681042,79080,21:58:00,evening,77400.0,28.0
6,6,Credit Woodlands,0,29681085,80760,22:26:00,late night,79080.0,28.0
6,6,Credit Woodlands,0,29681063,82320,22:52:00,late night,80760.0,26.0
6,6,Credit Woodlands,0,29681041,83880,23:18:00,late night,82320.0,26.0
6,6,Credit Woodlands,0,29681091,86040,23:54:00,late night,83880.0,36.0
6,6,Credit Woodlands,0,29681038,88200,24:30:00,late night,86040.0,36.0
6,6,Credit Woodlands,0,29681087,90360,25:06:00,late night,88200.0,36.0
6,6,Credit Woodlands,0,29681037,92520,25:42:00,late night,90360.0,36.0
6,6,Credit Woodlands,0,29681092,94680,26:18:00,late night,92520.0,36.0
6,6,Credit Woodlands,1,29681124,18900,05:15:00,early morning,18300.0,10.0
6,6,Credit Woodlands,1,29681110,20580,05:43:00,early morning,18900.0,28.0
6,6,Credit Woodlands,1,29681103,22380,06:13:00,AM peak,20580.0,30.0
6,6,Credit Woodlands,1,29681102,24180,06:43:00,AM peak,22380.0,30.0
6,6,Credit Woodlands,1,29681107,25980,07:13:00,AM peak,24180.0,30.0
6,6,Credit Woodlands,1,29684144,27000,07:30:00,AM peak,25980.0,17.0
6,6,Credit Woodlands,1,29681099,27780,07:43:00,AM peak,27000.0,13.0
6,6,Credit Woodlands,1,29681098,29580,08:13:00,AM peak,27780.0,30.0
6,6,Credit Woodlands,1,29681108,31380,08:43:00,AM peak,29580.0,30.0
6,6,Credit Woodlands,1,29681095,33180,09:13:00,midday,31380.0,30.0
6,6,Credit Woodlands,1,29681094,34980,09:43:00,midday,33180.0,30.0
6,6,Credit Woodlands,1,29681109,36780,10:13:00,midday,34980.0,30.0
6,6,Credit Woodlands,1,29681072,38580,10:43:00,midday,36780.0,30.0
6,6,Credit Woodlands,1,29681069,40380,11:13:00,midday,38580.0,30.0
6,6,Credit Woodlands,1,29681106,42180,11:43:00,midday,40380.0,30.0
6,6,Credit Woodlands,1,29681071,43980,12:13:00,midday,42180.0,30.0
6,6,Credit Woodlands,1,29681067,45780,12:43:00,midday,43980.0,30.0
6,6,Credit Woodlands,1,29681111,47580,13:13:00,midday,45780.0,30.0
6,6,Credit Woodlands,1,29681073,49380,13:43:00,midday,47580.0,30.0
6,6,Credit Woodlands,1,29681064,51180,14:13:00,midday,49380.0,30.0
6,6,Credit Woodlands,1,29681105,52980,14:43:00,midday,51180.0,30.0
6,6,Credit Woodlands,1,29681054,54780,15:13:00,PM peak,52980.0,30.0
6,6,Credit Woodlands,1,29681074,56460,15:41:00,PM peak,54780.0,28.0
6,6,Credit Woodlands,1,29681052,58020,16:07:00,PM peak,56460.0,26.0
6,6,Credit Woodlands,1,29681112,59460,16:31:00,PM peak,58020.0,24.0
6,6,Credit Woodlands,1,29681050,60900,16:55:00,PM peak,59460.0,24.0
6,6,Credit Woodlands,1,29681075,62340,17:19:00,PM peak,60900.0,24.0
6,6,Credit Woodlands,1,29681053,63780,17:43:00,PM peak,62340.0,24.0
6,6,Credit Woodlands,1,29681113,65220,18:07:00,PM peak,63780.0,24.0
6,6,Credit Woodlands,1,29681048,66780,18:33:00,PM peak,65220.0,26.0
6,6,Credit Woodlands,1,29681090,68340,18:59:00,PM peak,66780.0,26.0
6,6,Credit Woodlands,1,29681056,70140,19:29:00,evening,68340.0,30.0
6,6,Credit Woodlands,1,29681046,71940,19:59:00,evening,70140.0,30.0
6,6,Credit Woodlands,1,29681079,73740,20:29:00,evening,71940.0,30.0
6,6,Credit Woodlands,1,29681055,75420,20:57:00,evening,73740.0,28.0
6,6,Credit Woodlands,1,29681044,77100,21:25:00,evening,75420.0,28.0
6,6,Credit Woodlands,1,29681089,78780,21:53:00,evening,77100.0,28.0
6,6,Credit Woodlands,1,29681057,80340,22:19:00,late night,78780.0,26.0
6,6,Credit Woodlands,1,29681043,81900,22:45:00,late night,80340.0,26.0
6,6,Credit Woodlands,1,29681080,84180,23:23:00,late night,81900.0,38.0
6,6,Credit Woodlands,1,29681040,86460,24:01:00,late night,84180.0,38.0
6,6,Credit Woodlands,1,29681076,88740,24:39:00,late night,86460.0,38.0
6,6,Credit Woodlands,1,29681039,90900,25:15:00,late night,88740.0,36.0
6,6,Credit Woodlands,1,29681093,93000,25:50:00,late night,90900.0,35.0
7,7,Airport,0,29679688,11160,03:06:00,early morning,8760.0,40.0
7,7,Airport,0,29679689,13560,03:46:00,early morning,11160.0,40.0
7,7,Airport,0,29679690,15960,04:26:00,early morning,13560.0,40.0
7,7,Airport,0,29892654,17340,04:49:00,early morning,15960.0,23.0
7,7,Airport,0,29892655,18720,05:12:00,early morning,17340.0,23.0
7,7,Airport,0,29892656,20100,05:35:00,early morning,18720.0,23.0
7,7,Airport,0,29892657,21480,05:58:00,early morning,20100.0,23.0
7,7,Airport,0,29892658,22800,06:20:00,AM peak,21480.0,22.0
7,7,Airport,0,29892659,24000,06:40:00,AM peak,22800.0,20.0
7,7,Airport,0,29892660,25200,07:00:00,AM peak,24000.0,20.0
7,7,Airport,0,29892661,26640,07:24:00,AM peak,25200.0,24.0
7,7,Airport,0,29892662,28080,07:48:00,AM peak,26640.0,24.0
7,7,Airport,0,29892663,29640,08:14:00,AM peak,28080.0,26.0
7,7,Airport,0,29892664,31200,08:40:00,AM peak,29640.0,26.0
7,7,Airport,0,29892665,32880,09:08:00,midday,31200.0,28.0
7,7,Airport,0,29892666,34680,09:38:00,midday,32880.0,30.0
7,7,Airport,0,29892667,36480,10:08:00,midday,34680.0,30.0
7,7,Airport,0,29892668,37980,10:33:00,midday,36480.0,25.0
7,7,Airport,0,29892669,39480,10:58:00,midday,37980.0,25.0
7,7,Airport,0,29892670,40980,11:23:00,midday,39480.0,25.0
7,7,Airport,0,29892671,42480,11:48:00,midday,40980.0,25.0
7,7,Airport,0,29892672,43980,12:13:00,midday,42480.0,25.0
7,7,Airport,0,29892673,45180,12:33:00,midday,43980.0,20.0
7,7,Airport,0,29892674,46380,12:53:00,midday,45180.0,20.0
7,7,Airport,0,29892675,47700,13:15:00,midday,46380.0,22.0
7,7,Airport,0,29892676,49140,13:39:00,midday,47700.0,24.0
7,7,Airport,0,29892677,50580,14:03:00,midday,49140.0,24.0
7,7,Airport,0,29892678,52080,14:28:00,midday,50580.0,25.0
7,7,Airport,0,29892679,53580,14:53:00,midday,52080.0,25.0
7,7,Airport,0,29892680,55080,15:18:00,PM peak,53580.0,25.0
7,7,Airport,0,29892681,56580,15:43:00,PM peak,55080.0,25.0
7,7,Airport,0,29892682,58080,16:08:00,PM peak,56580.0,25.0
7,7,Airport,0,29892683,59580,16:33:00,PM peak,58080.0,25.0
7,7,Airport,0,29892684,61080,16:58:00,PM peak,59580.0,25.0
7,7,Airport,0,29892685,62640,17:24:00,PM peak,61080.0,26.0
7,7,Airport,0,29892686,64200,17:50:00,PM peak,62640.0,26.0
7,7,Airport,0,29892687,65760,18:16:00,PM peak,64200.0,26.0
7,7,Airport,0,29892688,67320,18:42:00,PM peak,65760.0,26.0
7,7,Airport,0,29892689,68880,19:08:00,evening,67320.0,26.0
7,7,Airport,0,29892690,70320,19:32:00,evening,68880.0,24.0
7,7,Airport,0,29892691,71760,19:56:00,evening,70320.0,24.0
7,7,Airport,0,29892692,73080,20:18:00,evening,71760.0,22.0
7,7,Airport,0,29892693,74400,20:40:00,evening,73080.0,22.0
7,7,Airport,0,29892694,75900,21:05:00,evening,74400.0,25.0
7,7,Airport,0,29892695,78000,21:40:00,evening,75900.0,35.0
7,7,Airport,0,29892696,79680,22:08:00,late night,78000.0,28.0
7,7,Airport,0,29892697,81240,22:34:00,late night,79680.0,26.0
7,7,Airport,0,29892698,82920,23:02:00,late night,81240.0,28.0
7,7,Airport,0,29892699,85020,23:37:00,late night,82920.0,35.0
7,7,Airport,0,29892700,87120,24:12:00,late night,85020.0,35.0
7,7,Airport,0,29892701,89040,24:44:00,late night,87120.0,32.0
7,7,Airport,0,29892702,90960,25:16:00,late night,89040.0,32.0
7,7,Airport,0,29892703,92760,25:46:00,late night,90960.0,30.0
7,7,Airport,1,29679694,9900,02:45:00,early morning,7500.0,40.0
7,7,Airport,1,29679691,12300,03:25:00,early morning,9900.0,40.0
7,7,Airport,1,29679693,14820,04:07:00,early morning,12300.0,42.0
7,7,Airport,1,29892704,16260,04:31:00,early morning,14820.0,24.0
7,7,Airport,1,29892705,17340,04:49:00,early morning,16260.0,18.0
7,7,Airport,1,29892706,18420,05:07:00,early morning,17340.0,18.0
7,7,Airport,1,29892707,19500,05:25:00,early morning,18420.0,18.0
7,7,Airport,1,29892708,20580,05:43:00,early morning,19500.0,18.0
7,7,Airport,1,29892709,21900,06:05:00,AM peak,20580.0,22.0
7,7,Airport,1,29892710,23220,06:27:00,AM peak,21900.0,22.0
7,7,Airport,1,29892711,24660,06:51:00,AM peak,23220.0,24.0
7,7,Airport,1,29892712,26220,07:17:00,AM peak,24660.0,26.0
7,7,Airport,1,29892713,27780,07:43:00,AM peak,26220.0,26.0
7,7,Airport,1,29892714,29340,08:09:00,AM peak,27780.0,26.0
7,7,Airport,1,29892715,30540,08:29:00,AM peak,29340.0,20.0
7,7,Airport,1,29892716,31740,08:49:00,AM peak,30540.0,20.0
7,7,Airport,1,29892717,33120,09:12:00,midday,31740.0,23.0
7,7,Airport,1,29892718,34560,09:36:00,midday,33120.0,24.0
7,7,Airport,1,29892719,36000,10:00:00,midday,34560.0,24.0
7,7,Airport,1,29892720,37560,10:26:00,midday,36000.0,26.0
7,7,Airport,1,29892721,39360,10:56:00,midday,37560.0,30.0
7,7,Airport,1,29892722,41160,11:26:00,midday,39360.0,30.0
7,7,Airport,1,29892723,42660,11:51:00,midday,41160.0,25.0
7,7,Airport,1,29892724,44160,12:16:00,midday,42660.0,25.0
7,7,Airport,1,29892725,45660,12:41:00,midday,44160.0,25.0
7,7,Airport,1,29892726,47160,13:06:00,midday,45660.0,25.0
7,7,Airport,1,29892727,48660,13:31:00,midday,47160.0,25.0
7,7,Airport,1,29892728,49980,13:53:00,midday,48660.0,22.0
7,7,Airport,1,29892729,51300,14:15:00,midday,49980.0,22.0
7,7,Airport,1,29892730,52740,14:39:00,midday,51300.0,24.0
7,7,Airport,1,29892731,54180,15:03:00,PM peak,52740.0,24.0
7,7,Airport,1,29892732,55740,15:29:00,PM peak,54180.0,26.0
7,7,Airport,1,29892733,57300,15:55:00,PM peak,55740.0,26.0
7,7,Airport,1,29892734,58860,16:21:00,PM peak,57300.0,26.0
7,7,Airport,1,29892735,60420,16:47:00,PM peak,58860.0,26.0
7,7,Airport,1,29892736,61980,17:13:00,PM peak,60420.0,26.0
7,7,Airport,1,29892737,63540,17:39:00,PM peak,61980.0,26.0
7,7,Airport,1,29892738,65040,18:04:00,PM peak,63540.0,25.0
7,7,Airport,1,29892739,66540,18:29:00,PM peak,65040.0,25.0
7,7,Airport,1,29892740,67980,18:53:00,PM peak,66540.0,24.0
7,7,Airport,1,29892741,69420,19:17:00,evening,67980.0,24.0
7,7,Airport,1,29892742,70920,19:42:00,evening,69420.0,25.0
7,7,Airport,1,29892743,72420,20:07:00,evening,70920.0,25.0
7,7,Airport,1,29892744,73920,20:32:00,evening,72420.0,25.0
7,7,Airport,1,29892745,75420,20:57:00,evening,73920.0,25.0
7,7,Airport,1,29892746,76920,21:22:00,evening,75420.0,25.0
7,7,Airport,1,29892747,78960,21:56:00,evening,76920.0,34.0
7,7,Airport,1,29892748,81000,22:30:00,late night,78960.0,34.0
7,7,Airport,1,29892749,83040,23:04:00,late night,81000.0,34.0
7,7,Airport,1,29892750,85200,23:40:00,late night,83040.0,36.0
7,7,Airport,1,29892751,87240,24:14:00,late night,85200.0,34.0
7,7,Airport,1,29892752,89280,24:48:00,late night,87240.0,34.0
7,7,Airport,1,29892753,91320,25:22:00,late night,89280.0,34.0
8,8,Cawthra,0,29680575,19500,05:25:00,early morning,17760.0,29.0
8,8,Cawthra,0,29680571,21240,05:54:00,early morning,19500.0,29.0
8,8,Cawthra,0,29680574,22980,06:23:00,AM peak,21240.0,29.0
8,8,Cawthra,0,29680564,25020,06:57:00,AM peak,22980.0,34.0
8,8,Cawthra,0,29680566,27120,07:32:00,AM peak,25020.0,35.0
8,8,Cawthra,0,29680568,29340,08:09:00,AM peak,27120.0,37.0
8,8,Cawthra,0,29680558,31560,08:46:00,AM peak,29340.0,37.0
8,8,Cawthra,0,29680559,33780,09:23:00,midday,31560.0,37.0
8,8,Cawthra,0,29680562,35940,09:59:00,midday,33780.0,36.0
8,8,Cawthra,0,29680555,38040,10:34:00,midday,35940.0,35.0
8,8,Cawthra,0,29680554,40140,11:09:00,midday,38040.0,35.0
8,8,Cawthra,0,29680551,42240,11:44:00,midday,40140.0,35.0
8,8,Cawthra,0,29680550,44340,12:19:00,midday,42240.0,35.0
8,8,Cawthra,0,29680548,46440,12:54:00,midday,44340.0,35.0
8,8,Cawthra,0,29680545,48540,13:29:00,midday,46440.0,35.0
8,8,Cawthra,0,29680543,50880,14:08:00,midday,48540.0,39.0
8,8,Cawthra,0,29684100,52860,14:41:00,midday,50880.0,33.0
8,8,Cawthra,0,29684091,52920,14:42:00,midday,52860.0,1.0
8,8,Cawthra,0,29684130,53160,14:46:00,midday,52920.0,4.0
8,8,Cawthra,0,29680542,53340,14:49:00,midday,53160.0,3.0
8,8,Cawthra,0,29684129,53700,14:55:00,midday,53340.0,6.0
8,8,Cawthra,0,29684101,54000,15:00:00,PM peak,53700.0,5.0
8,8,Cawthra,0,29680540,55860,15:31:00,PM peak,54000.0,31.0
8,8,Cawthra,0,29680538,58380,16:13:00,PM peak,55860.0,42.0
8,8,Cawthra,0,29680527,60900,16:55:00,PM peak,58380.0,42.0
8,8,Cawthra,0,29680537,63480,17:38:00,PM peak,60900.0,43.0
8,8,Cawthra,0,29680522,65580,18:13:00,PM peak,63480.0,35.0
8,8,Cawthra,0,29680516,67800,18:50:00,PM peak,65580.0,37.0
8,8,Cawthra,0,29680535,69720,19:22:00,evening,67800.0,32.0
8,8,Cawthra,0,29680519,72420,20:07:00,evening,69720.0,45.0
8,8,Cawthra,0,29680532,75060,20:51:00,evening,72420.0,44.0
8,8,Cawthra,0,29680520,77640,21:34:00,evening,75060.0,43.0
8,8,Cawthra,0,29680533,80160,22:16:00,late night,77640.0,42.0
8,8,Cawthra,0,29680517,82680,22:58:00,late night,80160.0,42.0
8,8,Cawthra,0,29680529,85200,23:40:00,late night,82680.0,42.0
8,8,Cawthra,1,29680570,21960,06:06:00,AM peak,20100.0,31.0
8,8,Cawthra,1,29680563,23940,06:39:00,AM peak,21960.0,33.0
8,8,Cawthra,1,29680569,25860,07:11:00,AM peak,23940.0,32.0
8,8,Cawthra,1,29684113,26700,07:25:00,AM peak,25860.0,14.0
8,8,Cawthra,1,29684131,27420,07:37:00,AM peak,26700.0,12.0
8,8,Cawthra,1,29684132,27600,07:40:00,AM peak,27420.0,3.0
8,8,Cawthra,1,29680567,28800,08:00:00,AM peak,27600.0,20.0
8,8,Cawthra,1,29680565,30300,08:25:00,AM peak,28800.0,25.0
8,8,Cawthra,1,29680561,32580,09:03:00,midday,30300.0,38.0
8,8,Cawthra,1,29680560,34800,09:40:00,midday,32580.0,37.0
8,8,Cawthra,1,29680556,37080,10:18:00,midday,34800.0,38.0
8,8,Cawthra,1,29680557,39120,10:52:00,midday,37080.0,34.0
8,8,Cawthra,1,29680553,41220,11:27:00,midday,39120.0,35.0
8,8,Cawthra,1,29680549,43320,12:02:00,midday,41220.0,35.0
8,8,Cawthra,1,29680552,45420,12:37:00,midday,43320.0,35.0
8,8,Cawthra,1,29680547,47520,13:12:00,midday,45420.0,35.0
8,8,Cawthra,1,29680546,49800,13:50:00,midday,47520.0,38.0
8,8,Cawthra,1,29684145,50820,14:07:00,midday,49800.0,17.0
8,8,Cawthra,1,29684128,52080,14:28:00,midday,50820.0,21.0
8,8,Cawthra,1,29680544,52200,14:30:00,midday,52080.0,2.0
8,8,Cawthra,1,29680541,54840,15:14:00,PM peak,52200.0,44.0
8,8,Cawthra,1,29680539,57420,15:57:00,PM peak,54840.0,43.0
8,8,Cawthra,1,29680530,59760,16:36:00,PM peak,57420.0,39.0
8,8,Cawthra,1,29680526,62100,17:15:00,PM peak,59760.0,39.0
8,8,Cawthra,1,29680525,64440,17:54:00,PM peak,62100.0,39.0
8,8,Cawthra,1,29680534,66660,18:31:00,PM peak,64440.0,37.0
8,8,Cawthra,1,29680518,68640,19:04:00,evening,66660.0,33.0
8,8,Cawthra,1,29680515,70620,19:37:00,evening,68640.0,33.0
8,8,Cawthra,1,29680528,72600,20:10:00,evening,70620.0,33.0
8,8,Cawthra,1,29680521,75000,20:50:00,evening,72600.0,40.0
8,8,Cawthra,1,29680536,77460,21:31:00,evening,75000.0,41.0
8,8,Cawthra,1,29680524,79980,22:13:00,late night,77460.0,42.0
8,8,Cawthra,1,29680531,82500,22:55:00,late night,79980.0,42.0
8,8,Cawthra,1,29680523,85080,23:38:00,late night,82500.0,43.0
9,9,Rathburn,0,29680667,16440,04:34:00,early morning,15180.0,21.0
9,9,Rathburn,0,29680665,17640,04:54:00,early morning,16440.0,20.0
9,9,Rathburn,0,29680671,18840,05:14:00,early morning,17640.0,20.0
9,9,Rathburn,0,29680672,20040,05:34:00,early morning,18840.0,20.0
9,9,Rathburn,0,29680664,21240,05:54:00,early morning,20040.0,20.0
9,9,Rathburn,0,29680666,22500,06:15:00,AM peak,21240.0,21.0
9,9,Rathburn,0,29680652,24000,06:40:00,AM peak,22500.0,25.0
9,9,Rathburn,0,29680657,25500,07:05:00,AM peak,24000.0,25.0
9,9,Rathburn,0,29680661,26640,07:24:00,AM peak,25500.0,19.0
9,9,Rathburn,0,29680650,28140,07:49:00,AM peak,26640.0,25.0
9,9,Rathburn,0,29680654,29280,08:08:00,AM peak,28140.0,19.0
9,9,Rathburn,0,29680658,30900,08:35:00,AM peak,29280.0,27.0
9,9,Rathburn,0,29680659,32400,09:00:00,midday,30900.0,25.0
9,9,Rathburn,0,29680646,33840,09:24:00,midday,32400.0,24.0
9,9,Rathburn,0,29680638,35100,09:45:00,midday,33840.0,21.0
9,9,Rathburn,0,29680641,36720,10:12:00,midday,35100.0,27.0
9,9,Rathburn,0,29680643,38400,10:40:00,midday,36720.0,28.0
9,9,Rathburn,0,29680647,40200,11:10:00,midday,38400.0,30.0
9,9,Rathburn,0,29680631,42000,11:40:00,midday,40200.0,30.0
9,9,Rathburn,0,29680633,43800,12:10:00,midday,42000.0,30.0
9,9,Rathburn,0,29680635,45600,12:40:00,midday,43800.0,30.0
9,9,Rathburn,0,29680636,47400,13:10:00,midday,45600.0,30.0
9,9,Rathburn,0,29680625,49200,13:40:00,midday,47400.0,30.0
9,9,Rathburn,0,29680626,51000,14:10:00,midday,49200.0,30.0
9,9,Rathburn,0,29680624,52800,14:40:00,midday,51000.0,30.0
9,9,Rathburn,0,29680622,54360,15:06:00,PM peak,52800.0,26.0
9,9,Rathburn,0,29680620,55740,15:29:00,PM peak,54360.0,23.0
9,9,Rathburn,0,29680618,57060,15:51:00,PM peak,55740.0,22.0
9,9,Rathburn,0,29680616,58920,16:22:00,PM peak,57060.0,31.0
9,9,Rathburn,0,29680614,60720,16:52:00,PM peak,58920.0,30.0
9,9,Rathburn,0,29680612,62520,17:22:00,PM peak,60720.0,30.0
9,9,Rathburn,0,29680610,63720,17:42:00,PM peak,62520.0,20.0
9,9,Rathburn,0,29680608,65160,18:06:00,PM peak,63720.0,24.0
9,9,Rathburn,0,29680606,66540,18:29:00,PM peak,65160.0,23.0
9,9,Rathburn,0,29680595,68460,19:01:00,evening,66540.0,32.0
9,9,Rathburn,0,29680594,70080,19:28:00,evening,68460.0,27.0
9,9,Rathburn,0,29680593,71640,19:54:00,evening,70080.0,26.0
9,9,Rathburn,0,29680598,73200,20:20:00,evening,71640.0,26.0
9,9,Rathburn,0,29680590,74940,20:49:00,evening,73200.0,29.0
9,9,Rathburn,0,29680584,76560,21:16:00,evening,74940.0,27.0
9,9,Rathburn,0,29680579,78180,21:43:00,evening,76560.0,27.0
9,9,Rathburn,0,29680600,79800,22:10:00,late night,78180.0,27.0
9,9,Rathburn,0,29680588,81420,22:37:00,late night,79800.0,27.0
9,9,Rathburn,0,29680582,83040,23:04:00,late night,81420.0,27.0
9,9,Rathburn,0,29680577,84660,23:31:00,late night,83040.0,27.0
9,9,Rathburn,0,29680602,86520,24:02:00,late night,84660.0,31.0
9,9,Rathburn,0,29680581,89280,24:48:00,late night,86520.0,46.0
9,9,Rathburn,0,29680603,92040,25:34:00,late night,89280.0,46.0
9,9,Rathburn,1,29680668,19560,05:26:00,early morning,18000.0,26.0
9,9,Rathburn,1,29680669,20880,05:48:00,early morning,19560.0,22.0
9,9,Rathburn,1,29680670,22140,06:09:00,AM peak,20880.0,21.0
9,9,Rathburn,1,29680673,23520,06:32:00,AM peak,22140.0,23.0
9,9,Rathburn,1,29680649,24660,06:51:00,AM peak,23520.0,19.0
9,9,Rathburn,1,29680653,25980,07:13:00,AM peak,24660.0,22.0
9,9,Rathburn,1,29680656,27300,07:35:00,AM peak,25980.0,22.0
9,9,Rathburn,1,29680655,28920,08:02:00,AM peak,27300.0,27.0
9,9,Rathburn,1,29680660,30120,08:22:00,AM peak,28920.0,20.0
9,9,Rathburn,1,29680651,31800,08:50:00,AM peak,30120.0,28.0
9,9,Rathburn,1,29680640,33420,09:17:00,midday,31800.0,27.0
9,9,Rathburn,1,29680645,34920,09:42:00,midday,33420.0,25.0
9,9,Rathburn,1,29680644,36420,10:07:00,midday,34920.0,25.0
9,9,Rathburn,1,29680648,37620,10:27:00,midday,36420.0,20.0
9,9,Rathburn,1,29680639,38760,10:46:00,midday,37620.0,19.0
9,9,Rathburn,1,29680642,40500,11:15:00,midday,38760.0,29.0
9,9,Rathburn,1,29680634,42300,11:45:00,midday,40500.0,30.0
9,9,Rathburn,1,29680637,44100,12:15:00,midday,42300.0,30.0
9,9,Rathburn,1,29680630,45900,12:45:00,midday,44100.0,30.0
9,9,Rathburn,1,29680632,47640,13:14:00,midday,45900.0,29.0
9,9,Rathburn,1,29680629,49320,13:42:00,midday,47640.0,28.0
9,9,Rathburn,1,29680628,50460,14:01:00,midday,49320.0,19.0
9,9,Rathburn,1,29680627,51600,14:20:00,midday,50460.0,19.0
9,9,Rathburn,1,29680623,53220,14:47:00,midday,51600.0,27.0
9,9,Rathburn,1,29680621,55020,15:17:00,PM peak,53220.0,30.0
9,9,Rathburn,1,29680619,56820,15:47:00,PM peak,55020.0,30.0
9,9,Rathburn,1,29680617,58320,16:12:00,PM peak,56820.0,25.0
9,9,Rathburn,1,29680615,59820,16:37:00,PM peak,58320.0,25.0
9,9,Rathburn,1,29680613,61440,17:04:00,PM peak,59820.0,27.0
9,9,Rathburn,1,29680611,62640,17:24:00,PM peak,61440.0,20.0
9,9,Rathburn,1,29680609,64320,17:52:00,PM peak,62640.0,28.0
9,9,Rathburn,1,29680607,66120,18:22:00,PM peak,64320.0,30.0
9,9,Rathburn,1,29680596,67800,18:50:00,PM peak,66120.0,28.0
9,9,Rathburn,1,29680597,69300,19:15:00,evening,67800.0,25.0
9,9,Rathburn,1,29680589,70740,19:39:00,evening,69300.0,24.0
9,9,Rathburn,1,29680587,72660,20:11:00,evening,70740.0,32.0
9,9,Rathburn,1,29680586,74400,20:40:00,evening,72660.0,29.0
9,9,Rathburn,1,29680599,76320,21:12:00,evening,74400.0,32.0
9,9,Rathburn,1,29680591,78060,21:41:00,evening,76320.0,29.0
9,9,Rathburn,1,29680580,79680,22:08:00,late night,78060.0,27.0
9,9,Rathburn,1,29680578,81300,22:35:00,late night,79680.0,27.0
9,9,Rathburn,1,29680601,82920,23:02:00,late night,81300.0,27.0
9,9,Rathburn,1,29680592,84420,23:27:00,late night,82920.0,25.0
9,9,Rathburn,1,29680583,86040,23:54:00,late night,84420.0,27.0
9,9,Rathburn,1,29680576,87600,24:20:00,late night,86040.0,26.0
9,9,Rathburn,1,29680604,89220,24:47:00,late night,87600.0,27.0
9,9,Rathburn,1,29680585,91860,25:31:00,late night,89220.0,44.0
9,9,Rathburn,1,29680605,94500,26:15:00,late night,91860.0,44.0
10,10,Bristol,0,29680767,19080,05:18:00,early morning,17820.0,21.0
10,10,Bristol,0,29680769,20400,05:40:00,early morning,19080.0,22.0
10,10,Bristol,0,29680771,21780,06:03:00,AM peak,20400.0,23.0
10,10,Bristol,0,29680762,23160,06:26:00,AM peak,21780.0,23.0
10,10,Bristol,0,29680761,24600,06:50:00,AM peak,23160.0,24.0
10,10,Bristol,0,29680759,26040,07:14:00,AM peak,24600.0,24.0
10,10,Bristol,0,29680754,27540,07:39:00,AM peak,26040.0,25.0
10,10,Bristol,0,29680757,29100,08:05:00,AM peak,27540.0,26.0
10,10,Bristol,0,29680752,30660,08:31:00,AM peak,29100.0,26.0
10,10,Bristol,0,29680750,32220,08:57:00,AM peak,30660.0,26.0
10,10,Bristol,0,29680747,33780,09:23:00,midday,32220.0,26.0
10,10,Bristol,0,29680748,35280,09:48:00,midday,33780.0,25.0
10,10,Bristol,0,29680744,36780,10:13:00,midday,35280.0,25.0
10,10,Bristol,0,29680743,38280,10:38:00,midday,36780.0,25.0
10,10,Bristol,0,29680740,39780,11:03:00,midday,38280.0,25.0
10,10,Bristol,0,29680739,41280,11:28:00,midday,39780.0,25.0
10,10,Bristol,0,29680736,42780,11:53:00,midday,41280.0,25.0
10,10,Bristol,0,29680735,44280,12:18:00,midday,42780.0,25.0
10,10,Bristol,0,29680732,45780,12:43:00,midday,44280.0,25.0
10,10,Bristol,0,29680731,47280,13:08:00,midday,45780.0,25.0
10,10,Bristol,0,29680728,48780,13:33:00,midday,47280.0,25.0
10,10,Bristol,0,29680724,50220,13:57:00,midday,48780.0,24.0
10,10,Bristol,0,29684119,51300,14:15:00,midday,50220.0,18.0
10,10,Bristol,0,29680726,51720,14:22:00,midday,51300.0,7.0
10,10,Bristol,0,29680714,53280,14:48:00,midday,51720.0,26.0
10,10,Bristol,0,29680710,54780,15:13:00,PM peak,53280.0,25.0
10,10,Bristol,0,29680706,56040,15:34:00,PM peak,54780.0,21.0
10,10,Bristol,0,29680718,57300,15:55:00,PM peak,56040.0,21.0
10,10,Bristol,0,29680705,58620,16:17:00,PM peak,57300.0,22.0
10,10,Bristol,0,29680699,60060,16:41:00,PM peak,58620.0,24.0
10,10,Bristol,0,29680695,61500,17:05:00,PM peak,60060.0,24.0
10,10,Bristol,0,29680697,63000,17:30:00,PM peak,61500.0,25.0
10,10,Bristol,0,29680694,64500,17:55:00,PM peak,63000.0,25.0
10,10,Bristol,0,29680691,65760,18:16:00,PM peak,64500.0,21.0
10,10,Bristol,0,29680717,67020,18:37:00,PM peak,65760.0,21.0
10,10,Bristol,0,29680712,68280,18:58:00,PM peak,67020.0,21.0
10,10,Bristol,0,29680686,69540,19:19:00,evening,68280.0,21.0
10,10,Bristol,0,29680685,70800,19:40:00,evening,69540.0,21.0
10,10,Bristol,0,29680692,72120,20:02:00,evening,70800.0,22.0
10,10,Bristol,0,29680683,73500,20:25:00,evening,72120.0,23.0
10,10,Bristol,0,29680715,75600,21:00:00,evening,73500.0,35.0
10,10,Bristol,0,29680711,77400,21:30:00,evening,75600.0,30.0
10,10,Bristol,0,29680677,79440,22:04:00,late night,77400.0,34.0
10,10,Bristol,0,29680678,81480,22:38:00,late night,79440.0,34.0
10,10,Bristol,0,29680716,83460,23:11:00,late night,81480.0,33.0
10,10,Bristol,0,29680701,85320,23:42:00,late night,83460.0,31.0
10,10,Bristol,0,29680674,87180,24:13:00,late night,85320.0,31.0
10,10,Bristol,0,29680680,88920,24:42:00,late night,87180.0,29.0
10,10,Bristol,0,29680723,90480,25:08:00,late night,88920.0,26.0
10,10,Bristol,1,29680764,17880,04:58:00,early morning,16680.0,20.0
10,10,Bristol,1,29680770,19080,05:18:00,early morning,17880.0,20.0
10,10,Bristol,1,29680766,20400,05:40:00,early morning,19080.0,22.0
10,10,Bristol,1,29680765,21600,06:00:00,AM peak,20400.0,20.0
10,10,Bristol,1,29680760,22920,06:22:00,AM peak,21600.0,22.0
10,10,Bristol,1,29680763,24420,06:47:00,AM peak,22920.0,25.0
10,10,Bristol,1,29680758,25920,07:12:00,AM peak,24420.0,25.0
10,10,Bristol,1,29684118,26340,07:19:00,AM peak,25920.0,7.0
10,10,Bristol,1,29680756,27420,07:37:00,AM peak,26340.0,18.0
10,10,Bristol,1,29680755,28980,08:03:00,AM peak,27420.0,26.0
10,10,Bristol,1,29680753,30540,08:29:00,AM peak,28980.0,26.0
10,10,Bristol,1,29680749,32040,08:54:00,AM peak,30540.0,25.0
10,10,Bristol,1,29680751,33540,09:19:00,midday,32040.0,25.0
10,10,Bristol,1,29680746,35040,09:44:00,midday,33540.0,25.0
10,10,Bristol,1,29680745,36540,10:09:00,midday,35040.0,25.0
10,10,Bristol,1,29680742,38040,10:34:00,midday,36540.0,25.0
10,10,Bristol,1,29680741,39540,10:59:00,midday,38040.0,25.0
10,10,Bristol,1,29680738,41040,11:24:00,midday,39540.0,25.0
10,10,Bristol,1,29680737,42540,11:49:00,midday,41040.0,25.0
10,10,Bristol,1,29680734,44040,12:14:00,midday,42540.0,25.0
10,10,Bristol,1,29680733,45540,12:39:00,midday,44040.0,25.0
10,10,Bristol,1,29680730,47040,13:04:00,midday,45540.0,25.0
10,10,Bristol,1,29680729,48540,13:29:00,midday,47040.0,25.0
10,10,Bristol,1,29680725,50100,13:55:00,midday,48540.0,26.0
10,10,Bristol,1,29680727,51660,14:21:00,midday,50100.0,26.0
10,10,Bristol,1,29684146,52500,14:35:00,midday,51660.0,14.0
10,10,Bristol,1,29680713,53220,14:47:00,midday,52500.0,12.0
10,10,Bristol,1,29680707,54840,15:14:00,PM peak,53220.0,27.0
10,10,Bristol,1,29680709,56460,15:41:00,PM peak,54840.0,27.0
10,10,Bristol,1,29680708,58080,16:08:00,PM peak,56460.0,27.0
10,10,Bristol,1,29680698,59520,16:32:00,PM peak,58080.0,24.0
10,10,Bristol,1,29680696,60840,16:54:00,PM peak,59520.0,22.0
10,10,Bristol,1,29680720,62160,17:16:00,PM peak,60840.0,22.0
10,10,Bristol,1,29680704,63480,17:38:00,PM peak,62160.0,22.0
10,10,Bristol,1,29680690,64800,18:00:00,PM peak,63480.0,22.0
10,10,Bristol,1,29680689,66120,18:22:00,PM peak,64800.0,22.0
10,10,Bristol,1,29680693,67500,18:45:00,PM peak,66120.0,23.0
10,10,Bristol,1,29680688,68940,19:09:00,evening,67500.0,24.0
10,10,Bristol,1,29680687,70140,19:29:00,evening,68940.0,20.0
10,10,Bristol,1,29680722,71340,19:49:00,evening,70140.0,20.0
10,10,Bristol,1,29680700,72720,20:12:00,evening,71340.0,23.0
10,10,Bristol,1,29680684,74100,20:35:00,evening,72720.0,23.0
10,10,Bristol,1,29680681,75480,20:58:00,evening,74100.0,23.0
10,10,Bristol,1,29680682,77520,21:32:00,evening,75480.0,34.0
10,10,Bristol,1,29680719,79560,22:06:00,late night,77520.0,34.0
10,10,Bristol,1,29680703,81480,22:38:00,late night,79560.0,32.0
10,10,Bristol,1,29680676,83400,23:10:00,late night,81480.0,32.0
10,10,Bristol,1,29680679,85260,23:41:00,late night,83400.0,31.0
10,10,Bristol,1,29680721,87060,24:11:00,late night,85260.0,30.0
10,10,Bristol,1,29680702,88800,24:40:00,late night,87060.0,29.0
10,10,Bristol,1,29680675,90480,25:08:00,late night,88800.0,28.0
11,11,Westwood,0,29893025,19020,05:17:00,early morning,18180.0,14.0
11,11,Westwood,0,29893026,19860,05:31:00,early morning,19020.0,14.0
11,11,Westwood,0,29893027,20700,05:45:00,early morning,19860.0,14.0
11,11,Westwood,0,29893028,21540,05:59:00,early morning,20700.0,14.0
11,11,Westwood,0,29893029,22320,06:12:00,AM peak,21540.0,13.0
11,11,Westwood,0,29893030,23100,06:25:00,AM peak,22320.0,13.0
11,11,Westwood,0,29893031,23820,06:37:00,AM peak,23100.0,12.0
11,11,Westwood,0,29893032,24420,06:47:00,AM peak,23820.0,10.0
11,11,Westwood,0,29893033,25020,06:57:00,AM peak,24420.0,10.0
11,11,Westwood,0,29893034,25620,07:07:00,AM peak,25020.0,10.0
11,11,Westwood,0,29893035,26280,07:18:00,AM peak,25620.0,11.0
11,11,Westwood,0,29893036,26940,07:29:00,AM peak,26280.0,11.0
11,11,Westwood,0,29893037,27600,07:40:00,AM peak,26940.0,11.0
11,11,Westwood,0,29893038,28260,07:51:00,AM peak,27600.0,11.0
11,11,Westwood,0,29893039,28860,08:01:00,AM peak,28260.0,10.0
11,11,Westwood,0,29893040,29460,08:11:00,AM peak,28860.0,10.0
11,11,Westwood,0,29893041,30360,08:26:00,AM peak,29460.0,15.0
11,11,Westwood,0,29893042,31260,08:41:00,AM peak,30360.0,15.0
11,11,Westwood,0,29893043,32160,08:56:00,AM peak,31260.0,15.0
11,11,Westwood,0,29893044,33060,09:11:00,midday,32160.0,15.0
11,11,Westwood,0,29893045,33960,09:26:00,midday,33060.0,15.0
11,11,Westwood,0,29893046,34860,09:41:00,midday,33960.0,15.0
11,11,Westwood,0,29893047,35760,09:56:00,midday,34860.0,15.0
11,11,Westwood,0,29893048,36660,10:11:00,midday,35760.0,15.0
11,11,Westwood,0,29893049,37560,10:26:00,midday,36660.0,15.0
11,11,Westwood,0,29893050,38460,10:41:00,midday,37560.0,15.0
11,11,Westwood,0,29893051,39360,10:56:00,midday,38460.0,15.0
11,11,Westwood,0,29893052,40260,11:11:00,midday,39360.0,15.0
11,11,Westwood,0,29893053,41160,11:26:00,midday,40260.0,15.0
11,11,Westwood,0,29893054,42060,11:41:00,midday,41160.0,15.0
11,11,Westwood,0,29893055,42960,11:56:00,midday,42060.0,15.0
11,11,Westwood,0,29893056,43860,12:11:00,midday,42960.0,15.0
11,11,Westwood,0,29893057,44760,12:26:00,midday,43860.0,15.0
11,11,Westwood,0,29893058,45660,12:41:00,midday,44760.0,15.0
11,11,Westwood,0,29893059,46560,12:56:00,midday,45660.0,15.0
11,11,Westwood,0,29893060,47460,13:11:00,midday,46560.0,15.0
11,11,Westwood,0,29893061,48360,13:26:00,midday,47460.0,15.0
11,11,Westwood,0,29893062,49260,13:41:00,midday,48360.0,15.0
11,11,Westwood,0,29893063,50160,13:56:00,midday,49260.0,15.0
11,11,Westwood,0,29893064,51060,14:11:00,midday,50160.0,15.0
11,11,Westwood,0,29893065,51960,14:26:00,midday,51060.0,15.0
11,11,Westwood,0,29893066,52860,14:41:00,midday,51960.0,15.0
11,11,Westwood,0,29893067,53760,14:56:00,midday,52860.0,15.0
11,11,Westwood,0,29893068,54660,15:11:00,PM peak,53760.0,15.0
11,11,Westwood,0,29893069,55560,15:26:00,PM peak,54660.0,15.0
11,11,Westwood,0,29893070,56280,15:38:00,PM peak,55560.0,12.0
11,11,Westwood,0,29893071,57000,15:50:00,PM peak,56280.0,12.0
11,11,Westwood,0,29893072,57780,16:03:00,PM peak,57000.0,13.0
11,11,Westwood,0,29893073,58500,16:15:00,PM peak,57780.0,12.0
11,11,Westwood,0,29893074,59220,16:27:00,PM peak,58500.0,12.0
11,11,Westwood,0,29893075,59940,16:39:00,PM peak,59220.0,12.0
11,11,Westwood,0,29893076,60660,16:51:00,PM peak,59940.0,12.0
11,11,Westwood,0,29893077,61380,17:03:00,PM peak,60660.0,12.0
11,11,Westwood,0,29893078,62100,17:15:00,PM peak,61380.0,12.0
11,11,Westwood,0,29893079,62880,17:28:00,PM peak,62100.0,13.0
11,11,Westwood,0,29893080,63600,17:40:00,PM peak,62880.0,12.0
11,11,Westwood,0,29893081,64320,17:52:00,PM peak,63600.0,12.0
11,11,Westwood,0,29893082,64980,18:03:00,PM peak,64320.0,11.0
11,11,Westwood,0,29893083,65700,18:15:00,PM peak,64980.0,12.0
11,11,Westwood,0,29893084,66420,18:27:00,PM peak,65700.0,12.0
11,11,Westwood,0,29893085,67380,18:43:00,PM peak,66420.0,16.0
11,11,Westwood,0,29893086,68520,19:02:00,evening,67380.0,19.0
11,11,Westwood,0,29893087,69600,19:20:00,evening,68520.0,18.0
11,11,Westwood,0,29893088,70680,19:38:00,evening,69600.0,18.0
11,11,Westwood,0,29893089,71760,19:56:00,evening,70680.0,18.0
11,11,Westwood,0,29893090,72900,20:15:00,evening,71760.0,19.0
11,11,Westwood,0,29893091,73980,20:33:00,evening,72900.0,18.0
11,11,Westwood,0,29893092,75060,20:51:00,evening,73980.0,18.0
11,11,Westwood,0,29893093,76140,21:09:00,evening,75060.0,18.0
11,11,Westwood,0,29893094,77160,21:26:00,evening,76140.0,17.0
11,11,Westwood,0,29893095,78180,21:43:00,evening,77160.0,17.0
11,11,Westwood,0,29893096,79320,22:02:00,late night,78180.0,19.0
11,11,Westwood,0,29893097,80700,22:25:00,late night,79320.0,23.0
11,11,Westwood,0,29893098,82140,22:49:00,late night,80700.0,24.0
11,11,Westwood,0,29893099,83400,23:10:00,late night,82140.0,21.0
11,11,Westwood,0,29893100,84780,23:33:00,late night,83400.0,23.0
11,11,Westwood,0,29893101,86160,23:56:00,late night,84780.0,23.0
11,11,Westwood,0,29893102,87960,24:26:00,late night,86160.0,30.0
11,11,Westwood,0,29893103,89760,24:56:00,late night,87960.0,30.0
11,11,Westwood,0,29893104,91560,25:26:00,late night,89760.0,30.0
11,11,Westwood,0,29893105,93300,25:55:00,late night,91560.0,29.0
11,11,Westwood,0,29893106,95040,26:24:00,late night,93300.0,29.0
11,11,Westwood,0,29893107,96840,26:54:00,late night,95040.0,30.0
11,11,Westwood,0,29893108,98580,27:23:00,late night,96840.0,29.0
11,11,Westwood,1,29893110,17820,04:57:00,early morning,16020.0,30.0
11,11,Westwood,1,29893111,18600,05:10:00,early morning,17820.0,13.0
11,11,Westwood,1,29893112,19440,05:24:00,early morning,18600.0,14.0
11,11,Westwood,1,29893113,20280,05:38:00,early morning,19440.0,14.0
11,11,Westwood,1,29893114,21060,05:51:00,early morning,20280.0,13.0
11,11,Westwood,1,29893115,21720,06:02:00,AM peak,21060.0,11.0
11,11,Westwood,1,29893116,22320,06:12:00,AM peak,21720.0,10.0
11,11,Westwood,1,29893117,22920,06:22:00,AM peak,22320.0,10.0
11,11,Westwood,1,29893118,23580,06:33:00,AM peak,22920.0,11.0
11,11,Westwood,1,29893119,24180,06:43:00,AM peak,23580.0,10.0
11,11,Westwood,1,29893120,24780,06:53:00,AM peak,24180.0,10.0
11,11,Westwood,1,29893121,25440,07:04:00,AM peak,24780.0,11.0
11,11,Westwood,1,29893122,26100,07:15:00,AM peak,25440.0,11.0
11,11,Westwood,1,29893123,26640,07:24:00,AM peak,26100.0,9.0
11,11,Westwood,1,29893124,27300,07:35:00,AM peak,26640.0,11.0
11,11,Westwood,1,29893125,27900,07:45:00,AM peak,27300.0,10.0
11,11,Westwood,1,29893126,28500,07:55:00,AM peak,27900.0,10.0
11,11,Westwood,1,29893127,29160,08:06:00,AM peak,28500.0,11.0
11,11,Westwood,1,29893128,30060,08:21:00,AM peak,29160.0,15.0
11,11,Westwood,1,29893129,30960,08:36:00,AM peak,30060.0,15.0
11,11,Westwood,1,29893130,31860,08:51:00,AM peak,30960.0,15.0
11,11,Westwood,1,29893131,32760,09:06:00,midday,31860.0,15.0
11,11,Westwood,1,29893132,33660,09:21:00,midday,32760.0,15.0
11,11,Westwood,1,29893133,34560,09:36:00,midday,33660.0,15.0
11,11,Westwood,1,29893134,35460,09:51:00,midday,34560.0,15.0
11,11,Westwood,1,29893135,36360,10:06:00,midday,35460.0,15.0
11,11,Westwood,1,29893136,37260,10:21:00,midday,36360.0,15.0
11,11,Westwood,1,29893137,38160,10:36:00,midday,37260.0,15.0
11,11,Westwood,1,29893138,39060,10:51:00,midday,38160.0,15.0
11,11,Westwood,1,29893139,39960,11:06:00,midday,39060.0,15.0
11,11,Westwood,1,29893140,40860,11:21:00,midday,39960.0,15.0
11,11,Westwood,1,29893141,41760,11:36:00,midday,40860.0,15.0
11,11,Westwood,1,29893142,42660,11:51:00,midday,41760.0,15.0
11,11,Westwood,1,29893143,43560,12:06:00,midday,42660.0,15.0
11,11,Westwood,1,29893144,44460,12:21:00,midday,43560.0,15.0
11,11,Westwood,1,29893145,45360,12:36:00,midday,44460.0,15.0
11,11,Westwood,1,29893146,46260,12:51:00,midday,45360.0,15.0
11,11,Westwood,1,29893147,47160,13:06:00,midday,46260.0,15.0
11,11,Westwood,1,29893148,48060,13:21:00,midday,47160.0,15.0
11,11,Westwood,1,29893149,48960,13:36:00,midday,48060.0,15.0
11,11,Westwood,1,29893150,49860,13:51:00,midday,48960.0,15.0
11,11,Westwood,1,29893151,50760,14:06:00,midday,49860.0,15.0
11,11,Westwood,1,29893152,51660,14:21:00,midday,50760.0,15.0
11,11,Westwood,1,29893153,52500,14:35:00,midday,51660.0,14.0
11,11,Westwood,1,29893154,53220,14:47:00,midday,52500.0,12.0
11,11,Westwood,1,29893155,53880,14:58:00,midday,53220.0,11.0
11,11,Westwood,1,29893156,54600,15:10:00,PM peak,53880.0,12.0
11,11,Westwood,1,29893157,55320,15:22:00,PM peak,54600.0,12.0
11,11,Westwood,1,29893158,56220,15:37:00,PM peak,55320.0,15.0
11,11,Westwood,1,29893159,56940,15:49:00,PM peak,56220.0,12.0
11,11,Westwood,1,29893160,57660,16:01:00,PM peak,56940.0,12.0
11,11,Westwood,1,29893161,58380,16:13:00,PM peak,57660.0,12.0
11,11,Westwood,1,29893162,59100,16:25:00,PM peak,58380.0,12.0
11,11,Westwood,1,29893163,59820,16:37:00,PM peak,59100.0,12.0
11,11,Westwood,1,29893164,60600,16:50:00,PM peak,59820.0,13.0
11,11,Westwood,1,29893165,61320,17:02:00,PM peak,60600.0,12.0
11,11,Westwood,1,29893166,62040,17:14:00,PM peak,61320.0,12.0
11,11,Westwood,1,29893167,62700,17:25:00,PM peak,62040.0,11.0
11,11,Westwood,1,29893168,63480,17:38:00,PM peak,62700.0,13.0
11,11,Westwood,1,29893169,64200,17:50:00,PM peak,63480.0,12.0
11,11,Westwood,1,29893170,64920,18:02:00,PM peak,64200.0,12.0
11,11,Westwood,1,29893171,65640,18:14:00,PM peak,64920.0,12.0
11,11,Westwood,1,29893172,66360,18:26:00,PM peak,65640.0,12.0
11,11,Westwood,1,29893173,67500,18:45:00,PM peak,66360.0,19.0
11,11,Westwood,1,29893174,68640,19:04:00,evening,67500.0,19.0
11,11,Westwood,1,29893175,69780,19:23:00,evening,68640.0,19.0
11,11,Westwood,1,29893176,70920,19:42:00,evening,69780.0,19.0
11,11,Westwood,1,29893177,72000,20:00:00,evening,70920.0,18.0
11,11,Westwood,1,29893178,73080,20:18:00,evening,72000.0,18.0
11,11,Westwood,1,29893179,74160,20:36:00,evening,73080.0,18.0
11,11,Westwood,1,29893180,75240,20:54:00,evening,74160.0,18.0
11,11,Westwood,1,29893181,76260,21:11:00,evening,75240.0,17.0
11,11,Westwood,1,29893182,77340,21:29:00,evening,76260.0,18.0
11,11,Westwood,1,29893183,78780,21:53:00,evening,77340.0,24.0
11,11,Westwood,1,29893184,80220,22:17:00,late night,78780.0,24.0
11,11,Westwood,1,29893185,81600,22:40:00,late night,80220.0,23.0
11,11,Westwood,1,29893186,82980,23:03:00,late night,81600.0,23.0
11,11,Westwood,1,29893187,84360,23:26:00,late night,82980.0,23.0
11,11,Westwood,1,29893188,85740,23:49:00,late night,84360.0,23.0
11,11,Westwood,1,29893189,87060,24:11:00,late night,85740.0,22.0
11,11,Westwood,1,29893190,88440,24:34:00,late night,87060.0,23.0
11,11,Westwood,1,29893191,89880,24:58:00,late night,88440.0,24.0
11,11,Westwood,1,29893192,91620,25:27:00,late night,89880.0,29.0
11,11,Westwood,1,29893193,93420,25:57:00,late night,91620.0,30.0
11,11,Westwood,1,29893194,95220,26:27:00,late night,93420.0,30.0
11,11,Westwood,1,29893195,96960,26:56:00,late night,95220.0,29.0
13,13,Glen Erin,0,29679749,17700,04:55:00,early morning,16260.0,24.0
13,13,Glen Erin,0,29679750,19140,05:19:00,early morning,17700.0,24.0
13,13,Glen Erin,0,29679751,20580,05:43:00,early morning,19140.0,24.0
13,13,Glen Erin,0,29679752,22020,06:07:00,AM peak,20580.0,24.0
13,13,Glen Erin,0,29679753,23460,06:31:00,AM peak,22020.0,24.0
13,13,Glen Erin,0,29679754,24900,06:55:00,AM peak,23460.0,24.0
13,13,Glen Erin,0,29679755,26460,07:21:00,AM peak,24900.0,26.0
13,13,Glen Erin,0,29679756,28140,07:49:00,AM peak,26460.0,28.0
13,13,Glen Erin,0,29679757,29820,08:17:00,AM peak,28140.0,28.0
13,13,Glen Erin,0,29679758,31500,08:45:00,AM peak,29820.0,28.0
13,13,Glen Erin,0,29679759,33180,09:13:00,midday,31500.0,28.0
13,13,Glen Erin,0,29679760,34740,09:39:00,midday,33180.0,26.0
13,13,Glen Erin,0,29679761,36300,10:05:00,midday,34740.0,26.0
13,13,Glen Erin,0,29679762,37740,10:29:00,midday,36300.0,24.0
13,13,Glen Erin,0,29679763,39180,10:53:00,midday,37740.0,24.0
13,13,Glen Erin,0,29679764,40620,11:17:00,midday,39180.0,24.0
13,13,Glen Erin,0,29679765,42120,11:42:00,midday,40620.0,25.0
13,13,Glen Erin,0,29679766,43620,12:07:00,midday,42120.0,25.0
13,13,Glen Erin,0,29679767,45120,12:32:00,midday,43620.0,25.0
13,13,Glen Erin,0,29679768,46620,12:57:00,midday,45120.0,25.0
13,13,Glen Erin,0,29679769,48120,13:22:00,midday,46620.0,25.0
13,13,Glen Erin,0,29679770,49620,13:47:00,midday,48120.0,25.0
13,13,Glen Erin,0,29679771,51180,14:13:00,midday,49620.0,26.0
13,13,Glen Erin,0,29684092,52320,14:32:00,midday,51180.0,19.0
13,13,Glen Erin,0,29679772,52740,14:39:00,midday,52320.0,7.0
13,13,Glen Erin,0,29684093,52860,14:41:00,midday,52740.0,2.0
13,13,Glen Erin,0,29679773,54300,15:05:00,PM peak,52860.0,24.0
13,13,Glen Erin,0,29679774,55860,15:31:00,PM peak,54300.0,26.0
13,13,Glen Erin,0,29679775,57300,15:55:00,PM peak,55860.0,24.0
13,13,Glen Erin,0,29679776,58740,16:19:00,PM peak,57300.0,24.0
13,13,Glen Erin,0,29679777,60180,16:43:00,PM peak,58740.0,24.0
13,13,Glen Erin,0,29679778,61620,17:07:00,PM peak,60180.0,24.0
13,13,Glen Erin,0,29679779,63060,17:31:00,PM peak,61620.0,24.0
13,13,Glen Erin,0,29679780,64500,17:55:00,PM peak,63060.0,24.0
13,13,Glen Erin,0,29679781,65940,18:19:00,PM peak,64500.0,24.0
13,13,Glen Erin,0,29679782,67380,18:43:00,PM peak,65940.0,24.0
13,13,Glen Erin,0,29679783,68700,19:05:00,evening,67380.0,22.0
13,13,Glen Erin,0,29679784,69900,19:25:00,evening,68700.0,20.0
13,13,Glen Erin,0,29679785,71100,19:45:00,evening,69900.0,20.0
13,13,Glen Erin,0,29679786,72900,20:15:00,evening,71100.0,30.0
13,13,Glen Erin,0,29679787,74700,20:45:00,evening,72900.0,30.0
13,13,Glen Erin,0,29679788,76500,21:15:00,evening,74700.0,30.0
13,13,Glen Erin,0,29679789,78180,21:43:00,evening,76500.0,28.0
13,13,Glen Erin,0,29679790,81300,22:35:00,late night,78180.0,52.0
13,13,Glen Erin,0,29679791,84420,23:27:00,late night,81300.0,52.0
13,13,Glen Erin,0,29679792,87540,24:19:00,late night,84420.0,52.0
13,13,Glen Erin,0,29679793,90540,25:09:00,late night,87540.0,50.0
13,13,Glen Erin,0,29679794,93540,25:59:00,late night,90540.0,50.0
13,13,Glen Erin,0,29679795,96420,26:47:00,late night,93540.0,48.0
13,13,Glen Erin,1,29679797,17100,04:45:00,early morning,15900.0,20.0
13,13,Glen Erin,1,29679798,18300,05:05:00,early morning,17100.0,20.0
13,13,Glen Erin,1,29679799,19500,05:25:00,early morning,18300.0,20.0
13,13,Glen Erin,1,29679800,20940,05:49:00,early morning,19500.0,24.0
13,13,Glen Erin,1,29679801,22500,06:15:00,AM peak,20940.0,26.0
13,13,Glen Erin,1,29679802,24060,06:41:00,AM peak,22500.0,26.0
13,13,Glen Erin,1,29679803,25620,07:07:00,AM peak,24060.0,26.0
13,13,Glen Erin,1,29684115,26040,07:14:00,AM peak,25620.0,7.0
13,13,Glen Erin,1,29679804,27180,07:33:00,AM peak,26040.0,19.0
13,13,Glen Erin,1,29684141,28080,07:48:00,AM peak,27180.0,15.0
13,13,Glen Erin,1,29684084,28200,07:50:00,AM peak,28080.0,2.0
13,13,Glen Erin,1,29679805,28740,07:59:00,AM peak,28200.0,9.0
13,13,Glen Erin,1,29679806,30420,08:27:00,AM peak,28740.0,28.0
13,13,Glen Erin,1,29679807,32100,08:55:00,AM peak,30420.0,28.0
13,13,Glen Erin,1,29679808,33780,09:23:00,midday,32100.0,28.0
13,13,Glen Erin,1,29679809,35460,09:51:00,midday,33780.0,28.0
13,13,Glen Erin,1,29679810,37140,10:19:00,midday,35460.0,28.0
13,13,Glen Erin,1,29679811,38700,10:45:00,midday,37140.0,26.0
13,13,Glen Erin,1,29679812,40140,11:09:00,midday,38700.0,24.0
13,13,Glen Erin,1,29679813,41580,11:33:00,midday,40140.0,24.0
13,13,Glen Erin,1,29679814,43020,11:57:00,midday,41580.0,24.0
13,13,Glen Erin,1,29679815,44460,12:21:00,midday,43020.0,24.0
13,13,Glen Erin,1,29679816,45900,12:45:00,midday,44460.0,24.0
13,13,Glen Erin,1,29679817,47340,13:09:00,midday,45900.0,24.0
13,13,Glen Erin,1,29679818,48900,13:35:00,midday,47340.0,26.0
13,13,Glen Erin,1,29679819,50460,14:01:00,midday,48900.0,26.0
13,13,Glen Erin,1,29679820,51780,14:23:00,midday,50460.0,22.0
13,13,Glen Erin,1,29679821,52980,14:43:00,midday,51780.0,20.0
13,13,Glen Erin,1,29679822,54180,15:03:00,PM peak,52980.0,20.0
13,13,Glen Erin,1,29679823,55620,15:27:00,PM peak,54180.0,24.0
13,13,Glen Erin,1,29679824,57180,15:53:00,PM peak,55620.0,26.0
13,13,Glen Erin,1,29679825,58740,16:19:00,PM peak,57180.0,26.0
13,13,Glen Erin,1,29679826,60300,16:45:00,PM peak,58740.0,26.0
13,13,Glen Erin,1,29679827,61860,17:11:00,PM peak,60300.0,26.0
13,13,Glen Erin,1,29679828,63300,17:35:00,PM peak,61860.0,24.0
13,13,Glen Erin,1,29679829,64740,17:59:00,PM peak,63300.0,24.0
13,13,Glen Erin,1,29679830,66060,18:21:00,PM peak,64740.0,22.0
13,13,Glen Erin,1,29679831,67380,18:43:00,PM peak,66060.0,22.0
13,13,Glen Erin,1,29679832,68700,19:05:00,evening,67380.0,22.0
13,13,Glen Erin,1,29679833,70020,19:27:00,evening,68700.0,22.0
13,13,Glen Erin,1,29679834,71340,19:49:00,evening,70020.0,22.0
13,13,Glen Erin,1,29679835,72780,20:13:00,evening,71340.0,24.0
13,13,Glen Erin,1,29679836,74580,20:43:00,evening,72780.0,30.0
13,13,Glen Erin,1,29679837,76380,21:13:00,evening,74580.0,30.0
13,13,Glen Erin,1,29679838,78180,21:43:00,evening,76380.0,30.0
13,13,Glen Erin,1,29679839,79860,22:11:00,late night,78180.0,28.0
13,13,Glen Erin,1,29679840,81540,22:39:00,late night,79860.0,28.0
13,13,Glen Erin,1,29679841,84540,23:29:00,late night,81540.0,50.0
13,13,Glen Erin,1,29679842,87540,24:19:00,late night,84540.0,50.0
13,13,Glen Erin,1,29679843,90540,25:09:00,late night,87540.0,50.0
13,13,Glen Erin,1,29679844,93420,25:57:00,late night,90540.0,48.0
14,14,Lorne Park,0,29681175,19260,05:21:00,early morning,17400.0,31.0
14,14,Lorne Park,0,29681174,21540,05:59:00,early morning,19260.0,38.0
14,14,Lorne Park,0,29681167,23940,06:39:00,AM peak,21540.0,40.0
14,14,Lorne Park,0,29681165,25740,07:09:00,AM peak,23940.0,30.0
14,14,Lorne Park,0,29681168,28140,07:49:00,AM peak,25740.0,40.0
14,14,Lorne Park,0,29684142,29100,08:05:00,AM peak,28140.0,16.0
14,14,Lorne Park,0,29681163,31620,08:47:00,AM peak,29100.0,42.0
14,14,Lorne Park,0,29681161,35100,09:45:00,midday,31620.0,58.0
14,14,Lorne Park,0,29681159,38580,10:43:00,midday,35100.0,58.0
14,14,Lorne Park,0,29681157,42060,11:41:00,midday,38580.0,58.0
14,14,Lorne Park,0,29681154,45540,12:39:00,midday,42060.0,58.0
14,14,Lorne Park,0,29681152,49380,13:43:00,midday,45540.0,64.0
14,14,Lorne Park,0,29681151,51120,14:12:00,midday,49380.0,29.0
14,14,Lorne Park,0,29684143,52200,14:30:00,midday,51120.0,18.0
14,14,Lorne Park,0,29681149,53160,14:46:00,midday,52200.0,16.0
14,14,Lorne Park,0,29681146,55860,15:31:00,PM peak,53160.0,45.0
14,14,Lorne Park,0,29681145,58560,16:16:00,PM peak,55860.0,45.0
14,14,Lorne Park,0,29681141,60960,16:56:00,PM peak,58560.0,40.0
14,14,Lorne Park,0,29681142,63360,17:36:00,PM peak,60960.0,40.0
14,14,Lorne Park,0,29681138,65820,18:17:00,PM peak,63360.0,41.0
14,14,Lorne Park,0,29681137,69240,19:14:00,evening,65820.0,57.0
14,14,Lorne Park,0,29681135,72480,20:08:00,evening,69240.0,54.0
14,14,Lorne Park,0,29681133,75660,21:01:00,evening,72480.0,53.0
14,14,Lorne Park,0,29681131,78840,21:54:00,evening,75660.0,53.0
14,14,Lorne Park,0,29681129,82020,22:47:00,late night,78840.0,53.0
14,14,Lorne Park,0,29681127,85200,23:40:00,late night,82020.0,53.0
14,14,Lorne Park,1,29681176,19200,05:20:00,early morning,17040.0,36.0
14,14,Lorne Park,1,29681171,21420,05:57:00,early morning,19200.0,37.0
14,14,Lorne Park,1,29681166,23340,06:29:00,AM peak,21420.0,32.0
14,14,Lorne Park,1,29681169,25320,07:02:00,AM peak,23340.0,33.0
14,14,Lorne Park,1,29681164,28200,07:50:00,AM peak,25320.0,48.0
14,14,Lorne Park,1,29684133,29040,08:04:00,AM peak,28200.0,14.0
14,14,Lorne Park,1,29681170,30300,08:25:00,AM peak,29040.0,21.0
14,14,Lorne Park,1,29681162,33780,09:23:00,midday,30300.0,58.0
14,14,Lorne Park,1,29681160,37260,10:21:00,midday,33780.0,58.0
14,14,Lorne Park,1,29681158,40620,11:17:00,midday,37260.0,56.0
14,14,Lorne Park,1,29681156,43980,12:13:00,midday,40620.0,56.0
14,14,Lorne Park,1,29681155,47340,13:09:00,midday,43980.0,56.0
14,14,Lorne Park,1,29681153,50820,14:07:00,midday,47340.0,58.0
14,14,Lorne Park,1,29684134,52440,14:34:00,midday,50820.0,27.0
14,14,Lorne Park,1,29681150,53340,14:49:00,midday,52440.0,15.0
14,14,Lorne Park,1,29681148,55380,15:23:00,PM peak,53340.0,34.0
14,14,Lorne Park,1,29681147,58080,16:08:00,PM peak,55380.0,45.0
14,14,Lorne Park,1,29681144,60480,16:48:00,PM peak,58080.0,40.0
14,14,Lorne Park,1,29681140,62940,17:29:00,PM peak,60480.0,41.0
14,14,Lorne Park,1,29681143,65340,18:09:00,PM peak,62940.0,40.0
14,14,Lorne Park,1,29681139,67740,18:49:00,PM peak,65340.0,40.0
14,14,Lorne Park,1,29681136,70980,19:43:00,evening,67740.0,54.0
14,14,Lorne Park,1,29681134,74160,20:36:00,evening,70980.0,53.0
14,14,Lorne Park,1,29681132,77340,21:29:00,evening,74160.0,53.0
14,14,Lorne Park,1,29681130,80520,22:22:00,late night,77340.0,53.0
14,14,Lorne Park,1,29681128,83700,23:15:00,late night,80520.0,53.0
15,15,Drew,0,29893359,19560,05:26:00,early morning,18360.0,20.0
15,15,Drew,0,29893360,20760,05:46:00,early morning,19560.0,20.0
15,15,Drew,0,29893328,21300,05:55:00,early morning,20760.0,9.0
15,15,Drew,0,29893329,23340,06:29:00,AM peak,21300.0,34.0
15,15,Drew,0,29893330,25380,07:03:00,AM peak,23340.0,34.0
15,15,Drew,0,29893331,27420,07:37:00,AM peak,25380.0,34.0
15,15,Drew,0,29893332,29520,08:12:00,AM peak,27420.0,35.0
15,15,Drew,0,29893333,31620,08:47:00,AM peak,29520.0,35.0
15,15,Drew,0,29893334,33600,09:20:00,midday,31620.0,33.0
15,15,Drew,0,29893335,35400,09:50:00,midday,33600.0,30.0
15,15,Drew,0,29893336,49200,13:40:00,midday,35400.0,230.0
15,15,Drew,0,29893337,51000,14:10:00,midday,49200.0,30.0
15,15,Drew,0,29893338,52920,14:42:00,midday,51000.0,32.0
15,15,Drew,0,29893339,54840,15:14:00,PM peak,52920.0,32.0
15,15,Drew,0,29893340,56760,15:46:00,PM peak,54840.0,32.0
15,15,Drew,0,29893341,58680,16:18:00,PM peak,56760.0,32.0
15,15,Drew,0,29893342,60780,16:53:00,PM peak,58680.0,35.0
15,15,Drew,0,29893343,62880,17:28:00,PM peak,60780.0,35.0
15,15,Drew,0,29893344,64680,17:58:00,PM peak,62880.0,30.0
15,15,Drew,0,29893345,66360,18:26:00,PM peak,64680.0,28.0
15,15,Drew,0,29893346,67920,18:52:00,PM peak,66360.0,26.0
15,15,Drew,0,29893347,69480,19:18:00,evening,67920.0,26.0
15,15,Drew,0,29893348,71040,19:44:00,evening,69480.0,26.0
15,15,Drew,0,29893349,72600,20:10:00,evening,71040.0,26.0
15,15,Drew,0,29893350,74160,20:36:00,evening,72600.0,26.0
15,15,Drew,0,29893351,75960,21:06:00,evening,74160.0,30.0
15,15,Drew,0,29893352,78360,21:46:00,evening,75960.0,40.0
15,15,Drew,0,29893353,80760,22:26:00,late night,78360.0,40.0
15,15,Drew,0,29893354,83040,23:04:00,late night,80760.0,38.0
15,15,Drew,0,29893355,85200,23:40:00,late night,83040.0,36.0
15,15,Drew,0,29893356,87000,24:10:00,late night,85200.0,30.0
15,15,Drew,0,29893357,88800,24:40:00,late night,87000.0,30.0
15,15,Drew,1,29893362,20520,05:42:00,early morning,19200.0,22.0
15,15,Drew,1,29893363,22320,06:12:00,AM peak,20520.0,30.0
15,15,Drew,1,29893364,24360,06:46:00,AM peak,22320.0,34.0
15,15,Drew,1,29893365,26400,07:20:00,AM peak,24360.0,34.0
15,15,Drew,1,29893366,28320,07:52:00,AM peak,26400.0,32.0
15,15,Drew,1,29893367,30240,08:24:00,AM peak,28320.0,32.0
15,15,Drew,1,29893368,32160,08:56:00,AM peak,30240.0,32.0
15,15,Drew,1,29893369,34080,09:28:00,midday,32160.0,32.0
15,15,Drew,1,29893370,35880,09:58:00,midday,34080.0,30.0
15,15,Drew,1,29893371,46800,13:00:00,midday,35880.0,182.0
15,15,Drew,1,29893372,48480,13:28:00,midday,46800.0,28.0
15,15,Drew,1,29893373,50280,13:58:00,midday,48480.0,30.0
15,15,Drew,1,29893374,51960,14:26:00,midday,50280.0,28.0
15,15,Drew,1,29893375,53760,14:56:00,midday,51960.0,30.0
15,15,Drew,1,29893376,55680,15:28:00,PM peak,53760.0,32.0
15,15,Drew,1,29893377,57600,16:00:00,PM peak,55680.0,32.0
15,15,Drew,1,29893378,59520,16:32:00,PM peak,57600.0,32.0
15,15,Drew,1,29893379,61560,17:06:00,PM peak,59520.0,34.0
15,15,Drew,1,29893380,63600,17:40:00,PM peak,61560.0,34.0
15,15,Drew,1,29893381,65520,18:12:00,PM peak,63600.0,32.0
15,15,Drew,1,29893382,67320,18:42:00,PM peak,65520.0,30.0
15,15,Drew,1,29893383,68880,19:08:00,evening,67320.0,26.0
15,15,Drew,1,29893384,70440,19:34:00,evening,68880.0,26.0
15,15,Drew,1,29893385,72000,20:00:00,evening,70440.0,26.0
15,15,Drew,1,29893386,73800,20:30:00,evening,72000.0,30.0
15,15,Drew,1,29893387,76200,21:10:00,evening,73800.0,40.0
15,15,Drew,1,29893388,78600,21:50:00,evening,76200.0,40.0
15,15,Drew,1,29893389,81000,22:30:00,late night,78600.0,40.0
15,15,Drew,1,29893390,83100,23:05:00,late night,81000.0,35.0
15,15,Drew,1,29893391,85200,23:40:00,late night,83100.0,35.0
15,15,Drew,1,29893392,87000,24:10:00,late night,85200.0,30.0
16,16,Malton,0,29893399,25200,07:00:00,AM peak,22800.0,40.0
16,16,Malton,0,29893401,27720,07:42:00,AM peak,25200.0,42.0
16,16,Malton,0,29893403,30360,08:26:00,AM peak,27720.0,44.0
16,16,Malton,0,29893405,33000,09:10:00,midday,30360.0,44.0
16,16,Malton,0,29893407,35400,09:50:00,midday,33000.0,40.0
16,16,Malton,0,29893409,37800,10:30:00,midday,35400.0,40.0
16,16,Malton,0,29893411,40200,11:10:00,midday,37800.0,40.0
16,16,Malton,0,29893413,42600,11:50:00,midday,40200.0,40.0
16,16,Malton,0,29893415,45000,12:30:00,midday,42600.0,40.0
16,16,Malton,0,29893417,47640,13:14:00,midday,45000.0,44.0
16,16,Malton,0,29893419,50280,13:58:00,midday,47640.0,44.0
16,16,Malton,0,29893421,52920,14:42:00,midday,50280.0,44.0
16,16,Malton,0,29893423,55560,15:26:00,PM peak,52920.0,44.0
16,16,Malton,0,29893425,58200,16:10:00,PM peak,55560.0,44.0
16,16,Malton,0,29893427,60840,16:54:00,PM peak,58200.0,44.0
16,16,Malton,0,29893429,63480,17:38:00,PM peak,60840.0,44.0
16,16,Malton,0,29893431,66000,18:20:00,PM peak,63480.0,42.0
16,16,Malton,0,29893433,68400,19:00:00,evening,66000.0,40.0
16,16,Malton,0,29893435,70800,19:40:00,evening,68400.0,40.0
16,16,Malton,0,29893437,73200,20:20:00,evening,70800.0,40.0
16,16,Malton,0,29893438,75600,21:00:00,evening,73200.0,40.0
16,16,Malton,0,29893439,78000,21:40:00,evening,75600.0,40.0
16,16,Malton,0,29893440,80400,22:20:00,late night,78000.0,40.0
16,16,Malton,0,29893441,82800,23:00:00,late night,80400.0,40.0
16,16,Malton,0,29893442,85200,23:40:00,late night,82800.0,40.0
16,16,Malton,1,29893394,18300,05:05:00,early morning,16500.0,30.0
16,16,Malton,1,29893395,20100,05:35:00,early morning,18300.0,30.0
16,16,Malton,1,29893396,21900,06:05:00,AM peak,20100.0,30.0
16,16,Malton,1,29893398,24000,06:40:00,AM peak,21900.0,35.0
16,16,Malton,1,29893400,26400,07:20:00,AM peak,24000.0,40.0
16,16,Malton,1,29893402,29040,08:04:00,AM peak,26400.0,44.0
16,16,Malton,1,29893404,31680,08:48:00,AM peak,29040.0,44.0
16,16,Malton,1,29893406,34200,09:30:00,midday,31680.0,42.0
16,16,Malton,1,29893408,36600,10:10:00,midday,34200.0,40.0
16,16,Malton,1,29893410,39000,10:50:00,midday,36600.0,40.0
16,16,Malton,1,29893412,41400,11:30:00,midday,39000.0,40.0
16,16,Malton,1,29893414,43800,12:10:00,midday,41400.0,40.0
16,16,Malton,1,29893416,46320,12:52:00,midday,43800.0,42.0
16,16,Malton,1,29893418,48960,13:36:00,midday,46320.0,44.0
16,16,Malton,1,29893420,51600,14:20:00,midday,48960.0,44.0
16,16,Malton,1,29893422,54240,15:04:00,PM peak,51600.0,44.0
16,16,Malton,1,29893424,56880,15:48:00,PM peak,54240.0,44.0
16,16,Malton,1,29893426,59520,16:32:00,PM peak,56880.0,44.0
16,16,Malton,1,29893428,62160,17:16:00,PM peak,59520.0,44.0
16,16,Malton,1,29893430,64800,18:00:00,PM peak,62160.0,44.0
16,16,Malton,1,29893432,67200,18:40:00,PM peak,64800.0,40.0
16,16,Malton,1,29893434,69600,19:20:00,evening,67200.0,40.0
16,16,Malton,1,29893436,72000,20:00:00,evening,69600.0,40.0
17,17,Hurontario,0,29681293,8460,02:21:00,early morning,6780.0,28.0
17,17,Hurontario,0,29681296,10140,02:49:00,early morning,8460.0,28.0
17,17,Hurontario,0,29681290,11820,03:17:00,early morning,10140.0,28.0
17,17,Hurontario,0,29681302,13500,03:45:00,early morning,11820.0,28.0
17,17,Hurontario,0,29681268,15180,04:13:00,early morning,13500.0,28.0
17,17,Hurontario,0,29681309,16860,04:41:00,early morning,15180.0,28.0
17,17,Hurontario,0,29681266,18540,05:09:00,early morning,16860.0,28.0
17,17,Hurontario,0,29681303,20340,05:39:00,early morning,18540.0,30.0
17,17,Hurontario,0,29681270,22140,06:09:00,AM peak,20340.0,30.0
17,17,Hurontario,0,29681244,23340,06:29:00,AM peak,22140.0,20.0
17,17,Hurontario,0,29681304,24540,06:49:00,AM peak,23340.0,20.0
17,17,Hurontario,0,29681240,25740,07:09:00,AM peak,24540.0,20.0
17,17,Hurontario,0,29681271,26940,07:29:00,AM peak,25740.0,20.0
17,17,Hurontario,0,29681227,28140,07:49:00,AM peak,26940.0,20.0
17,17,Hurontario,0,29681306,29340,08:09:00,AM peak,28140.0,20.0
17,17,Hurontario,0,29681241,30600,08:30:00,AM peak,29340.0,21.0
17,17,Hurontario,0,29681269,31860,08:51:00,AM peak,30600.0,21.0
17,17,Hurontario,0,29681224,33120,09:12:00,midday,31860.0,21.0
17,17,Hurontario,0,29681307,34380,09:33:00,midday,33120.0,21.0
17,17,Hurontario,0,29681242,35640,09:54:00,midday,34380.0,21.0
17,17,Hurontario,0,29681267,36900,10:15:00,midday,35640.0,21.0
17,17,Hurontario,0,29681222,38160,10:36:00,midday,36900.0,21.0
17,17,Hurontario,0,29681308,39420,10:57:00,midday,38160.0,21.0
17,17,Hurontario,0,29681239,40680,11:18:00,midday,39420.0,21.0
17,17,Hurontario,0,29681272,41940,11:39:00,midday,40680.0,21.0
17,17,Hurontario,0,29681210,43140,11:59:00,midday,41940.0,20.0
17,17,Hurontario,0,29681305,44340,12:19:00,midday,43140.0,20.0
17,17,Hurontario,0,29681246,45540,12:39:00,midday,44340.0,20.0
17,17,Hurontario,0,29681275,46740,12:59:00,midday,45540.0,20.0
17,17,Hurontario,0,29681212,48000,13:20:00,midday,46740.0,21.0
17,17,Hurontario,0,29681313,49260,13:41:00,midday,48000.0,21.0
17,17,Hurontario,0,29681243,50520,14:02:00,midday,49260.0,21.0
17,17,Hurontario,0,29681273,51780,14:23:00,midday,50520.0,21.0
17,17,Hurontario,0,29681196,52620,14:37:00,midday,51780.0,14.0
17,17,Hurontario,0,29681211,53460,14:51:00,midday,52620.0,14.0
17,17,Hurontario,0,29681311,54300,15:05:00,PM peak,53460.0,14.0
17,17,Hurontario,0,29681198,55140,15:19:00,PM peak,54300.0,14.0
17,17,Hurontario,0,29681255,56040,15:34:00,PM peak,55140.0,15.0
17,17,Hurontario,0,29681283,56940,15:49:00,PM peak,56040.0,15.0
17,17,Hurontario,0,29681195,57900,16:05:00,PM peak,56940.0,16.0
17,17,Hurontario,0,29681214,58860,16:21:00,PM peak,57900.0,16.0
17,17,Hurontario,0,29681310,59820,16:37:00,PM peak,58860.0,16.0
17,17,Hurontario,0,29681194,60780,16:53:00,PM peak,59820.0,16.0
17,17,Hurontario,0,29681249,61680,17:08:00,PM peak,60780.0,15.0
17,17,Hurontario,0,29681274,62580,17:23:00,PM peak,61680.0,15.0
17,17,Hurontario,0,29681193,63420,17:37:00,PM peak,62580.0,14.0
17,17,Hurontario,0,29681213,64320,17:52:00,PM peak,63420.0,15.0
17,17,Hurontario,0,29681312,65220,18:07:00,PM peak,64320.0,15.0
17,17,Hurontario,0,29681182,66120,18:22:00,PM peak,65220.0,15.0
17,17,Hurontario,0,29681247,66960,18:36:00,PM peak,66120.0,14.0
17,17,Hurontario,0,29681277,67800,18:50:00,PM peak,66960.0,14.0
17,17,Hurontario,0,29681183,68580,19:03:00,evening,67800.0,13.0
17,17,Hurontario,0,29681215,69360,19:16:00,evening,68580.0,13.0
17,17,Hurontario,0,29681314,70140,19:29:00,evening,69360.0,13.0
17,17,Hurontario,0,29681184,70980,19:43:00,evening,70140.0,14.0
17,17,Hurontario,0,29681248,71820,19:57:00,evening,70980.0,14.0
17,17,Hurontario,0,29681281,72660,20:11:00,evening,71820.0,14.0
17,17,Hurontario,0,29681185,73560,20:26:00,evening,72660.0,15.0
17,17,Hurontario,0,29681220,74460,20:41:00,evening,73560.0,15.0
17,17,Hurontario,0,29681188,75360,20:56:00,evening,74460.0,15.0
17,17,Hurontario,0,29681254,76260,21:11:00,evening,75360.0,15.0
17,17,Hurontario,0,29681282,77100,21:25:00,evening,76260.0,14.0
17,17,Hurontario,0,29681178,77940,21:39:00,evening,77100.0,14.0
17,17,Hurontario,0,29681217,78720,21:52:00,evening,77940.0,13.0
17,17,Hurontario,0,29681189,79500,22:05:00,late night,78720.0,13.0
17,17,Hurontario,0,29681245,80220,22:17:00,late night,79500.0,12.0
17,17,Hurontario,0,29681276,80940,22:29:00,late night,80220.0,12.0
17,17,Hurontario,0,29681218,82380,22:53:00,late night,80940.0,24.0
17,17,Hurontario,0,29681250,84180,23:23:00,late night,82380.0,30.0
17,17,Hurontario,0,29681216,85980,23:53:00,late night,84180.0,30.0
17,17,Hurontario,0,29681256,87780,24:23:00,late night,85980.0,30.0
17,17,Hurontario,0,29681219,89580,24:53:00,late night,87780.0,30.0
17,17,Hurontario,0,29681251,91380,25:23:00,late night,89580.0,30.0
17,17,Hurontario,1,29681292,9900,02:45:00,early morning,8340.0,26.0
17,17,Hurontario,1,29681315,11580,03:13:00,early morning,9900.0,28.0
17,17,Hurontario,1,29681291,13260,03:41:00,early morning,11580.0,28.0
17,17,Hurontario,1,29681322,14940,04:09:00,early morning,13260.0,28.0
17,17,Hurontario,1,29681286,16620,04:37:00,early morning,14940.0,28.0
17,17,Hurontario,1,29681316,18300,05:05:00,early morning,16620.0,28.0
17,17,Hurontario,1,29681288,20100,05:35:00,early morning,18300.0,30.0
17,17,Hurontario,1,29681318,21900,06:05:00,AM peak,20100.0,30.0
17,17,Hurontario,1,29681260,23100,06:25:00,AM peak,21900.0,20.0
17,17,Hurontario,1,29681285,24300,06:45:00,AM peak,23100.0,20.0
17,17,Hurontario,1,29681228,25500,07:05:00,AM peak,24300.0,20.0
17,17,Hurontario,1,29681320,26700,07:25:00,AM peak,25500.0,20.0
17,17,Hurontario,1,29681258,27900,07:45:00,AM peak,26700.0,20.0
17,17,Hurontario,1,29681287,29160,08:06:00,AM peak,27900.0,21.0
17,17,Hurontario,1,29681226,30420,08:27:00,AM peak,29160.0,21.0
17,17,Hurontario,1,29681317,31680,08:48:00,AM peak,30420.0,21.0
17,17,Hurontario,1,29681257,32940,09:09:00,midday,31680.0,21.0
17,17,Hurontario,1,29681284,34140,09:29:00,midday,32940.0,20.0
17,17,Hurontario,1,29681225,35400,09:50:00,midday,34140.0,21.0
17,17,Hurontario,1,29681319,36660,10:11:00,midday,35400.0,21.0
17,17,Hurontario,1,29681259,37860,10:31:00,midday,36660.0,20.0
17,17,Hurontario,1,29681289,39060,10:51:00,midday,37860.0,20.0
17,17,Hurontario,1,29681223,40260,11:11:00,midday,39060.0,20.0
17,17,Hurontario,1,29681297,41520,11:32:00,midday,40260.0,21.0
17,17,Hurontario,1,29681230,42780,11:53:00,midday,41520.0,21.0
17,17,Hurontario,1,29681263,44040,12:14:00,midday,42780.0,21.0
17,17,Hurontario,1,29681203,45300,12:35:00,midday,44040.0,21.0
17,17,Hurontario,1,29681294,46560,12:56:00,midday,45300.0,21.0
17,17,Hurontario,1,29681233,47820,13:17:00,midday,46560.0,21.0
17,17,Hurontario,1,29681262,49080,13:38:00,midday,47820.0,21.0
17,17,Hurontario,1,29681204,50340,13:59:00,midday,49080.0,21.0
17,17,Hurontario,1,29681300,51540,14:19:00,midday,50340.0,20.0
17,17,Hurontario,1,29681197,52380,14:33:00,midday,51540.0,14.0
17,17,Hurontario,1,29681253,53220,14:47:00,midday,52380.0,14.0
17,17,Hurontario,1,29681280,54120,15:02:00,PM peak,53220.0,15.0
17,17,Hurontario,1,29681199,55020,15:17:00,PM peak,54120.0,15.0
17,17,Hurontario,1,29681202,55920,15:32:00,PM peak,55020.0,15.0
17,17,Hurontario,1,29681299,56820,15:47:00,PM peak,55920.0,15.0
17,17,Hurontario,1,29681192,57720,16:02:00,PM peak,56820.0,15.0
17,17,Hurontario,1,29681231,58620,16:17:00,PM peak,57720.0,15.0
17,17,Hurontario,1,29681261,59520,16:32:00,PM peak,58620.0,15.0
17,17,Hurontario,1,29681190,60420,16:47:00,PM peak,59520.0,15.0
17,17,Hurontario,1,29681205,61380,17:03:00,PM peak,60420.0,16.0
17,17,Hurontario,1,29681298,62340,17:19:00,PM peak,61380.0,16.0
17,17,Hurontario,1,29681191,63240,17:34:00,PM peak,62340.0,15.0
17,17,Hurontario,1,29681232,64140,17:49:00,PM peak,63240.0,15.0
17,17,Hurontario,1,29681264,64980,18:03:00,PM peak,64140.0,14.0
17,17,Hurontario,1,29681179,65820,18:17:00,PM peak,64980.0,14.0
17,17,Hurontario,1,29681206,66660,18:31:00,PM peak,65820.0,14.0
17,17,Hurontario,1,29681295,67500,18:45:00,PM peak,66660.0,14.0
17,17,Hurontario,1,29681180,68340,18:59:00,PM peak,67500.0,14.0
17,17,Hurontario,1,29681234,69180,19:13:00,evening,68340.0,14.0
17,17,Hurontario,1,29681278,70080,19:28:00,evening,69180.0,15.0
17,17,Hurontario,1,29681186,70980,19:43:00,evening,70080.0,15.0
17,17,Hurontario,1,29681207,71880,19:58:00,evening,70980.0,15.0
17,17,Hurontario,1,29681181,72780,20:13:00,evening,71880.0,15.0
17,17,Hurontario,1,29681252,73680,20:28:00,evening,72780.0,15.0
17,17,Hurontario,1,29681279,74580,20:43:00,evening,73680.0,15.0
17,17,Hurontario,1,29681177,75420,20:57:00,evening,74580.0,14.0
17,17,Hurontario,1,29681221,76260,21:11:00,evening,75420.0,14.0
17,17,Hurontario,1,29681187,77160,21:26:00,evening,76260.0,15.0
17,17,Hurontario,1,29681235,78060,21:41:00,evening,77160.0,15.0
17,17,Hurontario,1,29681265,78960,21:56:00,evening,78060.0,15.0
17,17,Hurontario,1,29681201,80400,22:20:00,late night,78960.0,24.0
17,17,Hurontario,1,29681236,82200,22:50:00,late night,80400.0,30.0
17,17,Hurontario,1,29681208,84000,23:20:00,late night,82200.0,30.0
17,17,Hurontario,1,29681229,85800,23:50:00,late night,84000.0,30.0
17,17,Hurontario,1,29681200,87600,24:20:00,late night,85800.0,30.0
17,17,Hurontario,1,29681237,89400,24:50:00,late night,87600.0,30.0
17,17,Hurontario,1,29681209,91200,25:20:00,late night,89400.0,30.0
17,17,Hurontario,1,29681238,93000,25:50:00,late night,91200.0,30.0
18,18,Derry,0,29681936,17940,04:59:00,early morning,17100.0,14.0
18,18,Derry,0,29681937,18780,05:13:00,early morning,17940.0,14.0
18,18,Derry,0,29681938,19620,05:27:00,early morning,18780.0,14.0
18,18,Derry,0,29681939,20460,05:41:00,early morning,19620.0,14.0
18,18,Derry,0,29681940,21180,05:53:00,early morning,20460.0,12.0
18,18,Derry,0,29681941,22020,06:07:00,AM peak,21180.0,14.0
18,18,Derry,0,29681942,22860,06:21:00,AM peak,22020.0,14.0
18,18,Derry,0,29681943,23760,06:36:00,AM peak,22860.0,15.0
18,18,Derry,0,29681944,24660,06:51:00,AM peak,23760.0,15.0
18,18,Derry,0,29681945,25620,07:07:00,AM peak,24660.0,16.0
18,18,Derry,0,29681946,26520,07:22:00,AM peak,25620.0,15.0
18,18,Derry,0,29681947,27420,07:37:00,AM peak,26520.0,15.0
18,18,Derry,0,29681948,28320,07:52:00,AM peak,27420.0,15.0
18,18,Derry,0,29681949,29220,08:07:00,AM peak,28320.0,15.0
18,18,Derry,0,29681950,30120,08:22:00,AM peak,29220.0,15.0
18,18,Derry,0,29681951,31020,08:37:00,AM peak,30120.0,15.0
18,18,Derry,0,29681952,31920,08:52:00,AM peak,31020.0,15.0
18,18,Derry,0,29681953,44400,12:20:00,midday,31920.0,208.0
18,18,Derry,0,29681954,45360,12:36:00,midday,44400.0,16.0
18,18,Derry,0,29681955,46320,12:52:00,midday,45360.0,16.0
18,18,Derry,0,29681956,47220,13:07:00,midday,46320.0,15.0
18,18,Derry,0,29681957,48120,13:22:00,midday,47220.0,15.0
18,18,Derry,0,29681958,49020,13:37:00,midday,48120.0,15.0
18,18,Derry,0,29681959,49920,13:52:00,midday,49020.0,15.0
18,18,Derry,0,29681960,50820,14:07:00,midday,49920.0,15.0
18,18,Derry,0,29681961,51720,14:22:00,midday,50820.0,15.0
18,18,Derry,0,29681962,52560,14:36:00,midday,51720.0,14.0
18,18,Derry,0,29681963,53400,14:50:00,midday,52560.0,14.0
18,18,Derry,0,29681964,54300,15:05:00,PM peak,53400.0,15.0
18,18,Derry,0,29681965,55200,15:20:00,PM peak,54300.0,15.0
18,18,Derry,0,29681966,56100,15:35:00,PM peak,55200.0,15.0
18,18,Derry,0,29681967,57000,15:50:00,PM peak,56100.0,15.0
18,18,Derry,0,29681968,57900,16:05:00,PM peak,57000.0,15.0
18,18,Derry,0,29681969,58800,16:20:00,PM peak,57900.0,15.0
18,18,Derry,0,29681970,59700,16:35:00,PM peak,58800.0,15.0
18,18,Derry,0,29681971,60600,16:50:00,PM peak,59700.0,15.0
18,18,Derry,0,29681972,61500,17:05:00,PM peak,60600.0,15.0
18,18,Derry,0,29681973,62400,17:20:00,PM peak,61500.0,15.0
18,18,Derry,0,29681974,63300,17:35:00,PM peak,62400.0,15.0
18,18,Derry,0,29681975,64200,17:50:00,PM peak,63300.0,15.0
18,18,Derry,0,29681976,65160,18:06:00,PM peak,64200.0,16.0
18,18,Derry,0,29681977,66120,18:22:00,PM peak,65160.0,16.0
18,18,Derry,0,29681978,66960,18:36:00,PM peak,66120.0,14.0
18,18,Derry,0,29681979,67800,18:50:00,PM peak,66960.0,14.0
18,18,Derry,1,29681981,21180,05:53:00,early morning,20280.0,15.0
18,18,Derry,1,29681982,22080,06:08:00,AM peak,21180.0,15.0
18,18,Derry,1,29681983,22920,06:22:00,AM peak,22080.0,14.0
18,18,Derry,1,29681984,23820,06:37:00,AM peak,22920.0,15.0
18,18,Derry,1,29681985,24720,06:52:00,AM peak,23820.0,15.0
18,18,Derry,1,29681986,25620,07:07:00,AM peak,24720.0,15.0
18,18,Derry,1,29681987,26520,07:22:00,AM peak,25620.0,15.0
18,18,Derry,1,29681988,27420,07:37:00,AM peak,26520.0,15.0
18,18,Derry,1,29681989,28320,07:52:00,AM peak,27420.0,15.0
18,18,Derry,1,29681990,29220,08:07:00,AM peak,28320.0,15.0
18,18,Derry,1,29681991,30120,08:22:00,AM peak,29220.0,15.0
18,18,Derry,1,29681992,31020,08:37:00,AM peak,30120.0,15.0
18,18,Derry,1,29681993,31920,08:52:00,AM peak,31020.0,15.0
18,18,Derry,1,29681994,32820,09:07:00,midday,31920.0,15.0
18,18,Derry,1,29681995,33720,09:22:00,midday,32820.0,15.0
18,18,Derry,1,29681996,34620,09:37:00,midday,33720.0,15.0
18,18,Derry,1,29681997,46380,12:53:00,midday,34620.0,196.0
18,18,Derry,1,29681998,47280,13:08:00,midday,46380.0,15.0
18,18,Derry,1,29681999,48180,13:23:00,midday,47280.0,15.0
18,18,Derry,1,29682000,49080,13:38:00,midday,48180.0,15.0
18,18,Derry,1,29682001,49980,13:53:00,midday,49080.0,15.0
18,18,Derry,1,29682002,50880,14:08:00,midday,49980.0,15.0
18,18,Derry,1,29682003,51780,14:23:00,midday,50880.0,15.0
18,18,Derry,1,29682004,52680,14:38:00,midday,51780.0,15.0
18,18,Derry,1,29682005,53580,14:53:00,midday,52680.0,15.0
18,18,Derry,1,29682006,54480,15:08:00,PM peak,53580.0,15.0
18,18,Derry,1,29682007,55380,15:23:00,PM peak,54480.0,15.0
18,18,Derry,1,29682008,56280,15:38:00,PM peak,55380.0,15.0
18,18,Derry,1,29682009,57180,15:53:00,PM peak,56280.0,15.0
18,18,Derry,1,29682010,58080,16:08:00,PM peak,57180.0,15.0
18,18,Derry,1,29682011,58980,16:23:00,PM peak,58080.0,15.0
18,18,Derry,1,29682012,59880,16:38:00,PM peak,58980.0,15.0
18,18,Derry,1,29682013,60780,16:53:00,PM peak,59880.0,15.0
18,18,Derry,1,29682014,61680,17:08:00,PM peak,60780.0,15.0
18,18,Derry,1,29682015,62580,17:23:00,PM peak,61680.0,15.0
18,18,Derry,1,29682016,63480,17:38:00,PM peak,62580.0,15.0
18,18,Derry,1,29682017,64380,17:53:00,PM peak,63480.0,15.0
18,18,Derry,1,29682018,65280,18:08:00,PM peak,64380.0,15.0
18,18,Derry,1,29682019,66180,18:23:00,PM peak,65280.0,15.0
18,18,Derry,1,29682020,67080,18:38:00,PM peak,66180.0,15.0
18,18,Derry,1,29682021,67980,18:53:00,PM peak,67080.0,15.0
18,18,Derry,1,29682022,68880,19:08:00,evening,67980.0,15.0
18,18,Derry,1,29682023,69780,19:23:00,evening,68880.0,15.0
18,18,Derry,1,29682024,70680,19:38:00,evening,69780.0,15.0
20,20,Rathburn,0,29681402,17940,04:59:00,early morning,16740.0,20.0
20,20,Rathburn,0,29681409,19140,05:19:00,early morning,17940.0,20.0
20,20,Rathburn,0,29681399,20460,05:41:00,early morning,19140.0,22.0
20,20,Rathburn,0,29681398,21780,06:03:00,AM peak,20460.0,22.0
20,20,Rathburn,0,29681382,23100,06:25:00,AM peak,21780.0,22.0
20,20,Rathburn,0,29681410,24420,06:47:00,AM peak,23100.0,22.0
20,20,Rathburn,0,29681385,25860,07:11:00,AM peak,24420.0,24.0
20,20,Rathburn,0,29681377,27300,07:35:00,AM peak,25860.0,24.0
20,20,Rathburn,0,29684107,28380,07:53:00,AM peak,27300.0,18.0
20,20,Rathburn,0,29681376,28800,08:00:00,AM peak,28380.0,7.0
20,20,Rathburn,0,29681405,30180,08:23:00,AM peak,28800.0,23.0
20,20,Rathburn,0,29681381,31620,08:47:00,AM peak,30180.0,24.0
20,20,Rathburn,0,29681374,33060,09:11:00,midday,31620.0,24.0
20,20,Rathburn,0,29681366,34500,09:35:00,midday,33060.0,24.0
20,20,Rathburn,0,29681407,35940,09:59:00,midday,34500.0,24.0
20,20,Rathburn,0,29681383,37380,10:23:00,midday,35940.0,24.0
20,20,Rathburn,0,29681349,38820,10:47:00,midday,37380.0,24.0
20,20,Rathburn,0,29681351,40260,11:11:00,midday,38820.0,24.0
20,20,Rathburn,0,29681406,41700,11:35:00,midday,40260.0,24.0
20,20,Rathburn,0,29681380,43140,11:59:00,midday,41700.0,24.0
20,20,Rathburn,0,29681352,44580,12:23:00,midday,43140.0,24.0
20,20,Rathburn,0,29681346,46020,12:47:00,midday,44580.0,24.0
20,20,Rathburn,0,29681408,47460,13:11:00,midday,46020.0,24.0
20,20,Rathburn,0,29681384,48960,13:36:00,midday,47460.0,25.0
20,20,Rathburn,0,29681353,50460,14:01:00,midday,48960.0,25.0
20,20,Rathburn,0,29684106,51420,14:17:00,midday,50460.0,16.0
20,20,Rathburn,0,29681342,51960,14:26:00,midday,51420.0,9.0
20,20,Rathburn,0,29681423,53460,14:51:00,midday,51960.0,25.0
20,20,Rathburn,0,29681345,54660,15:11:00,PM peak,53460.0,20.0
20,20,Rathburn,0,29681396,55860,15:31:00,PM peak,54660.0,20.0
20,20,Rathburn,0,29681354,57060,15:51:00,PM peak,55860.0,20.0
20,20,Rathburn,0,29681335,58380,16:13:00,PM peak,57060.0,22.0
20,20,Rathburn,0,29681411,59700,16:35:00,PM peak,58380.0,22.0
20,20,Rathburn,0,29681334,61020,16:57:00,PM peak,59700.0,22.0
20,20,Rathburn,0,29681386,62340,17:19:00,PM peak,61020.0,22.0
20,20,Rathburn,0,29681350,63660,17:41:00,PM peak,62340.0,22.0
20,20,Rathburn,0,29681336,64980,18:03:00,PM peak,63660.0,22.0
20,20,Rathburn,0,29681412,66180,18:23:00,PM peak,64980.0,20.0
20,20,Rathburn,0,29681332,67380,18:43:00,PM peak,66180.0,20.0
20,20,Rathburn,0,29681392,68460,19:01:00,evening,67380.0,18.0
20,20,Rathburn,0,29681369,69540,19:19:00,evening,68460.0,18.0
20,20,Rathburn,0,29681337,70620,19:37:00,evening,69540.0,18.0
20,20,Rathburn,0,29681329,72900,20:15:00,evening,70620.0,38.0
20,20,Rathburn,0,29681357,75300,20:55:00,evening,72900.0,40.0
20,20,Rathburn,0,29681327,77700,21:35:00,evening,75300.0,40.0
20,20,Rathburn,0,29681358,80100,22:15:00,late night,77700.0,40.0
20,20,Rathburn,0,29681325,82500,22:55:00,late night,80100.0,40.0
20,20,Rathburn,0,29681371,84900,23:35:00,late night,82500.0,40.0
20,20,Rathburn,0,29681324,87060,24:11:00,late night,84900.0,36.0
20,20,Rathburn,0,29681363,89220,24:47:00,late night,87060.0,36.0
20,20,Rathburn,1,29681403,18300,05:05:00,early morning,17100.0,20.0
20,20,Rathburn,1,29681401,19500,05:25:00,early morning,18300.0,20.0
20,20,Rathburn,1,29681400,20700,05:45:00,early morning,19500.0,20.0
20,20,Rathburn,1,29681421,21900,06:05:00,AM peak,20700.0,20.0
20,20,Rathburn,1,29681393,23220,06:27:00,AM peak,21900.0,22.0
20,20,Rathburn,1,29681379,24660,06:51:00,AM peak,23220.0,24.0
20,20,Rathburn,1,29681378,26100,07:15:00,AM peak,24660.0,24.0
20,20,Rathburn,1,29681414,27540,07:39:00,AM peak,26100.0,24.0
20,20,Rathburn,1,29681387,28980,08:03:00,AM peak,27540.0,24.0
20,20,Rathburn,1,29681375,30420,08:27:00,AM peak,28980.0,24.0
20,20,Rathburn,1,29681373,31860,08:51:00,AM peak,30420.0,24.0
20,20,Rathburn,1,29681413,33300,09:15:00,midday,31860.0,24.0
20,20,Rathburn,1,29681388,34740,09:39:00,midday,33300.0,24.0
20,20,Rathburn,1,29681368,36180,10:03:00,midday,34740.0,24.0
20,20,Rathburn,1,29681367,37620,10:27:00,midday,36180.0,24.0
20,20,Rathburn,1,29681415,39060,10:51:00,midday,37620.0,24.0
20,20,Rathburn,1,29681389,40500,11:15:00,midday,39060.0,24.0
20,20,Rathburn,1,29681356,41940,11:39:00,midday,40500.0,24.0
20,20,Rathburn,1,29681348,43380,12:03:00,midday,41940.0,24.0
20,20,Rathburn,1,29681416,44820,12:27:00,midday,43380.0,24.0
20,20,Rathburn,1,29681391,46260,12:51:00,midday,44820.0,24.0
20,20,Rathburn,1,29681359,47700,13:15:00,midday,46260.0,24.0
20,20,Rathburn,1,29681347,49140,13:39:00,midday,47700.0,24.0
20,20,Rathburn,1,29684108,50400,14:00:00,midday,49140.0,21.0
20,20,Rathburn,1,29681418,50460,14:01:00,midday,50400.0,1.0
20,20,Rathburn,1,29681344,51540,14:19:00,midday,50460.0,18.0
20,20,Rathburn,1,29681395,52620,14:37:00,midday,51540.0,18.0
20,20,Rathburn,1,29681355,53820,14:57:00,midday,52620.0,20.0
20,20,Rathburn,1,29681343,55140,15:19:00,PM peak,53820.0,22.0
20,20,Rathburn,1,29681419,56460,15:41:00,PM peak,55140.0,22.0
20,20,Rathburn,1,29681340,57780,16:03:00,PM peak,56460.0,22.0
20,20,Rathburn,1,29681390,59100,16:25:00,PM peak,57780.0,22.0
20,20,Rathburn,1,29681360,60420,16:47:00,PM peak,59100.0,22.0
20,20,Rathburn,1,29681341,61740,17:09:00,PM peak,60420.0,22.0
20,20,Rathburn,1,29681420,63060,17:31:00,PM peak,61740.0,22.0
20,20,Rathburn,1,29681333,64380,17:53:00,PM peak,63060.0,22.0
20,20,Rathburn,1,29681394,65580,18:13:00,PM peak,64380.0,20.0
20,20,Rathburn,1,29681362,66780,18:33:00,PM peak,65580.0,20.0
20,20,Rathburn,1,29681338,67980,18:53:00,PM peak,66780.0,20.0
20,20,Rathburn,1,29681422,69180,19:13:00,evening,67980.0,20.0
20,20,Rathburn,1,29681330,70260,19:31:00,evening,69180.0,18.0
20,20,Rathburn,1,29681397,71340,19:49:00,evening,70260.0,18.0
20,20,Rathburn,1,29681370,72420,20:07:00,evening,71340.0,18.0
20,20,Rathburn,1,29681339,73500,20:25:00,evening,72420.0,18.0
20,20,Rathburn,1,29681331,75420,20:57:00,evening,73500.0,32.0
20,20,Rathburn,1,29681361,77820,21:37:00,evening,75420.0,40.0
20,20,Rathburn,1,29681328,80220,22:17:00,late night,77820.0,40.0
20,20,Rathburn,1,29681365,82620,22:57:00,late night,80220.0,40.0
20,20,Rathburn,1,29681326,84900,23:35:00,late night,82620.0,38.0
20,20,Rathburn,1,29681364,87180,24:13:00,late night,84900.0,38.0
20,20,Rathburn,1,29681323,89220,24:47:00,late night,87180.0,34.0
20,20,Rathburn,1,29681372,91260,25:21:00,late night,89220.0,34.0
22,22,Finch,0,29893241,18060,05:01:00,early morning,15660.0,40.0
22,22,Finch,0,29893242,20520,05:42:00,early morning,18060.0,41.0
22,22,Finch,0,29893243,21780,06:03:00,AM peak,20520.0,21.0
22,22,Finch,0,29893244,23100,06:25:00,AM peak,21780.0,22.0
22,22,Finch,0,29893245,24480,06:48:00,AM peak,23100.0,23.0
22,22,Finch,0,29893246,25860,07:11:00,AM peak,24480.0,23.0
22,22,Finch,0,29893247,27300,07:35:00,AM peak,25860.0,24.0
22,22,Finch,0,29893248,28740,07:59:00,AM peak,27300.0,24.0
22,22,Finch,0,29893249,30240,08:24:00,AM peak,28740.0,25.0
22,22,Finch,0,29893250,31740,08:49:00,AM peak,30240.0,25.0
22,22,Finch,0,29893251,33240,09:14:00,midday,31740.0,25.0
22,22,Finch,0,29893252,34740,09:39:00,midday,33240.0,25.0
22,22,Finch,0,29893253,36180,10:03:00,midday,34740.0,24.0
22,22,Finch,0,29893254,37620,10:27:00,midday,36180.0,24.0
22,22,Finch,0,29893255,39060,10:51:00,midday,37620.0,24.0
22,22,Finch,0,29893256,40500,11:15:00,midday,39060.0,24.0
22,22,Finch,0,29893257,41940,11:39:00,midday,40500.0,24.0
22,22,Finch,0,29893258,43380,12:03:00,midday,41940.0,24.0
22,22,Finch,0,29893259,44880,12:28:00,midday,43380.0,25.0
22,22,Finch,0,29893260,46380,12:53:00,midday,44880.0,25.0
22,22,Finch,0,29893261,47880,13:18:00,midday,46380.0,25.0
22,22,Finch,0,29893262,49380,13:43:00,midday,47880.0,25.0
22,22,Finch,0,29893263,50940,14:09:00,midday,49380.0,26.0
22,22,Finch,0,29893264,52500,14:35:00,midday,50940.0,26.0
22,22,Finch,0,29893265,54060,15:01:00,PM peak,52500.0,26.0
22,22,Finch,0,29893266,55620,15:27:00,PM peak,54060.0,26.0
22,22,Finch,0,29893267,57240,15:54:00,PM peak,55620.0,27.0
22,22,Finch,0,29893268,58800,16:20:00,PM peak,57240.0,26.0
22,22,Finch,0,29893269,60420,16:47:00,PM peak,58800.0,27.0
22,22,Finch,0,29893270,62040,17:14:00,PM peak,60420.0,27.0
22,22,Finch,0,29893271,63660,17:41:00,PM peak,62040.0,27.0
22,22,Finch,0,29893272,65280,18:08:00,PM peak,63660.0,27.0
22,22,Finch,0,29893273,66900,18:35:00,PM peak,65280.0,27.0
22,22,Finch,0,29893274,68520,19:02:00,evening,66900.0,27.0
22,22,Finch,0,29893275,70080,19:28:00,evening,68520.0,26.0
22,22,Finch,0,29893276,72720,20:12:00,evening,70080.0,44.0
22,22,Finch,0,29893277,75360,20:56:00,evening,72720.0,44.0
22,22,Finch,0,29893278,78000,21:40:00,evening,75360.0,44.0
22,22,Finch,0,29893279,80640,22:24:00,late night,78000.0,44.0
22,22,Finch,0,29893280,83280,23:08:00,late night,80640.0,44.0
22,22,Finch,0,29893281,85920,23:52:00,late night,83280.0,44.0
22,22,Finch,0,29893282,88440,24:34:00,late night,85920.0,42.0
22,22,Finch,0,29893283,90780,25:13:00,late night,88440.0,39.0
22,22,Finch,1,29893197,18900,05:15:00,early morning,16380.0,42.0
22,22,Finch,1,29893198,21360,05:56:00,early morning,18900.0,41.0
22,22,Finch,1,29893199,22620,06:17:00,AM peak,21360.0,21.0
22,22,Finch,1,29893200,24000,06:40:00,AM peak,22620.0,23.0
22,22,Finch,1,29893201,25380,07:03:00,AM peak,24000.0,23.0
22,22,Finch,1,29893202,26820,07:27:00,AM peak,25380.0,24.0
22,22,Finch,1,29893203,28320,07:52:00,AM peak,26820.0,25.0
22,22,Finch,1,29893204,29760,08:16:00,AM peak,28320.0,24.0
22,22,Finch,1,29893205,31260,08:41:00,AM peak,29760.0,25.0
22,22,Finch,1,29893206,32760,09:06:00,midday,31260.0,25.0
22,22,Finch,1,29893207,34140,09:29:00,midday,32760.0,23.0
22,22,Finch,1,29893208,35640,09:54:00,midday,34140.0,25.0
22,22,Finch,1,29893209,37080,10:18:00,midday,35640.0,24.0
22,22,Finch,1,29893210,38520,10:42:00,midday,37080.0,24.0
22,22,Finch,1,29893211,39960,11:06:00,midday,38520.0,24.0
22,22,Finch,1,29893212,41400,11:30:00,midday,39960.0,24.0
22,22,Finch,1,29893213,42900,11:55:00,midday,41400.0,25.0
22,22,Finch,1,29893214,44340,12:19:00,midday,42900.0,24.0
22,22,Finch,1,29893215,45840,12:44:00,midday,44340.0,25.0
22,22,Finch,1,29893216,47340,13:09:00,midday,45840.0,25.0
22,22,Finch,1,29893217,48840,13:34:00,midday,47340.0,25.0
22,22,Finch,1,29893218,50400,14:00:00,midday,48840.0,26.0
22,22,Finch,1,29893219,51960,14:26:00,midday,50400.0,26.0
22,22,Finch,1,29893220,53520,14:52:00,midday,51960.0,26.0
22,22,Finch,1,29893221,55140,15:19:00,PM peak,53520.0,27.0
22,22,Finch,1,29893222,56700,15:45:00,PM peak,55140.0,26.0
22,22,Finch,1,29893223,58320,16:12:00,PM peak,56700.0,27.0
22,22,Finch,1,29893224,59940,16:39:00,PM peak,58320.0,27.0
22,22,Finch,1,29893225,61500,17:05:00,PM peak,59940.0,26.0
22,22,Finch,1,29893226,63120,17:32:00,PM peak,61500.0,27.0
22,22,Finch,1,29893227,64740,17:59:00,PM peak,63120.0,27.0
22,22,Finch,1,29893228,66300,18:25:00,PM peak,64740.0,26.0
22,22,Finch,1,29893229,67860,18:51:00,PM peak,66300.0,26.0
22,22,Finch,1,29893230,69360,19:16:00,evening,67860.0,25.0
22,22,Finch,1,29893231,70920,19:42:00,evening,69360.0,26.0
22,22,Finch,1,29893232,73560,20:26:00,evening,70920.0,44.0
22,22,Finch,1,29893233,76200,21:10:00,evening,73560.0,44.0
22,22,Finch,1,29893234,78840,21:54:00,evening,76200.0,44.0
22,22,Finch,1,29893235,81480,22:38:00,late night,78840.0,44.0
22,22,Finch,1,29893236,84060,23:21:00,late night,81480.0,43.0
22,22,Finch,1,29893237,86700,24:05:00,late night,84060.0,44.0
22,22,Finch,1,29893238,89160,24:46:00,late night,86700.0,41.0
22,22,Finch,1,29893239,91500,25:25:00,late night,89160.0,39.0
23,23,Lakeshore,0,29681473,16620,04:37:00,early morning,15600.0,17.0
23,23,Lakeshore,0,29681471,18000,05:00:00,early morning,16620.0,23.0
23,23,Lakeshore,0,29681469,19200,05:20:00,early morning,18000.0,20.0
23,23,Lakeshore,0,29681501,20400,05:40:00,early morning,19200.0,20.0
23,23,Lakeshore,0,29681474,21720,06:02:00,AM peak,20400.0,22.0
23,23,Lakeshore,0,29681467,23040,06:24:00,AM peak,21720.0,22.0
23,23,Lakeshore,0,29681442,24480,06:48:00,AM peak,23040.0,24.0
23,23,Lakeshore,0,29681502,25920,07:12:00,AM peak,24480.0,24.0
23,23,Lakeshore,0,29681475,27360,07:36:00,AM peak,25920.0,24.0
23,23,Lakeshore,0,29681440,28920,08:02:00,AM peak,27360.0,26.0
23,23,Lakeshore,0,29681439,30480,08:28:00,AM peak,28920.0,26.0
23,23,Lakeshore,0,29681503,32040,08:54:00,AM peak,30480.0,26.0
23,23,Lakeshore,0,29681476,33600,09:20:00,midday,32040.0,26.0
23,23,Lakeshore,0,29681443,35160,09:46:00,midday,33600.0,26.0
23,23,Lakeshore,0,29681436,36720,10:12:00,midday,35160.0,26.0
23,23,Lakeshore,0,29681505,38160,10:36:00,midday,36720.0,24.0
23,23,Lakeshore,0,29681472,39600,11:00:00,midday,38160.0,24.0
23,23,Lakeshore,0,29681441,41040,11:24:00,midday,39600.0,24.0
23,23,Lakeshore,0,29681434,42600,11:50:00,midday,41040.0,26.0
23,23,Lakeshore,0,29681518,44160,12:16:00,midday,42600.0,26.0
23,23,Lakeshore,0,29681481,45720,12:42:00,midday,44160.0,26.0
23,23,Lakeshore,0,29681445,47280,13:08:00,midday,45720.0,26.0
23,23,Lakeshore,0,29681432,48840,13:34:00,midday,47280.0,26.0
23,23,Lakeshore,0,29681507,50400,14:00:00,midday,48840.0,26.0
23,23,Lakeshore,0,29681485,51960,14:26:00,midday,50400.0,26.0
23,23,Lakeshore,0,29681447,53520,14:52:00,midday,51960.0,26.0
23,23,Lakeshore,0,29681431,55080,15:18:00,PM peak,53520.0,26.0
23,23,Lakeshore,0,29681506,56640,15:44:00,PM peak,55080.0,26.0
23,23,Lakeshore,0,29681483,58320,16:12:00,PM peak,56640.0,28.0
23,23,Lakeshore,0,29681446,60000,16:40:00,PM peak,58320.0,28.0
23,23,Lakeshore,0,29681429,61680,17:08:00,PM peak,60000.0,28.0
23,23,Lakeshore,0,29681508,63360,17:36:00,PM peak,61680.0,28.0
23,23,Lakeshore,0,29681486,65040,18:04:00,PM peak,63360.0,28.0
23,23,Lakeshore,0,29681444,66720,18:32:00,PM peak,65040.0,28.0
23,23,Lakeshore,0,29681426,68520,19:02:00,evening,66720.0,30.0
23,23,Lakeshore,0,29681484,70680,19:38:00,evening,68520.0,36.0
23,23,Lakeshore,0,29681448,72480,20:08:00,evening,70680.0,30.0
23,23,Lakeshore,0,29681425,74280,20:38:00,evening,72480.0,30.0
23,23,Lakeshore,0,29681487,76080,21:08:00,evening,74280.0,30.0
23,23,Lakeshore,0,29681449,78240,21:44:00,evening,76080.0,36.0
23,23,Lakeshore,0,29681479,80880,22:28:00,late night,78240.0,44.0
23,23,Lakeshore,0,29681450,83520,23:12:00,late night,80880.0,44.0
23,23,Lakeshore,0,29681477,85920,23:52:00,late night,83520.0,40.0
23,23,Lakeshore,0,29681451,88200,24:30:00,late night,85920.0,38.0
23,23,Lakeshore,0,29681478,90360,25:06:00,late night,88200.0,36.0
23,23,Lakeshore,0,29681452,92400,25:40:00,late night,90360.0,34.0
23,23,Lakeshore,0,29681500,94440,26:14:00,late night,92400.0,34.0
23,23,Lakeshore,1,29681480,18960,05:16:00,early morning,17520.0,24.0
23,23,Lakeshore,1,29681470,20640,05:44:00,early morning,18960.0,28.0
23,23,Lakeshore,1,29681468,21960,06:06:00,AM peak,20640.0,22.0
23,23,Lakeshore,1,29681514,23280,06:28:00,AM peak,21960.0,22.0
23,23,Lakeshore,1,29681492,24600,06:50:00,AM peak,23280.0,22.0
23,23,Lakeshore,1,29681457,26040,07:14:00,AM peak,24600.0,24.0
23,23,Lakeshore,1,29681453,27480,07:38:00,AM peak,26040.0,24.0
23,23,Lakeshore,1,29681511,28920,08:02:00,AM peak,27480.0,24.0
23,23,Lakeshore,1,29681489,30360,08:26:00,AM peak,28920.0,24.0
23,23,Lakeshore,1,29681454,31920,08:52:00,AM peak,30360.0,26.0
23,23,Lakeshore,1,29681437,33480,09:18:00,midday,31920.0,26.0
23,23,Lakeshore,1,29681512,35040,09:44:00,midday,33480.0,26.0
23,23,Lakeshore,1,29681490,36600,10:10:00,midday,35040.0,26.0
23,23,Lakeshore,1,29681455,38160,10:36:00,midday,36600.0,26.0
23,23,Lakeshore,1,29681438,39720,11:02:00,midday,38160.0,26.0
23,23,Lakeshore,1,29681513,41280,11:28:00,midday,39720.0,26.0
23,23,Lakeshore,1,29681493,42840,11:54:00,midday,41280.0,26.0
23,23,Lakeshore,1,29681458,44160,12:16:00,midday,42840.0,22.0
23,23,Lakeshore,1,29681435,45600,12:40:00,midday,44160.0,24.0
23,23,Lakeshore,1,29681510,47160,13:06:00,midday,45600.0,26.0
23,23,Lakeshore,1,29681491,48720,13:32:00,midday,47160.0,26.0
23,23,Lakeshore,1,29681456,50280,13:58:00,midday,48720.0,26.0
23,23,Lakeshore,1,29681433,51840,14:24:00,midday,50280.0,26.0
23,23,Lakeshore,1,29681515,53400,14:50:00,midday,51840.0,26.0
23,23,Lakeshore,1,29684123,53640,14:54:00,midday,53400.0,4.0
23,23,Lakeshore,1,29681488,54960,15:16:00,PM peak,53640.0,22.0
23,23,Lakeshore,1,29681459,56760,15:46:00,PM peak,54960.0,30.0
23,23,Lakeshore,1,29681430,58320,16:12:00,PM peak,56760.0,26.0
23,23,Lakeshore,1,29681516,60000,16:40:00,PM peak,58320.0,28.0
23,23,Lakeshore,1,29681494,61680,17:08:00,PM peak,60000.0,28.0
23,23,Lakeshore,1,29681460,63360,17:36:00,PM peak,61680.0,28.0
23,23,Lakeshore,1,29681427,64920,18:02:00,PM peak,63360.0,26.0
23,23,Lakeshore,1,29681517,66360,18:26:00,PM peak,64920.0,24.0
23,23,Lakeshore,1,29681495,68040,18:54:00,PM peak,66360.0,28.0
23,23,Lakeshore,1,29681461,69720,19:22:00,evening,68040.0,28.0
23,23,Lakeshore,1,29681428,71520,19:52:00,evening,69720.0,30.0
23,23,Lakeshore,1,29681496,73320,20:22:00,evening,71520.0,30.0
23,23,Lakeshore,1,29681464,75120,20:52:00,evening,73320.0,30.0
23,23,Lakeshore,1,29681424,76920,21:22:00,evening,75120.0,30.0
23,23,Lakeshore,1,29681499,78600,21:50:00,evening,76920.0,28.0
23,23,Lakeshore,1,29681462,81000,22:30:00,late night,78600.0,40.0
23,23,Lakeshore,1,29681497,83400,23:10:00,late night,81000.0,40.0
23,23,Lakeshore,1,29681463,85800,23:50:00,late night,83400.0,40.0
23,23,Lakeshore,1,29681498,88200,24:30:00,late night,85800.0,40.0
23,23,Lakeshore,1,29681466,90360,25:06:00,late night,88200.0,36.0
23,23,Lakeshore,1,29681482,92400,25:40:00,late night,90360.0,34.0
23,23,Lakeshore,1,29681465,94440,26:14:00,late night,92400.0,34.0
24,24,Northwest,0,29893444,21900,06:05:00,AM peak,20100.0,30.0
24,24,Northwest,0,29893445,24000,06:40:00,AM peak,21900.0,35.0
24,24,Northwest,0,29893446,26100,07:15:00,AM peak,24000.0,35.0
24,24,Northwest,0,29893447,28200,07:50:00,AM peak,26100.0,35.0
24,24,Northwest,0,29893448,30300,08:25:00,AM peak,28200.0,35.0
24,24,Northwest,0,29893449,32400,09:00:00,midday,30300.0,35.0
24,24,Northwest,0,29893450,34500,09:35:00,midday,32400.0,35.0
24,24,Northwest,0,29893451,36300,10:05:00,midday,34500.0,30.0
24,24,Northwest,0,29893453,53100,14:45:00,midday,51300.0,30.0
24,24,Northwest,0,29893454,55080,15:18:00,PM peak,53100.0,33.0
24,24,Northwest,0,29893455,57240,15:54:00,PM peak,55080.0,36.0
24,24,Northwest,0,29893456,59400,16:30:00,PM peak,57240.0,36.0
24,24,Northwest,0,29893457,61560,17:06:00,PM peak,59400.0,36.0
24,24,Northwest,0,29893458,63780,17:43:00,PM peak,61560.0,37.0
24,24,Northwest,0,29893459,65880,18:18:00,PM peak,63780.0,35.0
24,24,Northwest,1,29893461,18600,05:10:00,early morning,16800.0,30.0
24,24,Northwest,1,29893462,20880,05:48:00,early morning,18600.0,38.0
24,24,Northwest,1,29893463,22680,06:18:00,AM peak,20880.0,30.0
24,24,Northwest,1,29893464,24900,06:55:00,AM peak,22680.0,37.0
24,24,Northwest,1,29893465,26880,07:28:00,AM peak,24900.0,33.0
24,24,Northwest,1,29893466,29100,08:05:00,AM peak,26880.0,37.0
24,24,Northwest,1,29893467,31260,08:41:00,AM peak,29100.0,36.0
24,24,Northwest,1,29893468,33300,09:15:00,midday,31260.0,34.0
24,24,Northwest,1,29893469,35220,09:47:00,midday,33300.0,32.0
24,24,Northwest,1,29893470,48000,13:20:00,midday,35220.0,213.0
24,24,Northwest,1,29893471,50100,13:55:00,midday,48000.0,35.0
24,24,Northwest,1,29893472,52200,14:30:00,midday,50100.0,35.0
24,24,Northwest,1,29893473,54300,15:05:00,PM peak,52200.0,35.0
24,24,Northwest,1,29893474,56460,15:41:00,PM peak,54300.0,36.0
24,24,Northwest,1,29893475,58620,16:17:00,PM peak,56460.0,36.0
24,24,Northwest,1,29893476,60780,16:53:00,PM peak,58620.0,36.0
24,24,Northwest,1,29893477,62940,17:29:00,PM peak,60780.0,36.0
24,24,Northwest,1,29893478,65100,18:05:00,PM peak,62940.0,36.0
25,25,Traders Loop,0,29717905,22620,06:17:00,AM peak,21600.0,17.0
25,25,Traders Loop,0,29717906,23700,06:35:00,AM peak,22620.0,18.0
25,25,Traders Loop,0,29717907,25620,07:07:00,AM peak,23700.0,32.0
25,25,Traders Loop,0,29717908,26820,07:27:00,AM peak,25620.0,20.0
25,25,Traders Loop,0,29717909,28020,07:47:00,AM peak,26820.0,20.0
25,25,Traders Loop,0,29717910,29880,08:18:00,AM peak,28020.0,31.0
25,25,Traders Loop,0,29717911,31140,08:39:00,AM peak,29880.0,21.0
25,25,Traders Loop,0,29717912,32400,09:00:00,midday,31140.0,21.0
25,25,Traders Loop,0,29717914,50340,13:59:00,midday,49200.0,19.0
25,25,Traders Loop,0,29717915,51480,14:18:00,midday,50340.0,19.0
25,25,Traders Loop,0,29717916,53520,14:52:00,midday,51480.0,34.0
25,25,Traders Loop,0,29717917,54720,15:12:00,PM peak,53520.0,20.0
25,25,Traders Loop,0,29717918,55920,15:32:00,PM peak,54720.0,20.0
25,25,Traders Loop,0,29717919,57960,16:06:00,PM peak,55920.0,34.0
25,25,Traders Loop,0,29717920,59160,16:26:00,PM peak,57960.0,20.0
25,25,Traders Loop,0,29717921,60360,16:46:00,PM peak,59160.0,20.0
25,25,Traders Loop,0,29717922,62400,17:20:00,PM peak,60360.0,34.0
25,25,Traders Loop,0,29717923,63540,17:39:00,PM peak,62400.0,19.0
25,25,Traders Loop,0,29717924,64680,17:58:00,PM peak,63540.0,19.0
26,26,Burnhamthorpe,0,29682753,15600,04:20:00,early morning,15060.0,9.0
26,26,Burnhamthorpe,0,29682795,16500,04:35:00,early morning,15600.0,15.0
26,26,Burnhamthorpe,0,29682751,17940,04:59:00,early morning,16500.0,24.0
26,26,Burnhamthorpe,0,29682761,19260,05:21:00,early morning,17940.0,22.0
26,26,Burnhamthorpe,0,29682785,20580,05:43:00,early morning,19260.0,22.0
26,26,Burnhamthorpe,0,29682767,21900,06:05:00,AM peak,20580.0,22.0
26,26,Burnhamthorpe,0,29682780,22740,06:19:00,AM peak,21900.0,14.0
26,26,Burnhamthorpe,0,29682749,23580,06:33:00,AM peak,22740.0,14.0
26,26,Burnhamthorpe,0,29682755,24420,06:47:00,AM peak,23580.0,14.0
26,26,Burnhamthorpe,0,29682801,25260,07:01:00,AM peak,24420.0,14.0
26,26,Burnhamthorpe,0,29682752,26100,07:15:00,AM peak,25260.0,14.0
26,26,Burnhamthorpe,0,29682782,26940,07:29:00,AM peak,26100.0,14.0
26,26,Burnhamthorpe,0,29682736,27780,07:43:00,AM peak,26940.0,14.0
26,26,Burnhamthorpe,0,29682750,28620,07:57:00,AM peak,27780.0,14.0
26,26,Burnhamthorpe,0,29682773,29460,08:11:00,AM peak,28620.0,14.0
26,26,Burnhamthorpe,0,29682796,30360,08:26:00,AM peak,29460.0,15.0
26,26,Burnhamthorpe,0,29682762,31260,08:41:00,AM peak,30360.0,15.0
26,26,Burnhamthorpe,0,29682778,32160,08:56:00,AM peak,31260.0,15.0
26,26,Burnhamthorpe,0,29682775,33060,09:11:00,midday,32160.0,15.0
26,26,Burnhamthorpe,0,29682793,33960,09:26:00,midday,33060.0,15.0
26,26,Burnhamthorpe,0,29682776,34860,09:41:00,midday,33960.0,15.0
26,26,Burnhamthorpe,0,29682763,35760,09:56:00,midday,34860.0,15.0
26,26,Burnhamthorpe,0,29682781,36660,10:11:00,midday,35760.0,15.0
26,26,Burnhamthorpe,0,29682787,37560,10:26:00,midday,36660.0,15.0
26,26,Burnhamthorpe,0,29682774,38460,10:41:00,midday,37560.0,15.0
26,26,Burnhamthorpe,0,29682757,39360,10:56:00,midday,38460.0,15.0
26,26,Burnhamthorpe,0,29682803,40260,11:11:00,midday,39360.0,15.0
26,26,Burnhamthorpe,0,29682768,41160,11:26:00,midday,40260.0,15.0
26,26,Burnhamthorpe,0,29682769,42060,11:41:00,midday,41160.0,15.0
26,26,Burnhamthorpe,0,29682759,42960,11:56:00,midday,42060.0,15.0
26,26,Burnhamthorpe,0,29682772,43860,12:11:00,midday,42960.0,15.0
26,26,Burnhamthorpe,0,29682735,44760,12:26:00,midday,43860.0,15.0
26,26,Burnhamthorpe,0,29682784,45660,12:41:00,midday,44760.0,15.0
26,26,Burnhamthorpe,0,29682779,46560,12:56:00,midday,45660.0,15.0
26,26,Burnhamthorpe,0,29682741,47460,13:11:00,midday,46560.0,15.0
26,26,Burnhamthorpe,0,29682747,48300,13:25:00,midday,47460.0,14.0
26,26,Burnhamthorpe,0,29682777,49140,13:39:00,midday,48300.0,14.0
26,26,Burnhamthorpe,0,29682797,49980,13:53:00,midday,49140.0,14.0
26,26,Burnhamthorpe,0,29682734,50700,14:05:00,midday,49980.0,12.0
26,26,Burnhamthorpe,0,29682746,51420,14:17:00,midday,50700.0,12.0
26,26,Burnhamthorpe,0,29682798,52140,14:29:00,midday,51420.0,12.0
26,26,Burnhamthorpe,0,29682765,52860,14:41:00,midday,52140.0,12.0
26,26,Burnhamthorpe,0,29682790,53700,14:55:00,midday,52860.0,14.0
26,26,Burnhamthorpe,0,29682794,54540,15:09:00,PM peak,53700.0,14.0
26,26,Burnhamthorpe,0,29682791,55380,15:23:00,PM peak,54540.0,14.0
26,26,Burnhamthorpe,0,29682771,56220,15:37:00,PM peak,55380.0,14.0
26,26,Burnhamthorpe,0,29682866,57120,15:52:00,PM peak,56220.0,15.0
26,26,Burnhamthorpe,0,29682764,58020,16:07:00,PM peak,57120.0,15.0
26,26,Burnhamthorpe,0,29682843,58920,16:22:00,PM peak,58020.0,15.0
26,26,Burnhamthorpe,0,29682800,59820,16:37:00,PM peak,58920.0,15.0
26,26,Burnhamthorpe,0,29682818,60720,16:52:00,PM peak,59820.0,15.0
26,26,Burnhamthorpe,0,29682742,61620,17:07:00,PM peak,60720.0,15.0
26,26,Burnhamthorpe,0,29682822,62520,17:22:00,PM peak,61620.0,15.0
26,26,Burnhamthorpe,0,29682812,63420,17:37:00,PM peak,62520.0,15.0
26,26,Burnhamthorpe,0,29682865,64320,17:52:00,PM peak,63420.0,15.0
26,26,Burnhamthorpe,0,29682850,65160,18:06:00,PM peak,64320.0,14.0
26,26,Burnhamthorpe,0,29682864,66000,18:20:00,PM peak,65160.0,14.0
26,26,Burnhamthorpe,0,29682804,66840,18:34:00,PM peak,66000.0,14.0
26,26,Burnhamthorpe,0,29682849,67680,18:48:00,PM peak,66840.0,14.0
26,26,Burnhamthorpe,0,29682754,69120,19:12:00,evening,67680.0,24.0
26,26,Burnhamthorpe,0,29682821,70560,19:36:00,evening,69120.0,24.0
26,26,Burnhamthorpe,0,29682830,72000,20:00:00,evening,70560.0,24.0
26,26,Burnhamthorpe,0,29682858,73560,20:26:00,evening,72000.0,26.0
26,26,Burnhamthorpe,0,29682758,75120,20:52:00,evening,73560.0,26.0
26,26,Burnhamthorpe,0,29682744,76680,21:18:00,evening,75120.0,26.0
26,26,Burnhamthorpe,0,29682788,78240,21:44:00,evening,76680.0,26.0
26,26,Burnhamthorpe,0,29682819,80280,22:18:00,late night,78240.0,34.0
26,26,Burnhamthorpe,0,29682820,82320,22:52:00,late night,80280.0,34.0
26,26,Burnhamthorpe,0,29682828,84360,23:26:00,late night,82320.0,34.0
26,26,Burnhamthorpe,0,29682832,86280,23:58:00,late night,84360.0,32.0
26,26,Burnhamthorpe,0,29682740,88080,24:28:00,late night,86280.0,30.0
26,26,Burnhamthorpe,0,29682824,89880,24:58:00,late night,88080.0,30.0
26,26,Burnhamthorpe,0,29682855,91680,25:28:00,late night,89880.0,30.0
26,26,Burnhamthorpe,0,29682806,93480,25:58:00,late night,91680.0,30.0
26,26,Burnhamthorpe,1,29682786,15300,04:15:00,early morning,13980.0,22.0
26,26,Burnhamthorpe,1,29682802,16320,04:32:00,early morning,15300.0,17.0
26,26,Burnhamthorpe,1,29682799,16620,04:37:00,early morning,16320.0,5.0
26,26,Burnhamthorpe,1,29682813,17760,04:56:00,early morning,16620.0,19.0
26,26,Burnhamthorpe,1,29682739,17940,04:59:00,early morning,17760.0,3.0
26,26,Burnhamthorpe,1,29682783,19080,05:18:00,early morning,17940.0,19.0
26,26,Burnhamthorpe,1,29682743,20400,05:40:00,early morning,19080.0,22.0
26,26,Burnhamthorpe,1,29682834,21780,06:03:00,AM peak,20400.0,23.0
26,26,Burnhamthorpe,1,29682792,23160,06:26:00,AM peak,21780.0,23.0
26,26,Burnhamthorpe,1,29682860,23880,06:38:00,AM peak,23160.0,12.0
26,26,Burnhamthorpe,1,29682859,24720,06:52:00,AM peak,23880.0,14.0
26,26,Burnhamthorpe,1,29682823,25560,07:06:00,AM peak,24720.0,14.0
26,26,Burnhamthorpe,1,29682852,26400,07:20:00,AM peak,25560.0,14.0
26,26,Burnhamthorpe,1,29682805,27240,07:34:00,AM peak,26400.0,14.0
26,26,Burnhamthorpe,1,29682810,28080,07:48:00,AM peak,27240.0,14.0
26,26,Burnhamthorpe,1,29682833,28920,08:02:00,AM peak,28080.0,14.0
26,26,Burnhamthorpe,1,29682853,29760,08:16:00,AM peak,28920.0,14.0
26,26,Burnhamthorpe,1,29682835,30600,08:30:00,AM peak,29760.0,14.0
26,26,Burnhamthorpe,1,29682807,31500,08:45:00,AM peak,30600.0,15.0
26,26,Burnhamthorpe,1,29682815,32400,09:00:00,midday,31500.0,15.0
26,26,Burnhamthorpe,1,29682861,33300,09:15:00,midday,32400.0,15.0
26,26,Burnhamthorpe,1,29682857,34200,09:30:00,midday,33300.0,15.0
26,26,Burnhamthorpe,1,29682827,35100,09:45:00,midday,34200.0,15.0
26,26,Burnhamthorpe,1,29682826,36000,10:00:00,midday,35100.0,15.0
26,26,Burnhamthorpe,1,29682811,36900,10:15:00,midday,36000.0,15.0
26,26,Burnhamthorpe,1,29682809,37800,10:30:00,midday,36900.0,15.0
26,26,Burnhamthorpe,1,29682851,38700,10:45:00,midday,37800.0,15.0
26,26,Burnhamthorpe,1,29682836,39600,11:00:00,midday,38700.0,15.0
26,26,Burnhamthorpe,1,29682840,40500,11:15:00,midday,39600.0,15.0
26,26,Burnhamthorpe,1,29682867,41400,11:30:00,midday,40500.0,15.0
26,26,Burnhamthorpe,1,29682842,42300,11:45:00,midday,41400.0,15.0
26,26,Burnhamthorpe,1,29682846,43200,12:00:00,midday,42300.0,15.0
26,26,Burnhamthorpe,1,29682845,44100,12:15:00,midday,43200.0,15.0
26,26,Burnhamthorpe,1,29682745,45000,12:30:00,midday,44100.0,15.0
26,26,Burnhamthorpe,1,29682814,45900,12:45:00,midday,45000.0,15.0
26,26,Burnhamthorpe,1,29682841,46800,13:00:00,midday,45900.0,15.0
26,26,Burnhamthorpe,1,29682760,47700,13:15:00,midday,46800.0,15.0
26,26,Burnhamthorpe,1,29682825,48600,13:30:00,midday,47700.0,15.0
26,26,Burnhamthorpe,1,29682816,49500,13:45:00,midday,48600.0,15.0
26,26,Burnhamthorpe,1,29682856,50400,14:00:00,midday,49500.0,15.0
26,26,Burnhamthorpe,1,29682868,51300,14:15:00,midday,50400.0,15.0
26,26,Burnhamthorpe,1,29682847,52200,14:30:00,midday,51300.0,15.0
26,26,Burnhamthorpe,1,29682887,53040,14:44:00,midday,52200.0,14.0
26,26,Burnhamthorpe,1,29682770,53880,14:58:00,midday,53040.0,14.0
26,26,Burnhamthorpe,1,29682829,54720,15:12:00,PM peak,53880.0,14.0
26,26,Burnhamthorpe,1,29682873,55560,15:26:00,PM peak,54720.0,14.0
26,26,Burnhamthorpe,1,29682854,56400,15:40:00,PM peak,55560.0,14.0
26,26,Burnhamthorpe,1,29682884,57240,15:54:00,PM peak,56400.0,14.0
26,26,Burnhamthorpe,1,29682885,58080,16:08:00,PM peak,57240.0,14.0
26,26,Burnhamthorpe,1,29682839,58920,16:22:00,PM peak,58080.0,14.0
26,26,Burnhamthorpe,1,29682831,59760,16:36:00,PM peak,58920.0,14.0
26,26,Burnhamthorpe,1,29682748,60600,16:50:00,PM peak,59760.0,14.0
26,26,Burnhamthorpe,1,29682872,61500,17:05:00,PM peak,60600.0,15.0
26,26,Burnhamthorpe,1,29682837,62400,17:20:00,PM peak,61500.0,15.0
26,26,Burnhamthorpe,1,29682878,63300,17:35:00,PM peak,62400.0,15.0
26,26,Burnhamthorpe,1,29682848,64200,17:50:00,PM peak,63300.0,15.0
26,26,Burnhamthorpe,1,29682869,65100,18:05:00,PM peak,64200.0,15.0
26,26,Burnhamthorpe,1,29682862,66000,18:20:00,PM peak,65100.0,15.0
26,26,Burnhamthorpe,1,29682737,66900,18:35:00,PM peak,66000.0,15.0
26,26,Burnhamthorpe,1,29682838,67740,18:49:00,PM peak,66900.0,14.0
26,26,Burnhamthorpe,1,29682808,68580,19:03:00,evening,67740.0,14.0
26,26,Burnhamthorpe,1,29682883,69420,19:17:00,evening,68580.0,14.0
26,26,Burnhamthorpe,1,29682888,70260,19:31:00,evening,69420.0,14.0
26,26,Burnhamthorpe,1,29682876,71100,19:45:00,evening,70260.0,14.0
26,26,Burnhamthorpe,1,29682863,72300,20:05:00,evening,71100.0,20.0
26,26,Burnhamthorpe,1,29682874,73620,20:27:00,evening,72300.0,22.0
26,26,Burnhamthorpe,1,29682877,74940,20:49:00,evening,73620.0,22.0
26,26,Burnhamthorpe,1,29682817,76260,21:11:00,evening,74940.0,22.0
26,26,Burnhamthorpe,1,29682766,77700,21:35:00,evening,76260.0,24.0
26,26,Burnhamthorpe,1,29682844,79140,21:59:00,evening,77700.0,24.0
26,26,Burnhamthorpe,1,29682879,80700,22:25:00,late night,79140.0,26.0
26,26,Burnhamthorpe,1,29682880,82380,22:53:00,late night,80700.0,28.0
26,26,Burnhamthorpe,1,29682882,84300,23:25:00,late night,82380.0,32.0
26,26,Burnhamthorpe,1,29682789,86220,23:57:00,late night,84300.0,32.0
26,26,Burnhamthorpe,1,29682881,88140,24:29:00,late night,86220.0,32.0
26,26,Burnhamthorpe,1,29682889,90060,25:01:00,late night,88140.0,32.0
26,26,Burnhamthorpe,1,29682886,91860,25:31:00,late night,90060.0,30.0
26,26,Burnhamthorpe,1,29682871,93540,25:59:00,late night,91860.0,28.0
26,26,Burnhamthorpe,1,29682870,95100,26:25:00,late night,93540.0,26.0
26,26,Burnhamthorpe,1,29682875,96660,26:51:00,late night,95100.0,26.0
28,28,Confederation,0,29765018,18600,05:10:00,early morning,17700.0,15.0
28,28,Confederation,0,29765019,19560,05:26:00,early morning,18600.0,16.0
28,28,Confederation,0,29765020,20460,05:41:00,early morning,19560.0,15.0
28,28,Confederation,0,29765021,21360,05:56:00,early morning,20460.0,15.0
28,28,Confederation,0,29765022,22200,06:10:00,AM peak,21360.0,14.0
28,28,Confederation,0,29765023,23280,06:28:00,AM peak,22200.0,18.0
28,28,Confederation,0,29765024,24000,06:40:00,AM peak,23280.0,12.0
28,28,Confederation,0,29765025,25080,06:58:00,AM peak,24000.0,18.0
28,28,Confederation,0,29765026,26040,07:14:00,AM peak,25080.0,16.0
28,28,Confederation,0,29765027,26940,07:29:00,AM peak,26040.0,15.0
28,28,Confederation,0,29765028,27960,07:46:00,AM peak,26940.0,17.0
28,28,Confederation,0,29765029,28860,08:01:00,AM peak,27960.0,15.0
28,28,Confederation,0,29765030,29940,08:19:00,AM peak,28860.0,18.0
28,28,Confederation,0,29765031,30960,08:36:00,AM peak,29940.0,17.0
28,28,Confederation,0,29765032,31800,08:50:00,AM peak,30960.0,14.0
28,28,Confederation,0,29765033,32640,09:04:00,midday,31800.0,14.0
28,28,Confederation,0,29765034,33480,09:18:00,midday,32640.0,14.0
28,28,Confederation,0,29765035,34620,09:37:00,midday,33480.0,19.0
28,28,Confederation,0,29765036,35820,09:57:00,midday,34620.0,20.0
28,28,Confederation,0,29765037,37080,10:18:00,midday,35820.0,21.0
28,28,Confederation,0,29765038,38280,10:38:00,midday,37080.0,20.0
28,28,Confederation,0,29765039,39480,10:58:00,midday,38280.0,20.0
28,28,Confederation,0,29765040,40620,11:17:00,midday,39480.0,19.0
28,28,Confederation,0,29765041,41820,11:37:00,midday,40620.0,20.0
28,28,Confederation,0,29765042,43020,11:57:00,midday,41820.0,20.0
28,28,Confederation,0,29765043,44220,12:17:00,midday,43020.0,20.0
28,28,Confederation,0,29765044,45360,12:36:00,midday,44220.0,19.0
28,28,Confederation,0,29765045,46560,12:56:00,midday,45360.0,20.0
28,28,Confederation,0,29765046,47820,13:17:00,midday,46560.0,21.0
28,28,Confederation,0,29765047,49080,13:38:00,midday,47820.0,21.0
28,28,Confederation,0,29765048,50280,13:58:00,midday,49080.0,20.0
28,28,Confederation,0,29765049,51480,14:18:00,midday,50280.0,20.0
28,28,Confederation,0,29684120,51780,14:23:00,midday,51480.0,5.0
28,28,Confederation,0,29765050,52680,14:38:00,midday,51780.0,15.0
28,28,Confederation,0,29765051,53940,14:59:00,midday,52680.0,21.0
28,28,Confederation,0,29765052,55140,15:19:00,PM peak,53940.0,20.0
28,28,Confederation,0,29765053,56340,15:39:00,PM peak,55140.0,20.0
28,28,Confederation,0,29765054,57600,16:00:00,PM peak,56340.0,21.0
28,28,Confederation,0,29765055,58500,16:15:00,PM peak,57600.0,15.0
28,28,Confederation,0,29765056,59400,16:30:00,PM peak,58500.0,15.0
28,28,Confederation,0,29765057,60420,16:47:00,PM peak,59400.0,17.0
28,28,Confederation,0,29765058,61500,17:05:00,PM peak,60420.0,18.0
28,28,Confederation,0,29684149,62100,17:15:00,PM peak,61500.0,10.0
28,28,Confederation,0,29765059,62940,17:29:00,PM peak,62100.0,14.0
28,28,Confederation,0,29765060,63840,17:44:00,PM peak,62940.0,15.0
28,28,Confederation,0,29765061,64740,17:59:00,PM peak,63840.0,15.0
28,28,Confederation,0,29765062,65820,18:17:00,PM peak,64740.0,18.0
28,28,Confederation,0,29765063,66960,18:36:00,PM peak,65820.0,19.0
28,28,Confederation,0,29765064,67920,18:52:00,PM peak,66960.0,16.0
28,28,Confederation,0,29765065,69120,19:12:00,evening,67920.0,20.0
28,28,Confederation,0,29765066,70320,19:32:00,evening,69120.0,20.0
28,28,Confederation,0,29765067,71220,19:47:00,evening,70320.0,15.0
28,28,Confederation,0,29765068,72120,20:02:00,evening,71220.0,15.0
28,28,Confederation,0,29765069,73200,20:20:00,evening,72120.0,18.0
28,28,Confederation,0,29765070,74400,20:40:00,evening,73200.0,20.0
28,28,Confederation,0,29765071,75600,21:00:00,evening,74400.0,20.0
28,28,Confederation,0,29765072,76740,21:19:00,evening,75600.0,19.0
28,28,Confederation,0,29765073,78360,21:46:00,evening,76740.0,27.0
28,28,Confederation,0,29765074,79980,22:13:00,late night,78360.0,27.0
28,28,Confederation,0,29765075,81540,22:39:00,late night,79980.0,26.0
28,28,Confederation,0,29765076,83100,23:05:00,late night,81540.0,26.0
28,28,Confederation,0,29765077,84480,23:28:00,late night,83100.0,23.0
28,28,Confederation,0,29765078,85860,23:51:00,late night,84480.0,23.0
28,28,Confederation,0,29765079,87300,24:15:00,late night,85860.0,24.0
28,28,Confederation,1,29764956,19440,05:24:00,early morning,18600.0,14.0
28,28,Confederation,1,29764957,20280,05:38:00,early morning,19440.0,14.0
28,28,Confederation,1,29764958,21120,05:52:00,early morning,20280.0,14.0
28,28,Confederation,1,29764959,21840,06:04:00,AM peak,21120.0,12.0
28,28,Confederation,1,29764960,22560,06:16:00,AM peak,21840.0,12.0
28,28,Confederation,1,29764961,23520,06:32:00,AM peak,22560.0,16.0
28,28,Confederation,1,29764962,24420,06:47:00,AM peak,23520.0,15.0
28,28,Confederation,1,29764963,25320,07:02:00,AM peak,24420.0,15.0
28,28,Confederation,1,29764964,26160,07:16:00,AM peak,25320.0,14.0
28,28,Confederation,1,29764965,27000,07:30:00,AM peak,26160.0,14.0
28,28,Confederation,1,29684154,27060,07:31:00,AM peak,27000.0,1.0
28,28,Confederation,1,29764966,28020,07:47:00,AM peak,27060.0,16.0
28,28,Confederation,1,29684125,28800,08:00:00,AM peak,28020.0,13.0
28,28,Confederation,1,29764967,29040,08:04:00,AM peak,28800.0,4.0
28,28,Confederation,1,29764968,30000,08:20:00,AM peak,29040.0,16.0
28,28,Confederation,1,29764969,30900,08:35:00,AM peak,30000.0,15.0
28,28,Confederation,1,29764970,32100,08:55:00,AM peak,30900.0,20.0
28,28,Confederation,1,29764971,33300,09:15:00,midday,32100.0,20.0
28,28,Confederation,1,29764972,34500,09:35:00,midday,33300.0,20.0
28,28,Confederation,1,29764973,35700,09:55:00,midday,34500.0,20.0
28,28,Confederation,1,29764974,36900,10:15:00,midday,35700.0,20.0
28,28,Confederation,1,29764975,38100,10:35:00,midday,36900.0,20.0
28,28,Confederation,1,29764976,39300,10:55:00,midday,38100.0,20.0
28,28,Confederation,1,29764977,40500,11:15:00,midday,39300.0,20.0
28,28,Confederation,1,29764978,41700,11:35:00,midday,40500.0,20.0
28,28,Confederation,1,29764979,42900,11:55:00,midday,41700.0,20.0
28,28,Confederation,1,29764980,44100,12:15:00,midday,42900.0,20.0
28,28,Confederation,1,29764981,45300,12:35:00,midday,44100.0,20.0
28,28,Confederation,1,29764982,46500,12:55:00,midday,45300.0,20.0
28,28,Confederation,1,29764983,47700,13:15:00,midday,46500.0,20.0
28,28,Confederation,1,29764984,48900,13:35:00,midday,47700.0,20.0
28,28,Confederation,1,29764985,50100,13:55:00,midday,48900.0,20.0
28,28,Confederation,1,29764986,51300,14:15:00,midday,50100.0,20.0
28,28,Confederation,1,29764987,52500,14:35:00,midday,51300.0,20.0
28,28,Confederation,1,29764988,53700,14:55:00,midday,52500.0,20.0
28,28,Confederation,1,29764989,54900,15:15:00,PM peak,53700.0,20.0
28,28,Confederation,1,29764990,55800,15:30:00,PM peak,54900.0,15.0
28,28,Confederation,1,29764991,56760,15:46:00,PM peak,55800.0,16.0
28,28,Confederation,1,29764992,57840,16:04:00,PM peak,56760.0,18.0
28,28,Confederation,1,29764993,58920,16:22:00,PM peak,57840.0,18.0
28,28,Confederation,1,29764994,60000,16:40:00,PM peak,58920.0,18.0
28,28,Confederation,1,29764995,61080,16:58:00,PM peak,60000.0,18.0
28,28,Confederation,1,29764996,62160,17:16:00,PM peak,61080.0,18.0
28,28,Confederation,1,29764997,63240,17:34:00,PM peak,62160.0,18.0
28,28,Confederation,1,29764998,64320,17:52:00,PM peak,63240.0,18.0
28,28,Confederation,1,29764999,65520,18:12:00,PM peak,64320.0,20.0
28,28,Confederation,1,29765000,66480,18:28:00,PM peak,65520.0,16.0
28,28,Confederation,1,29765001,67560,18:46:00,PM peak,66480.0,18.0
28,28,Confederation,1,29765002,68640,19:04:00,evening,67560.0,18.0
28,28,Confederation,1,29765003,69720,19:22:00,evening,68640.0,18.0
28,28,Confederation,1,29765004,70800,19:40:00,evening,69720.0,18.0
28,28,Confederation,1,29765005,72000,20:00:00,evening,70800.0,20.0
28,28,Confederation,1,29765006,73200,20:20:00,evening,72000.0,20.0
28,28,Confederation,1,29765007,74400,20:40:00,evening,73200.0,20.0
28,28,Confederation,1,29765008,75600,21:00:00,evening,74400.0,20.0
28,28,Confederation,1,29765009,77280,21:28:00,evening,75600.0,28.0
28,28,Confederation,1,29765010,78960,21:56:00,evening,77280.0,28.0
28,28,Confederation,1,29765011,80520,22:22:00,late night,78960.0,26.0
28,28,Confederation,1,29765012,82080,22:48:00,late night,80520.0,26.0
28,28,Confederation,1,29765013,83520,23:12:00,late night,82080.0,24.0
28,28,Confederation,1,29765014,84960,23:36:00,late night,83520.0,24.0
28,28,Confederation,1,29765015,86280,23:58:00,late night,84960.0,22.0
28,28,Confederation,1,29765016,87600,24:20:00,late night,86280.0,22.0
29,29,Park Royal,0,29679845,16620,04:37:00,early morning,15480.0,19.0
29,29,Park Royal,0,29679878,17340,04:49:00,early morning,16620.0,12.0
29,29,Park Royal,0,29679846,18720,05:12:00,early morning,17340.0,23.0
29,29,Park Royal,0,29679847,20820,05:47:00,early morning,18720.0,35.0
29,29,Park Royal,0,29679848,22920,06:22:00,AM peak,20820.0,35.0
29,29,Park Royal,0,29679849,25140,06:59:00,AM peak,22920.0,37.0
29,29,Park Royal,0,29679850,27300,07:35:00,AM peak,25140.0,36.0
29,29,Park Royal,0,29679851,29580,08:13:00,AM peak,27300.0,38.0
29,29,Park Royal,0,29679852,31860,08:51:00,AM peak,29580.0,38.0
29,29,Park Royal,0,29679853,34140,09:29:00,midday,31860.0,38.0
29,29,Park Royal,0,29679854,36420,10:07:00,midday,34140.0,38.0
29,29,Park Royal,0,29679855,38700,10:45:00,midday,36420.0,38.0
29,29,Park Royal,0,29679856,40980,11:23:00,midday,38700.0,38.0
29,29,Park Royal,0,29679857,43260,12:01:00,midday,40980.0,38.0
29,29,Park Royal,0,29679858,45600,12:40:00,midday,43260.0,39.0
29,29,Park Royal,0,29679859,47820,13:17:00,midday,45600.0,37.0
29,29,Park Royal,0,29679860,50100,13:55:00,midday,47820.0,38.0
29,29,Park Royal,0,29684098,52080,14:28:00,midday,50100.0,33.0
29,29,Park Royal,0,29679861,52380,14:33:00,midday,52080.0,5.0
29,29,Park Royal,0,29679862,54660,15:11:00,PM peak,52380.0,38.0
29,29,Park Royal,0,29679863,57060,15:51:00,PM peak,54660.0,40.0
29,29,Park Royal,0,29679864,59460,16:31:00,PM peak,57060.0,40.0
29,29,Park Royal,0,29679865,61860,17:11:00,PM peak,59460.0,40.0
29,29,Park Royal,0,29679866,64260,17:51:00,PM peak,61860.0,40.0
29,29,Park Royal,0,29679867,66660,18:31:00,PM peak,64260.0,40.0
29,29,Park Royal,0,29679868,69060,19:11:00,evening,66660.0,40.0
29,29,Park Royal,0,29679869,71100,19:45:00,evening,69060.0,34.0
29,29,Park Royal,0,29679870,73140,20:19:00,evening,71100.0,34.0
29,29,Park Royal,0,29679871,76140,21:09:00,evening,73140.0,50.0
29,29,Park Royal,0,29679872,79140,21:59:00,evening,76140.0,50.0
29,29,Park Royal,0,29679873,82140,22:49:00,late night,79140.0,50.0
29,29,Park Royal,0,29679874,85140,23:39:00,late night,82140.0,50.0
29,29,Park Royal,0,29679875,88080,24:28:00,late night,85140.0,49.0
29,29,Park Royal,0,29679876,91020,25:17:00,late night,88080.0,49.0
29,29,Park Royal,1,29679880,17520,04:52:00,early morning,15600.0,32.0
29,29,Park Royal,1,29679881,19560,05:26:00,early morning,17520.0,34.0
29,29,Park Royal,1,29679882,21600,06:00:00,AM peak,19560.0,34.0
29,29,Park Royal,1,29679883,23760,06:36:00,AM peak,21600.0,36.0
29,29,Park Royal,1,29684097,25560,07:06:00,AM peak,23760.0,30.0
29,29,Park Royal,1,29679884,25920,07:12:00,AM peak,25560.0,6.0
29,29,Park Royal,1,29679885,28080,07:48:00,AM peak,25920.0,36.0
29,29,Park Royal,1,29679886,30360,08:26:00,AM peak,28080.0,38.0
29,29,Park Royal,1,29679887,32640,09:04:00,midday,30360.0,38.0
29,29,Park Royal,1,29679888,34920,09:42:00,midday,32640.0,38.0
29,29,Park Royal,1,29679889,37200,10:20:00,midday,34920.0,38.0
29,29,Park Royal,1,29679890,39480,10:58:00,midday,37200.0,38.0
29,29,Park Royal,1,29679891,41760,11:36:00,midday,39480.0,38.0
29,29,Park Royal,1,29679892,44040,12:14:00,midday,41760.0,38.0
29,29,Park Royal,1,29679893,46320,12:52:00,midday,44040.0,38.0
29,29,Park Royal,1,29679894,48600,13:30:00,midday,46320.0,38.0
29,29,Park Royal,1,29679895,50880,14:08:00,midday,48600.0,38.0
29,29,Park Royal,1,29679896,53160,14:46:00,midday,50880.0,38.0
29,29,Park Royal,1,29679897,55440,15:24:00,PM peak,53160.0,38.0
29,29,Park Royal,1,29679898,57840,16:04:00,PM peak,55440.0,40.0
29,29,Park Royal,1,29679899,60240,16:44:00,PM peak,57840.0,40.0
29,29,Park Royal,1,29679900,62640,17:24:00,PM peak,60240.0,40.0
29,29,Park Royal,1,29679901,65040,18:04:00,PM peak,62640.0,40.0
29,29,Park Royal,1,29679902,67320,18:42:00,PM peak,65040.0,38.0
29,29,Park Royal,1,29679903,69600,19:20:00,evening,67320.0,38.0
29,29,Park Royal,1,29679904,72600,20:10:00,evening,69600.0,50.0
29,29,Park Royal,1,29679905,75660,21:01:00,evening,72600.0,51.0
29,29,Park Royal,1,29679906,78720,21:52:00,evening,75660.0,51.0
29,29,Park Royal,1,29679907,81780,22:43:00,late night,78720.0,51.0
29,29,Park Royal,1,29679908,84840,23:34:00,late night,81780.0,51.0
29,29,Park Royal,1,29679909,87900,24:25:00,late night,84840.0,51.0
29,29,Park Royal,1,29679910,90960,25:16:00,late night,87900.0,51.0
30,30,Rexdale,0,29893307,19440,05:24:00,early morning,16200.0,54.0
30,30,Rexdale,0,29893716,21540,05:59:00,early morning,19440.0,35.0
30,30,Rexdale,0,29893308,22440,06:14:00,AM peak,21540.0,15.0
30,30,Rexdale,0,29893717,23700,06:35:00,AM peak,22440.0,21.0
30,30,Rexdale,0,29893309,25320,07:02:00,AM peak,23700.0,27.0
30,30,Rexdale,0,29893718,27240,07:34:00,AM peak,25320.0,32.0
30,30,Rexdale,0,29893310,28740,07:59:00,AM peak,27240.0,25.0
30,30,Rexdale,0,29893719,30840,08:34:00,AM peak,28740.0,35.0
30,30,Rexdale,0,29893311,32100,08:55:00,AM peak,30840.0,21.0
30,30,Rexdale,0,29893312,35460,09:51:00,midday,32100.0,56.0
30,30,Rexdale,0,29893313,38760,10:46:00,midday,35460.0,55.0
30,30,Rexdale,0,29893314,42060,11:41:00,midday,38760.0,55.0
30,30,Rexdale,0,29893315,45360,12:36:00,midday,42060.0,55.0
30,30,Rexdale,0,29893316,48660,13:31:00,midday,45360.0,55.0
30,30,Rexdale,0,29893317,51960,14:26:00,midday,48660.0,55.0
30,30,Rexdale,0,29893318,55440,15:24:00,PM peak,51960.0,58.0
30,30,Rexdale,0,29893319,58920,16:22:00,PM peak,55440.0,58.0
30,30,Rexdale,0,29893320,62400,17:20:00,PM peak,58920.0,58.0
30,30,Rexdale,0,29893321,65880,18:18:00,PM peak,62400.0,58.0
30,30,Rexdale,0,29893322,69360,19:16:00,evening,65880.0,58.0
30,30,Rexdale,0,29893323,72840,20:14:00,evening,69360.0,58.0
30,30,Rexdale,0,29893324,75840,21:04:00,evening,72840.0,50.0
30,30,Rexdale,0,29893325,78840,21:54:00,evening,75840.0,50.0
30,30,Rexdale,0,29893326,81840,22:44:00,late night,78840.0,50.0
30,30,Rexdale,0,29893327,84840,23:34:00,late night,81840.0,50.0
30,30,Rexdale,1,29893285,22440,06:14:00,AM peak,19140.0,55.0
30,30,Rexdale,1,29893286,25740,07:09:00,AM peak,22440.0,55.0
30,30,Rexdale,1,29893287,29040,08:04:00,AM peak,25740.0,55.0
30,30,Rexdale,1,29893288,32340,08:59:00,AM peak,29040.0,55.0
30,30,Rexdale,1,29893289,35640,09:54:00,midday,32340.0,55.0
30,30,Rexdale,1,29893290,38940,10:49:00,midday,35640.0,55.0
30,30,Rexdale,1,29893291,42240,11:44:00,midday,38940.0,55.0
30,30,Rexdale,1,29893292,45540,12:39:00,midday,42240.0,55.0
30,30,Rexdale,1,29893293,48840,13:34:00,midday,45540.0,55.0
30,30,Rexdale,1,29893294,52140,14:29:00,midday,48840.0,55.0
30,30,Rexdale,1,29893295,55380,15:23:00,PM peak,52140.0,54.0
30,30,Rexdale,1,29893296,58920,16:22:00,PM peak,55380.0,59.0
30,30,Rexdale,1,29893297,62400,17:20:00,PM peak,58920.0,58.0
30,30,Rexdale,1,29893298,65940,18:19:00,PM peak,62400.0,59.0
30,30,Rexdale,1,29893299,69480,19:18:00,evening,65940.0,59.0
30,30,Rexdale,1,29893300,73020,20:17:00,evening,69480.0,59.0
30,30,Rexdale,1,29893301,75960,21:06:00,evening,73020.0,49.0
30,30,Rexdale,1,29893302,78960,21:56:00,evening,75960.0,50.0
30,30,Rexdale,1,29893303,81960,22:46:00,late night,78960.0,50.0
30,30,Rexdale,1,29893304,84840,23:34:00,late night,81960.0,48.0
30,30,Rexdale,1,29893305,87720,24:22:00,late night,84840.0,48.0
31,31,Ogden,0,29717980,16080,04:28:00,early morning,14400.0,28.0
31,31,Ogden,0,29717981,17760,04:56:00,early morning,16080.0,28.0
31,31,Ogden,0,29717982,19560,05:26:00,early morning,17760.0,30.0
31,31,Ogden,0,29717983,21540,05:59:00,early morning,19560.0,33.0
31,31,Ogden,0,29717984,23400,06:30:00,AM peak,21540.0,31.0
31,31,Ogden,0,29717985,25320,07:02:00,AM peak,23400.0,32.0
31,31,Ogden,0,29717986,27000,07:30:00,AM peak,25320.0,28.0
31,31,Ogden,0,29717987,28080,07:48:00,AM peak,27000.0,18.0
31,31,Ogden,0,29717988,28980,08:03:00,AM peak,28080.0,15.0
31,31,Ogden,0,29717989,30720,08:32:00,AM peak,28980.0,29.0
31,31,Ogden,0,29717990,31680,08:48:00,AM peak,30720.0,16.0
31,31,Ogden,0,29717991,33120,09:12:00,midday,31680.0,24.0
31,31,Ogden,0,29717992,34380,09:33:00,midday,33120.0,21.0
31,31,Ogden,0,29717993,36420,10:07:00,midday,34380.0,34.0
31,31,Ogden,0,29717994,38520,10:42:00,midday,36420.0,35.0
31,31,Ogden,0,29717995,40380,11:13:00,midday,38520.0,31.0
31,31,Ogden,0,29717996,42180,11:43:00,midday,40380.0,30.0
31,31,Ogden,0,29717997,43920,12:12:00,midday,42180.0,29.0
31,31,Ogden,0,29717998,45720,12:42:00,midday,43920.0,30.0
31,31,Ogden,0,29717999,47640,13:14:00,midday,45720.0,32.0
31,31,Ogden,0,29718000,49440,13:44:00,midday,47640.0,30.0
31,31,Ogden,0,29718001,51240,14:14:00,midday,49440.0,30.0
31,31,Ogden,0,29718002,53040,14:44:00,midday,51240.0,30.0
31,31,Ogden,0,29718003,54840,15:14:00,PM peak,53040.0,30.0
31,31,Ogden,0,29718204,56040,15:34:00,PM peak,54840.0,20.0
31,31,Ogden,0,29718205,56940,15:49:00,PM peak,56040.0,15.0
31,31,Ogden,0,29718206,58260,16:11:00,PM peak,56940.0,22.0
31,31,Ogden,0,29718207,59580,16:33:00,PM peak,58260.0,22.0
31,31,Ogden,0,29718208,60720,16:52:00,PM peak,59580.0,19.0
31,31,Ogden,0,29718209,61860,17:11:00,PM peak,60720.0,19.0
31,31,Ogden,0,29718210,63180,17:33:00,PM peak,61860.0,22.0
31,31,Ogden,0,29718211,64260,17:51:00,PM peak,63180.0,18.0
31,31,Ogden,0,29718212,65340,18:09:00,PM peak,64260.0,18.0
31,31,Ogden,0,29718213,66600,18:30:00,PM peak,65340.0,21.0
31,31,Ogden,0,29718214,67860,18:51:00,PM peak,66600.0,21.0
31,31,Ogden,0,29718215,69360,19:16:00,evening,67860.0,25.0
31,31,Ogden,0,29718216,71100,19:45:00,evening,69360.0,29.0
31,31,Ogden,0,29718217,72900,20:15:00,evening,71100.0,30.0
31,31,Ogden,0,29718218,74700,20:45:00,evening,72900.0,30.0
31,31,Ogden,0,29718219,76500,21:15:00,evening,74700.0,30.0
31,31,Ogden,0,29718220,78300,21:45:00,evening,76500.0,30.0
31,31,Ogden,0,29718221,80100,22:15:00,late night,78300.0,30.0
31,31,Ogden,0,29718222,81900,22:45:00,late night,80100.0,30.0
31,31,Ogden,0,29718223,83700,23:15:00,late night,81900.0,30.0
31,31,Ogden,0,29718224,85500,23:45:00,late night,83700.0,30.0
31,31,Ogden,0,29718225,87300,24:15:00,late night,85500.0,30.0
31,31,Ogden,0,29718226,89100,24:45:00,late night,87300.0,30.0
31,31,Ogden,0,29718227,90900,25:15:00,late night,89100.0,30.0
31,31,Ogden,0,29718228,92700,25:45:00,late night,90900.0,30.0
31,31,Ogden,1,29717930,16320,04:32:00,early morning,14700.0,27.0
31,31,Ogden,1,29717931,18120,05:02:00,early morning,16320.0,30.0
31,31,Ogden,1,29717932,20100,05:35:00,early morning,18120.0,33.0
31,31,Ogden,1,29717933,21900,06:05:00,AM peak,20100.0,30.0
31,31,Ogden,1,29717934,23820,06:37:00,AM peak,21900.0,32.0
31,31,Ogden,1,29717935,25380,07:03:00,AM peak,23820.0,26.0
31,31,Ogden,1,29717936,26460,07:21:00,AM peak,25380.0,18.0
31,31,Ogden,1,29717937,27360,07:36:00,AM peak,26460.0,15.0
31,31,Ogden,1,29717938,29100,08:05:00,AM peak,27360.0,29.0
31,31,Ogden,1,29717939,30120,08:22:00,AM peak,29100.0,17.0
31,31,Ogden,1,29717940,31560,08:46:00,AM peak,30120.0,24.0
31,31,Ogden,1,29717941,32880,09:08:00,midday,31560.0,22.0
31,31,Ogden,1,29717942,34980,09:43:00,midday,32880.0,35.0
31,31,Ogden,1,29717943,37080,10:18:00,midday,34980.0,35.0
31,31,Ogden,1,29717944,38880,10:48:00,midday,37080.0,30.0
31,31,Ogden,1,29717945,40680,11:18:00,midday,38880.0,30.0
31,31,Ogden,1,29717946,42480,11:48:00,midday,40680.0,30.0
31,31,Ogden,1,29717947,44280,12:18:00,midday,42480.0,30.0
31,31,Ogden,1,29717948,46200,12:50:00,midday,44280.0,32.0
31,31,Ogden,1,29717949,48000,13:20:00,midday,46200.0,30.0
31,31,Ogden,1,29717950,49740,13:49:00,midday,48000.0,29.0
31,31,Ogden,1,29717951,51480,14:18:00,midday,49740.0,29.0
31,31,Ogden,1,29717952,53280,14:48:00,midday,51480.0,30.0
31,31,Ogden,1,29717953,54480,15:08:00,PM peak,53280.0,20.0
31,31,Ogden,1,29717954,55380,15:23:00,PM peak,54480.0,15.0
31,31,Ogden,1,29717955,56700,15:45:00,PM peak,55380.0,22.0
31,31,Ogden,1,29717956,57960,16:06:00,PM peak,56700.0,21.0
31,31,Ogden,1,29717957,59100,16:25:00,PM peak,57960.0,19.0
31,31,Ogden,1,29717958,60240,16:44:00,PM peak,59100.0,19.0
31,31,Ogden,1,29717959,61620,17:07:00,PM peak,60240.0,23.0
31,31,Ogden,1,29717960,62700,17:25:00,PM peak,61620.0,18.0
31,31,Ogden,1,29717961,63780,17:43:00,PM peak,62700.0,18.0
31,31,Ogden,1,29717962,65040,18:04:00,PM peak,63780.0,21.0
31,31,Ogden,1,29717963,66300,18:25:00,PM peak,65040.0,21.0
31,31,Ogden,1,29717964,67860,18:51:00,PM peak,66300.0,26.0
31,31,Ogden,1,29717965,69660,19:21:00,evening,67860.0,30.0
31,31,Ogden,1,29717966,71520,19:52:00,evening,69660.0,31.0
31,31,Ogden,1,29717967,73320,20:22:00,evening,71520.0,30.0
31,31,Ogden,1,29717968,75180,20:53:00,evening,73320.0,31.0
31,31,Ogden,1,29717969,76980,21:23:00,evening,75180.0,30.0
31,31,Ogden,1,29717970,78780,21:53:00,evening,76980.0,30.0
31,31,Ogden,1,29717971,80580,22:23:00,late night,78780.0,30.0
31,31,Ogden,1,29717972,82380,22:53:00,late night,80580.0,30.0
31,31,Ogden,1,29717973,84180,23:23:00,late night,82380.0,30.0
31,31,Ogden,1,29717974,86040,23:54:00,late night,84180.0,31.0
31,31,Ogden,1,29717975,87840,24:24:00,late night,86040.0,30.0
31,31,Ogden,1,29717976,89640,24:54:00,late night,87840.0,30.0
31,31,Ogden,1,29717977,91500,25:25:00,late night,89640.0,31.0
31,31,Ogden,1,29717978,93120,25:52:00,late night,91500.0,27.0
35,35,Eglinton,0,29718244,14100,03:55:00,early morning,12600.0,25.0
35,35,Eglinton,0,29718245,15300,04:15:00,early morning,14100.0,20.0
35,35,Eglinton,0,29718246,16500,04:35:00,early morning,15300.0,20.0
35,35,Eglinton,0,29718247,17880,04:58:00,early morning,16500.0,23.0
35,35,Eglinton,0,29718248,18660,05:11:00,early morning,17880.0,13.0
35,35,Eglinton,0,29718249,19500,05:25:00,early morning,18660.0,14.0
35,35,Eglinton,0,29718250,20280,05:38:00,early morning,19500.0,13.0
35,35,Eglinton,0,29718251,21060,05:51:00,early morning,20280.0,13.0
35,35,Eglinton,0,29718252,21840,06:04:00,AM peak,21060.0,13.0
35,35,Eglinton,0,29718253,22800,06:20:00,AM peak,21840.0,16.0
35,35,Eglinton,0,29718254,23640,06:34:00,AM peak,22800.0,14.0
35,35,Eglinton,0,29718255,24360,06:46:00,AM peak,23640.0,12.0
35,35,Eglinton,0,29718256,25200,07:00:00,AM peak,24360.0,14.0
35,35,Eglinton,0,29718257,26100,07:15:00,AM peak,25200.0,15.0
35,35,Eglinton,0,29718258,27000,07:30:00,AM peak,26100.0,15.0
35,35,Eglinton,0,29718259,27960,07:46:00,AM peak,27000.0,16.0
35,35,Eglinton,0,29718260,28800,08:00:00,AM peak,27960.0,14.0
35,35,Eglinton,0,29718261,29760,08:16:00,AM peak,28800.0,16.0
35,35,Eglinton,0,29718262,30780,08:33:00,AM peak,29760.0,17.0
35,35,Eglinton,0,29718263,31680,08:48:00,AM peak,30780.0,15.0
35,35,Eglinton,0,29718264,32400,09:00:00,midday,31680.0,12.0
35,35,Eglinton,0,29718265,33300,09:15:00,midday,32400.0,15.0
35,35,Eglinton,0,29718266,34200,09:30:00,midday,33300.0,15.0
35,35,Eglinton,0,29718267,35100,09:45:00,midday,34200.0,15.0
35,35,Eglinton,0,29718268,36000,10:00:00,midday,35100.0,15.0
35,35,Eglinton,0,29718269,36900,10:15:00,midday,36000.0,15.0
35,35,Eglinton,0,29718270,37800,10:30:00,midday,36900.0,15.0
35,35,Eglinton,0,29718271,38700,10:45:00,midday,37800.0,15.0
35,35,Eglinton,0,29718272,39600,11:00:00,midday,38700.0,15.0
35,35,Eglinton,0,29718273,40500,11:15:00,midday,39600.0,15.0
35,35,Eglinton,0,29718274,41400,11:30:00,midday,40500.0,15.0
35,35,Eglinton,0,29718275,42300,11:45:00,midday,41400.0,15.0
35,35,Eglinton,0,29718276,43200,12:00:00,midday,42300.0,15.0
35,35,Eglinton,0,29718277,44100,12:15:00,midday,43200.0,15.0
35,35,Eglinton,0,29718278,45000,12:30:00,midday,44100.0,15.0
35,35,Eglinton,0,29718279,45900,12:45:00,midday,45000.0,15.0
35,35,Eglinton,0,29718280,46800,13:00:00,midday,45900.0,15.0
35,35,Eglinton,0,29718281,47700,13:15:00,midday,46800.0,15.0
35,35,Eglinton,0,29718282,48300,13:25:00,midday,47700.0,10.0
35,35,Eglinton,0,29718283,48900,13:35:00,midday,48300.0,10.0
35,35,Eglinton,0,29718284,49620,13:47:00,midday,48900.0,12.0
35,35,Eglinton,0,29718285,50400,14:00:00,midday,49620.0,13.0
35,35,Eglinton,0,29718286,51360,14:16:00,midday,50400.0,16.0
35,35,Eglinton,0,29718287,52200,14:30:00,midday,51360.0,14.0
35,35,Eglinton,0,29718288,53100,14:45:00,midday,52200.0,15.0
35,35,Eglinton,0,29718289,54000,15:00:00,PM peak,53100.0,15.0
35,35,Eglinton,0,29718290,54900,15:15:00,PM peak,54000.0,15.0
35,35,Eglinton,0,29718291,55800,15:30:00,PM peak,54900.0,15.0
35,35,Eglinton,0,29718292,56700,15:45:00,PM peak,55800.0,15.0
35,35,Eglinton,0,29718293,57600,16:00:00,PM peak,56700.0,15.0
35,35,Eglinton,0,29718294,58500,16:15:00,PM peak,57600.0,15.0
35,35,Eglinton,0,29718295,59400,16:30:00,PM peak,58500.0,15.0
35,35,Eglinton,0,29718296,60300,16:45:00,PM peak,59400.0,15.0
35,35,Eglinton,0,29718297,61200,17:00:00,PM peak,60300.0,15.0
35,35,Eglinton,0,29718298,62100,17:15:00,PM peak,61200.0,15.0
35,35,Eglinton,0,29718299,63000,17:30:00,PM peak,62100.0,15.0
35,35,Eglinton,0,29718300,63900,17:45:00,PM peak,63000.0,15.0
35,35,Eglinton,0,29718301,64980,18:03:00,PM peak,63900.0,18.0
35,35,Eglinton,0,29718302,65820,18:17:00,PM peak,64980.0,14.0
35,35,Eglinton,0,29718303,66600,18:30:00,PM peak,65820.0,13.0
35,35,Eglinton,0,29718504,67500,18:45:00,PM peak,66600.0,15.0
35,35,Eglinton,0,29718505,68400,19:00:00,evening,67500.0,15.0
35,35,Eglinton,0,29718506,69300,19:15:00,evening,68400.0,15.0
35,35,Eglinton,0,29718507,70200,19:30:00,evening,69300.0,15.0
35,35,Eglinton,0,29718508,71100,19:45:00,evening,70200.0,15.0
35,35,Eglinton,0,29718509,72000,20:00:00,evening,71100.0,15.0
35,35,Eglinton,0,29718510,72900,20:15:00,evening,72000.0,15.0
35,35,Eglinton,0,29718511,73800,20:30:00,evening,72900.0,15.0
35,35,Eglinton,0,29718512,74700,20:45:00,evening,73800.0,15.0
35,35,Eglinton,0,29718513,75900,21:05:00,evening,74700.0,20.0
35,35,Eglinton,0,29718514,77100,21:25:00,evening,75900.0,20.0
35,35,Eglinton,0,29718515,78900,21:55:00,evening,77100.0,30.0
35,35,Eglinton,0,29718516,80700,22:25:00,late night,78900.0,30.0
35,35,Eglinton,0,29718517,82620,22:57:00,late night,80700.0,32.0
35,35,Eglinton,0,29718518,84540,23:29:00,late night,82620.0,32.0
35,35,Eglinton,0,29718519,86460,24:01:00,late night,84540.0,32.0
35,35,Eglinton,0,29718520,88500,24:35:00,late night,86460.0,34.0
35,35,Eglinton,0,29718521,90600,25:10:00,late night,88500.0,35.0
35,35,Eglinton,1,29718523,16080,04:28:00,early morning,15000.0,18.0
35,35,Eglinton,1,29718524,17100,04:45:00,early morning,16080.0,17.0
35,35,Eglinton,1,29718525,18000,05:00:00,early morning,17100.0,15.0
35,35,Eglinton,1,29718526,18900,05:15:00,early morning,18000.0,15.0
35,35,Eglinton,1,29718527,19800,05:30:00,early morning,18900.0,15.0
35,35,Eglinton,1,29718528,20700,05:45:00,early morning,19800.0,15.0
35,35,Eglinton,1,29718529,21600,06:00:00,AM peak,20700.0,15.0
35,35,Eglinton,1,29718530,22500,06:15:00,AM peak,21600.0,15.0
35,35,Eglinton,1,29718531,23400,06:30:00,AM peak,22500.0,15.0
35,35,Eglinton,1,29718532,24300,06:45:00,AM peak,23400.0,15.0
35,35,Eglinton,1,29718533,25200,07:00:00,AM peak,24300.0,15.0
35,35,Eglinton,1,29718534,26100,07:15:00,AM peak,25200.0,15.0
35,35,Eglinton,1,29718535,27000,07:30:00,AM peak,26100.0,15.0
35,35,Eglinton,1,29718536,27900,07:45:00,AM peak,27000.0,15.0
35,35,Eglinton,1,29718537,28800,08:00:00,AM peak,27900.0,15.0
35,35,Eglinton,1,29718538,29700,08:15:00,AM peak,28800.0,15.0
35,35,Eglinton,1,29718539,30600,08:30:00,AM peak,29700.0,15.0
35,35,Eglinton,1,29718540,31500,08:45:00,AM peak,30600.0,15.0
35,35,Eglinton,1,29718541,32400,09:00:00,midday,31500.0,15.0
35,35,Eglinton,1,29718542,33300,09:15:00,midday,32400.0,15.0
35,35,Eglinton,1,29718543,34200,09:30:00,midday,33300.0,15.0
35,35,Eglinton,1,29718544,35100,09:45:00,midday,34200.0,15.0
35,35,Eglinton,1,29718545,36000,10:00:00,midday,35100.0,15.0
35,35,Eglinton,1,29718546,37020,10:17:00,midday,36000.0,17.0
35,35,Eglinton,1,29718547,37980,10:33:00,midday,37020.0,16.0
35,35,Eglinton,1,29718548,38940,10:49:00,midday,37980.0,16.0
35,35,Eglinton,1,29718549,39900,11:05:00,midday,38940.0,16.0
35,35,Eglinton,1,29718550,40800,11:20:00,midday,39900.0,15.0
35,35,Eglinton,1,29718551,41700,11:35:00,midday,40800.0,15.0
35,35,Eglinton,1,29718552,42600,11:50:00,midday,41700.0,15.0
35,35,Eglinton,1,29718553,43500,12:05:00,midday,42600.0,15.0
35,35,Eglinton,1,29718554,44400,12:20:00,midday,43500.0,15.0
35,35,Eglinton,1,29718555,45300,12:35:00,midday,44400.0,15.0
35,35,Eglinton,1,29718556,46200,12:50:00,midday,45300.0,15.0
35,35,Eglinton,1,29718557,47100,13:05:00,midday,46200.0,15.0
35,35,Eglinton,1,29718558,48000,13:20:00,midday,47100.0,15.0
35,35,Eglinton,1,29718559,48900,13:35:00,midday,48000.0,15.0
35,35,Eglinton,1,29718560,49800,13:50:00,midday,48900.0,15.0
35,35,Eglinton,1,29718561,50700,14:05:00,midday,49800.0,15.0
35,35,Eglinton,1,29718562,51600,14:20:00,midday,50700.0,15.0
35,35,Eglinton,1,29718563,52500,14:35:00,midday,51600.0,15.0
35,35,Eglinton,1,29718564,53220,14:47:00,midday,52500.0,12.0
35,35,Eglinton,1,29718565,53940,14:59:00,midday,53220.0,12.0
35,35,Eglinton,1,29718566,54600,15:10:00,PM peak,53940.0,11.0
35,35,Eglinton,1,29718567,55200,15:20:00,PM peak,54600.0,10.0
35,35,Eglinton,1,29718568,55800,15:30:00,PM peak,55200.0,10.0
35,35,Eglinton,1,29718569,56700,15:45:00,PM peak,55800.0,15.0
35,35,Eglinton,1,29718570,57600,16:00:00,PM peak,56700.0,15.0
35,35,Eglinton,1,29718571,58500,16:15:00,PM peak,57600.0,15.0
35,35,Eglinton,1,29718572,59400,16:30:00,PM peak,58500.0,15.0
35,35,Eglinton,1,29718573,60300,16:45:00,PM peak,59400.0,15.0
35,35,Eglinton,1,29718574,61200,17:00:00,PM peak,60300.0,15.0
35,35,Eglinton,1,29718575,62100,17:15:00,PM peak,61200.0,15.0
35,35,Eglinton,1,29718576,63000,17:30:00,PM peak,62100.0,15.0
35,35,Eglinton,1,29718577,63900,17:45:00,PM peak,63000.0,15.0
35,35,Eglinton,1,29718578,64800,18:00:00,PM peak,63900.0,15.0
35,35,Eglinton,1,29718579,65700,18:15:00,PM peak,64800.0,15.0
35,35,Eglinton,1,29718580,66600,18:30:00,PM peak,65700.0,15.0
35,35,Eglinton,1,29718581,67500,18:45:00,PM peak,66600.0,15.0
35,35,Eglinton,1,29718582,68400,19:00:00,evening,67500.0,15.0
35,35,Eglinton,1,29718583,69360,19:16:00,evening,68400.0,16.0
35,35,Eglinton,1,29718584,70200,19:30:00,evening,69360.0,14.0
35,35,Eglinton,1,29718585,71340,19:49:00,evening,70200.0,19.0
35,35,Eglinton,1,29718586,72300,20:05:00,evening,71340.0,16.0
35,35,Eglinton,1,29718587,73200,20:20:00,evening,72300.0,15.0
35,35,Eglinton,1,29718588,74100,20:35:00,evening,73200.0,15.0
35,35,Eglinton,1,29718589,75000,20:50:00,evening,74100.0,15.0
35,35,Eglinton,1,29718590,75900,21:05:00,evening,75000.0,15.0
35,35,Eglinton,1,29718591,76800,21:20:00,evening,75900.0,15.0
35,35,Eglinton,1,29718592,78300,21:45:00,evening,76800.0,25.0
35,35,Eglinton,1,29718593,80100,22:15:00,late night,78300.0,30.0
35,35,Eglinton,1,29718594,81900,22:45:00,late night,80100.0,30.0
35,35,Eglinton,1,29718595,83700,23:15:00,late night,81900.0,30.0
35,35,Eglinton,1,29718596,85500,23:45:00,late night,83700.0,30.0
35,35,Eglinton,1,29718597,87300,24:15:00,late night,85500.0,30.0
35,35,Eglinton,1,29718598,89100,24:45:00,late night,87300.0,30.0
35,35,Eglinton,1,29718599,90900,25:15:00,late night,89100.0,30.0
35,35,Eglinton,1,29718600,92700,25:45:00,late night,90900.0,30.0
35,35,Eglinton,1,29718601,94800,26:20:00,late night,92700.0,35.0
36,36,Ridgeway,0,29679942,22740,06:19:00,AM peak,20460.0,38.0
36,36,Ridgeway,0,29679943,25140,06:59:00,AM peak,22740.0,40.0
36,36,Ridgeway,0,29684099,27120,07:32:00,AM peak,25140.0,33.0
36,36,Ridgeway,0,29679944,27660,07:41:00,AM peak,27120.0,9.0
36,36,Ridgeway,0,29679945,30300,08:25:00,AM peak,27660.0,44.0
36,36,Ridgeway,0,29679946,32940,09:09:00,midday,30300.0,44.0
36,36,Ridgeway,0,29679947,35580,09:53:00,midday,32940.0,44.0
36,36,Ridgeway,0,29679948,38220,10:37:00,midday,35580.0,44.0
36,36,Ridgeway,0,29679949,40860,11:21:00,midday,38220.0,44.0
36,36,Ridgeway,0,29679950,43500,12:05:00,midday,40860.0,44.0
36,36,Ridgeway,0,29679951,46140,12:49:00,midday,43500.0,44.0
36,36,Ridgeway,0,29679952,48780,13:33:00,midday,46140.0,44.0
36,36,Ridgeway,0,29684095,50700,14:05:00,midday,48780.0,32.0
36,36,Ridgeway,0,29679953,52140,14:29:00,midday,50700.0,24.0
36,36,Ridgeway,0,29679954,54540,15:09:00,PM peak,52140.0,40.0
36,36,Ridgeway,0,29679955,56940,15:49:00,PM peak,54540.0,40.0
36,36,Ridgeway,0,29679956,59700,16:35:00,PM peak,56940.0,46.0
36,36,Ridgeway,0,29679957,62460,17:21:00,PM peak,59700.0,46.0
36,36,Ridgeway,0,29679958,65100,18:05:00,PM peak,62460.0,44.0
36,36,Ridgeway,0,29679959,67740,18:49:00,PM peak,65100.0,44.0
36,36,Ridgeway,0,29679960,70380,19:33:00,evening,67740.0,44.0
36,36,Ridgeway,0,29679961,72900,20:15:00,evening,70380.0,42.0
36,36,Ridgeway,0,29679962,75300,20:55:00,evening,72900.0,40.0
36,36,Ridgeway,0,29679963,77700,21:35:00,evening,75300.0,40.0
36,36,Ridgeway,0,29679964,79980,22:13:00,late night,77700.0,38.0
36,36,Ridgeway,0,29679965,82260,22:51:00,late night,79980.0,38.0
36,36,Ridgeway,0,29679966,84420,23:27:00,late night,82260.0,36.0
36,36,Ridgeway,0,29679967,86580,24:03:00,late night,84420.0,36.0
36,36,Ridgeway,0,29679968,88620,24:37:00,late night,86580.0,34.0
36,36,Ridgeway,0,29679969,90660,25:11:00,late night,88620.0,34.0
36,36,Ridgeway,0,29679970,92580,25:43:00,late night,90660.0,32.0
36,36,Ridgeway,0,29679971,94500,26:15:00,late night,92580.0,32.0
36,36,Ridgeway,1,29679912,22860,06:21:00,AM peak,20460.0,40.0
36,36,Ridgeway,1,29679913,25380,07:03:00,AM peak,22860.0,42.0
36,36,Ridgeway,1,29679914,27900,07:45:00,AM peak,25380.0,42.0
36,36,Ridgeway,1,29679915,30420,08:27:00,AM peak,27900.0,42.0
36,36,Ridgeway,1,29679916,33060,09:11:00,midday,30420.0,44.0
36,36,Ridgeway,1,29679917,35700,09:55:00,midday,33060.0,44.0
36,36,Ridgeway,1,29679918,38340,10:39:00,midday,35700.0,44.0
36,36,Ridgeway,1,29679919,40980,11:23:00,midday,38340.0,44.0
36,36,Ridgeway,1,29679920,43620,12:07:00,midday,40980.0,44.0
36,36,Ridgeway,1,29679921,46260,12:51:00,midday,43620.0,44.0
36,36,Ridgeway,1,29679922,48900,13:35:00,midday,46260.0,44.0
36,36,Ridgeway,1,29684096,51420,14:17:00,midday,48900.0,42.0
36,36,Ridgeway,1,29684110,51540,14:19:00,midday,51420.0,2.0
36,36,Ridgeway,1,29679923,51660,14:21:00,midday,51540.0,2.0
36,36,Ridgeway,1,29679924,54420,15:07:00,PM peak,51660.0,46.0
36,36,Ridgeway,1,29679925,57180,15:53:00,PM peak,54420.0,46.0
36,36,Ridgeway,1,29679926,59940,16:39:00,PM peak,57180.0,46.0
36,36,Ridgeway,1,29684153,61080,16:58:00,PM peak,59940.0,19.0
36,36,Ridgeway,1,29679927,62700,17:25:00,PM peak,61080.0,27.0
36,36,Ridgeway,1,29679928,65340,18:09:00,PM peak,62700.0,44.0
36,36,Ridgeway,1,29679929,67980,18:53:00,PM peak,65340.0,44.0
36,36,Ridgeway,1,29679930,70620,19:37:00,evening,67980.0,44.0
36,36,Ridgeway,1,29679931,73140,20:19:00,evening,70620.0,42.0
36,36,Ridgeway,1,29679932,75540,20:59:00,evening,73140.0,40.0
36,36,Ridgeway,1,29679933,77940,21:39:00,evening,75540.0,40.0
36,36,Ridgeway,1,29679934,80340,22:19:00,late night,77940.0,40.0
36,36,Ridgeway,1,29679935,82500,22:55:00,late night,80340.0,36.0
36,36,Ridgeway,1,29679936,84660,23:31:00,late night,82500.0,36.0
36,36,Ridgeway,1,29679937,86700,24:05:00,late night,84660.0,34.0
36,36,Ridgeway,1,29679938,88740,24:39:00,late night,86700.0,34.0
36,36,Ridgeway,1,29679939,90780,25:13:00,late night,88740.0,34.0
36,36,Ridgeway,1,29679940,92700,25:45:00,late night,90780.0,32.0
38,38,Creditview,0,29681737,17760,04:56:00,early morning,16200.0,26.0
38,38,Creditview,0,29681751,17940,04:59:00,early morning,17760.0,3.0
38,38,Creditview,0,29681734,19080,05:18:00,early morning,17940.0,19.0
38,38,Creditview,0,29681732,20520,05:42:00,early morning,19080.0,24.0
38,38,Creditview,0,29681730,21960,06:06:00,AM peak,20520.0,24.0
38,38,Creditview,0,29681733,23520,06:32:00,AM peak,21960.0,26.0
38,38,Creditview,0,29681752,25320,07:02:00,AM peak,23520.0,30.0
38,38,Creditview,0,29681739,27120,07:32:00,AM peak,25320.0,30.0
38,38,Creditview,0,29684116,27840,07:44:00,AM peak,27120.0,12.0
38,38,Creditview,0,29681719,29220,08:07:00,AM peak,27840.0,23.0
38,38,Creditview,0,29681715,31320,08:42:00,AM peak,29220.0,35.0
38,38,Creditview,0,29681713,33720,09:22:00,midday,31320.0,40.0
38,38,Creditview,0,29681756,36120,10:02:00,midday,33720.0,40.0
38,38,Creditview,0,29681741,38520,10:42:00,midday,36120.0,40.0
38,38,Creditview,0,29681718,40800,11:20:00,midday,38520.0,38.0
38,38,Creditview,0,29681706,42960,11:56:00,midday,40800.0,36.0
38,38,Creditview,0,29681705,45120,12:32:00,midday,42960.0,36.0
38,38,Creditview,0,29681753,47160,13:06:00,midday,45120.0,34.0
38,38,Creditview,0,29681742,49200,13:40:00,midday,47160.0,34.0
38,38,Creditview,0,29681703,50160,13:56:00,midday,49200.0,16.0
38,38,Creditview,0,29681728,52200,14:30:00,midday,50160.0,34.0
38,38,Creditview,0,29681707,54000,15:00:00,PM peak,52200.0,30.0
38,38,Creditview,0,29681698,55800,15:30:00,PM peak,54000.0,30.0
38,38,Creditview,0,29681700,57600,16:00:00,PM peak,55800.0,30.0
38,38,Creditview,0,29681757,59400,16:30:00,PM peak,57600.0,30.0
38,38,Creditview,0,29681743,61200,17:00:00,PM peak,59400.0,30.0
38,38,Creditview,0,29681696,63000,17:30:00,PM peak,61200.0,30.0
38,38,Creditview,0,29681729,64800,18:00:00,PM peak,63000.0,30.0
38,38,Creditview,0,29681708,66720,18:32:00,PM peak,64800.0,32.0
38,38,Creditview,0,29681690,68760,19:06:00,evening,66720.0,34.0
38,38,Creditview,0,29681754,70920,19:42:00,evening,68760.0,36.0
38,38,Creditview,0,29681738,72960,20:16:00,evening,70920.0,34.0
38,38,Creditview,0,29681689,74640,20:44:00,evening,72960.0,28.0
38,38,Creditview,0,29681720,76320,21:12:00,evening,74640.0,28.0
38,38,Creditview,0,29681691,79320,22:02:00,late night,76320.0,50.0
38,38,Creditview,0,29681744,82200,22:50:00,late night,79320.0,48.0
38,38,Creditview,0,29681721,84960,23:36:00,late night,82200.0,46.0
38,38,Creditview,0,29681695,87480,24:18:00,late night,84960.0,42.0
38,38,Creditview,1,29681758,20280,05:38:00,early morning,18600.0,28.0
38,38,Creditview,1,29681740,21960,06:06:00,AM peak,20280.0,28.0
38,38,Creditview,1,29681731,23640,06:34:00,AM peak,21960.0,28.0
38,38,Creditview,1,29681717,25320,07:02:00,AM peak,23640.0,28.0
38,38,Creditview,1,29681716,27120,07:32:00,AM peak,25320.0,30.0
38,38,Creditview,1,29681735,28920,08:02:00,AM peak,27120.0,30.0
38,38,Creditview,1,29681760,30720,08:32:00,AM peak,28920.0,30.0
38,38,Creditview,1,29681748,32640,09:04:00,midday,30720.0,32.0
38,38,Creditview,1,29681723,34740,09:39:00,midday,32640.0,35.0
38,38,Creditview,1,29681714,36840,10:14:00,midday,34740.0,35.0
38,38,Creditview,1,29681709,39240,10:54:00,midday,36840.0,40.0
38,38,Creditview,1,29681762,41640,11:34:00,midday,39240.0,40.0
38,38,Creditview,1,29681747,44040,12:14:00,midday,41640.0,40.0
38,38,Creditview,1,29681722,46440,12:54:00,midday,44040.0,40.0
38,38,Creditview,1,29681710,48240,13:24:00,midday,46440.0,30.0
38,38,Creditview,1,29684127,49320,13:42:00,midday,48240.0,18.0
38,38,Creditview,1,29684117,49740,13:49:00,midday,49320.0,7.0
38,38,Creditview,1,29681704,49800,13:50:00,midday,49740.0,1.0
38,38,Creditview,1,29681702,51360,14:16:00,midday,49800.0,26.0
38,38,Creditview,1,29681759,53160,14:46:00,midday,51360.0,30.0
38,38,Creditview,1,29681745,54960,15:16:00,PM peak,53160.0,30.0
38,38,Creditview,1,29681699,56760,15:46:00,PM peak,54960.0,30.0
38,38,Creditview,1,29681727,58440,16:14:00,PM peak,56760.0,28.0
38,38,Creditview,1,29681712,60120,16:42:00,PM peak,58440.0,28.0
38,38,Creditview,1,29681697,61920,17:12:00,PM peak,60120.0,30.0
38,38,Creditview,1,29681701,63720,17:42:00,PM peak,61920.0,30.0
38,38,Creditview,1,29681761,65520,18:12:00,PM peak,63720.0,30.0
38,38,Creditview,1,29681746,67200,18:40:00,PM peak,65520.0,28.0
38,38,Creditview,1,29681693,68880,19:08:00,evening,67200.0,28.0
38,38,Creditview,1,29681726,70560,19:36:00,evening,68880.0,28.0
38,38,Creditview,1,29681711,72360,20:06:00,evening,70560.0,30.0
38,38,Creditview,1,29681692,74760,20:46:00,evening,72360.0,40.0
38,38,Creditview,1,29681749,77760,21:36:00,evening,74760.0,50.0
38,38,Creditview,1,29681724,80760,22:26:00,late night,77760.0,50.0
38,38,Creditview,1,29681694,83520,23:12:00,late night,80760.0,46.0
38,38,Creditview,1,29681750,86280,23:58:00,late night,83520.0,46.0
38,38,Creditview,1,29681725,88800,24:40:00,late night,86280.0,42.0
39,39,Britannia,0,29893529,18240,05:04:00,early morning,17040.0,20.0
39,39,Britannia,0,29893530,19500,05:25:00,early morning,18240.0,21.0
39,39,Britannia,0,29893531,20760,05:46:00,early morning,19500.0,21.0
39,39,Britannia,0,29893532,21900,06:05:00,AM peak,20760.0,19.0
39,39,Britannia,0,29893533,22980,06:23:00,AM peak,21900.0,18.0
39,39,Britannia,0,29893534,24060,06:41:00,AM peak,22980.0,18.0
39,39,Britannia,0,29893535,25200,07:00:00,AM peak,24060.0,19.0
39,39,Britannia,0,29893536,26400,07:20:00,AM peak,25200.0,20.0
39,39,Britannia,0,29893537,27720,07:42:00,AM peak,26400.0,22.0
39,39,Britannia,0,29893538,29100,08:05:00,AM peak,27720.0,23.0
39,39,Britannia,0,29893539,30540,08:29:00,AM peak,29100.0,24.0
39,39,Britannia,0,29893540,32340,08:59:00,AM peak,30540.0,30.0
39,39,Britannia,0,29893541,34620,09:37:00,midday,32340.0,38.0
39,39,Britannia,0,29893542,36840,10:14:00,midday,34620.0,37.0
39,39,Britannia,0,29893543,39120,10:52:00,midday,36840.0,38.0
39,39,Britannia,0,29893544,41340,11:29:00,midday,39120.0,37.0
39,39,Britannia,0,29893545,43560,12:06:00,midday,41340.0,37.0
39,39,Britannia,0,29893546,45660,12:41:00,midday,43560.0,35.0
39,39,Britannia,0,29893547,47700,13:15:00,midday,45660.0,34.0
39,39,Britannia,0,29893548,49260,13:41:00,midday,47700.0,26.0
39,39,Britannia,0,29893549,50820,14:07:00,midday,49260.0,26.0
39,39,Britannia,0,29893550,51900,14:25:00,midday,50820.0,18.0
39,39,Britannia,0,29893551,52980,14:43:00,midday,51900.0,18.0
39,39,Britannia,0,29893552,54240,15:04:00,PM peak,52980.0,21.0
39,39,Britannia,0,29893553,55560,15:26:00,PM peak,54240.0,22.0
39,39,Britannia,0,29893554,56640,15:44:00,PM peak,55560.0,18.0
39,39,Britannia,0,29893555,57720,16:02:00,PM peak,56640.0,18.0
39,39,Britannia,0,29893556,58800,16:20:00,PM peak,57720.0,18.0
39,39,Britannia,0,29893557,59940,16:39:00,PM peak,58800.0,19.0
39,39,Britannia,0,29893558,61260,17:01:00,PM peak,59940.0,22.0
39,39,Britannia,0,29893559,62580,17:23:00,PM peak,61260.0,22.0
39,39,Britannia,0,29893560,63900,17:45:00,PM peak,62580.0,22.0
39,39,Britannia,0,29893561,65280,18:08:00,PM peak,63900.0,23.0
39,39,Britannia,0,29893562,66660,18:31:00,PM peak,65280.0,23.0
39,39,Britannia,0,29893563,68040,18:54:00,PM peak,66660.0,23.0
39,39,Britannia,0,29893564,69420,19:17:00,evening,68040.0,23.0
39,39,Britannia,0,29893565,70560,19:36:00,evening,69420.0,19.0
39,39,Britannia,0,29893566,72720,20:12:00,evening,70560.0,36.0
39,39,Britannia,0,29893567,75240,20:54:00,evening,72720.0,42.0
39,39,Britannia,0,29893568,77760,21:36:00,evening,75240.0,42.0
39,39,Britannia,0,29893569,80280,22:18:00,late night,77760.0,42.0
39,39,Britannia,0,29893570,82500,22:55:00,late night,80280.0,37.0
39,39,Britannia,0,29893571,84600,23:30:00,late night,82500.0,35.0
39,39,Britannia,0,29893572,86700,24:05:00,late night,84600.0,35.0
39,39,Britannia,0,29893573,88800,24:40:00,late night,86700.0,35.0
39,39,Britannia,0,29893574,90840,25:14:00,late night,88800.0,34.0
39,39,Britannia,1,29893481,17280,04:48:00,early morning,16380.0,15.0
39,39,Britannia,1,29893482,18180,05:03:00,early morning,17280.0,15.0
39,39,Britannia,1,29893483,19080,05:18:00,early morning,18180.0,15.0
39,39,Britannia,1,29893484,20040,05:34:00,early morning,19080.0,16.0
39,39,Britannia,1,29893485,21120,05:52:00,early morning,20040.0,18.0
39,39,Britannia,1,29893486,22260,06:11:00,AM peak,21120.0,19.0
39,39,Britannia,1,29893487,23520,06:32:00,AM peak,22260.0,21.0
39,39,Britannia,1,29893488,24900,06:55:00,AM peak,23520.0,23.0
39,39,Britannia,1,29893489,26340,07:19:00,AM peak,24900.0,24.0
39,39,Britannia,1,29893490,27720,07:42:00,AM peak,26340.0,23.0
39,39,Britannia,1,29893491,28920,08:02:00,AM peak,27720.0,20.0
39,39,Britannia,1,29893492,30060,08:21:00,AM peak,28920.0,19.0
39,39,Britannia,1,29893493,31200,08:40:00,AM peak,30060.0,19.0
39,39,Britannia,1,29893494,32520,09:02:00,midday,31200.0,22.0
39,39,Britannia,1,29893495,33960,09:26:00,midday,32520.0,24.0
39,39,Britannia,1,29893496,36180,10:03:00,midday,33960.0,37.0
39,39,Britannia,1,29893497,38340,10:39:00,midday,36180.0,36.0
39,39,Britannia,1,29893498,40500,11:15:00,midday,38340.0,36.0
39,39,Britannia,1,29893499,42660,11:51:00,midday,40500.0,36.0
39,39,Britannia,1,29893500,44820,12:27:00,midday,42660.0,36.0
39,39,Britannia,1,29893501,46920,13:02:00,midday,44820.0,35.0
39,39,Britannia,1,29893502,49020,13:37:00,midday,46920.0,35.0
39,39,Britannia,1,29893503,50280,13:58:00,midday,49020.0,21.0
39,39,Britannia,1,29893504,51600,14:20:00,midday,50280.0,22.0
39,39,Britannia,1,29893505,52800,14:40:00,midday,51600.0,20.0
39,39,Britannia,1,29893506,54000,15:00:00,PM peak,52800.0,20.0
39,39,Britannia,1,29893507,55260,15:21:00,PM peak,54000.0,21.0
39,39,Britannia,1,29893508,56520,15:42:00,PM peak,55260.0,21.0
39,39,Britannia,1,29893509,57780,16:03:00,PM peak,56520.0,21.0
39,39,Britannia,1,29893510,59100,16:25:00,PM peak,57780.0,22.0
39,39,Britannia,1,29893511,60420,16:47:00,PM peak,59100.0,22.0
39,39,Britannia,1,29893512,61620,17:07:00,PM peak,60420.0,20.0
39,39,Britannia,1,29893513,62640,17:24:00,PM peak,61620.0,17.0
39,39,Britannia,1,29893514,63720,17:42:00,PM peak,62640.0,18.0
39,39,Britannia,1,29893515,64860,18:01:00,PM peak,63720.0,19.0
39,39,Britannia,1,29893516,66060,18:21:00,PM peak,64860.0,20.0
39,39,Britannia,1,29893517,67260,18:41:00,PM peak,66060.0,20.0
39,39,Britannia,1,29893518,68580,19:03:00,evening,67260.0,22.0
39,39,Britannia,1,29893519,69900,19:25:00,evening,68580.0,22.0
39,39,Britannia,1,29893520,71280,19:48:00,evening,69900.0,23.0
39,39,Britannia,1,29893521,73260,20:21:00,evening,71280.0,33.0
39,39,Britannia,1,29893522,75600,21:00:00,evening,73260.0,39.0
39,39,Britannia,1,29893523,77940,21:39:00,evening,75600.0,39.0
39,39,Britannia,1,29893524,80220,22:17:00,late night,77940.0,38.0
39,39,Britannia,1,29893525,82500,22:55:00,late night,80220.0,38.0
39,39,Britannia,1,29893526,84780,23:33:00,late night,82500.0,38.0
39,39,Britannia,1,29893527,87060,24:11:00,late night,84780.0,38.0
39,39,Britannia,1,29893528,89340,24:49:00,late night,87060.0,38.0
42,42,Derry,0,29682026,15000,04:10:00,early morning,13800.0,20.0
42,42,Derry,0,29682027,16200,04:30:00,early morning,15000.0,20.0
42,42,Derry,0,29682028,17400,04:50:00,early morning,16200.0,20.0
42,42,Derry,0,29682029,18600,05:10:00,early morning,17400.0,20.0
42,42,Derry,0,29682030,19800,05:30:00,early morning,18600.0,20.0
42,42,Derry,0,29682031,20700,05:45:00,early morning,19800.0,15.0
42,42,Derry,0,29682032,21600,06:00:00,AM peak,20700.0,15.0
42,42,Derry,0,29682033,22500,06:15:00,AM peak,21600.0,15.0
42,42,Derry,0,29682034,23400,06:30:00,AM peak,22500.0,15.0
42,42,Derry,0,29682035,24300,06:45:00,AM peak,23400.0,15.0
42,42,Derry,0,29682036,25200,07:00:00,AM peak,24300.0,15.0
42,42,Derry,0,29682037,26100,07:15:00,AM peak,25200.0,15.0
42,42,Derry,0,29682038,27000,07:30:00,AM peak,26100.0,15.0
42,42,Derry,0,29682039,27900,07:45:00,AM peak,27000.0,15.0
42,42,Derry,0,29682040,28800,08:00:00,AM peak,27900.0,15.0
42,42,Derry,0,29682041,29700,08:15:00,AM peak,28800.0,15.0
42,42,Derry,0,29682042,30600,08:30:00,AM peak,29700.0,15.0
42,42,Derry,0,29682043,31500,08:45:00,AM peak,30600.0,15.0
42,42,Derry,0,29682044,32400,09:00:00,midday,31500.0,15.0
42,42,Derry,0,29682045,33300,09:15:00,midday,32400.0,15.0
42,42,Derry,0,29682046,34200,09:30:00,midday,33300.0,15.0
42,42,Derry,0,29682047,35100,09:45:00,midday,34200.0,15.0
42,42,Derry,0,29682048,36000,10:00:00,midday,35100.0,15.0
42,42,Derry,0,29682049,36900,10:15:00,midday,36000.0,15.0
42,42,Derry,0,29682050,37800,10:30:00,midday,36900.0,15.0
42,42,Derry,0,29682051,38700,10:45:00,midday,37800.0,15.0
42,42,Derry,0,29682052,39600,11:00:00,midday,38700.0,15.0
42,42,Derry,0,29682053,40500,11:15:00,midday,39600.0,15.0
42,42,Derry,0,29682054,41400,11:30:00,midday,40500.0,15.0
42,42,Derry,0,29682055,42300,11:45:00,midday,41400.0,15.0
42,42,Derry,0,29682056,43200,12:00:00,midday,42300.0,15.0
42,42,Derry,0,29682057,44100,12:15:00,midday,43200.0,15.0
42,42,Derry,0,29682058,45000,12:30:00,midday,44100.0,15.0
42,42,Derry,0,29682059,45900,12:45:00,midday,45000.0,15.0
42,42,Derry,0,29682060,46800,13:00:00,midday,45900.0,15.0
42,42,Derry,0,29682061,47700,13:15:00,midday,46800.0,15.0
42,42,Derry,0,29682062,48600,13:30:00,midday,47700.0,15.0
42,42,Derry,0,29682063,49500,13:45:00,midday,48600.0,15.0
42,42,Derry,0,29682064,50400,14:00:00,midday,49500.0,15.0
42,42,Derry,0,29682065,51300,14:15:00,midday,50400.0,15.0
42,42,Derry,0,29682066,52200,14:30:00,midday,51300.0,15.0
42,42,Derry,0,29682067,53100,14:45:00,midday,52200.0,15.0
42,42,Derry,0,29682068,54000,15:00:00,PM peak,53100.0,15.0
42,42,Derry,0,29682069,54900,15:15:00,PM peak,54000.0,15.0
42,42,Derry,0,29682070,55800,15:30:00,PM peak,54900.0,15.0
42,42,Derry,0,29682071,56700,15:45:00,PM peak,55800.0,15.0
42,42,Derry,0,29682072,57600,16:00:00,PM peak,56700.0,15.0
42,42,Derry,0,29682073,58500,16:15:00,PM peak,57600.0,15.0
42,42,Derry,0,29682074,59400,16:30:00,PM peak,58500.0,15.0
42,42,Derry,0,29682075,60300,16:45:00,PM peak,59400.0,15.0
42,42,Derry,0,29682076,61200,17:00:00,PM peak,60300.0,15.0
42,42,Derry,0,29682077,62100,17:15:00,PM peak,61200.0,15.0
42,42,Derry,0,29682078,63000,17:30:00,PM peak,62100.0,15.0
42,42,Derry,0,29682079,63900,17:45:00,PM peak,63000.0,15.0
42,42,Derry,0,29682080,64800,18:00:00,PM peak,63900.0,15.0
42,42,Derry,0,29682081,65700,18:15:00,PM peak,64800.0,15.0
42,42,Derry,0,29682082,66600,18:30:00,PM peak,65700.0,15.0
42,42,Derry,0,29682083,67500,18:45:00,PM peak,66600.0,15.0
42,42,Derry,0,29682084,68400,19:00:00,evening,67500.0,15.0
42,42,Derry,0,29682085,69300,19:15:00,evening,68400.0,15.0
42,42,Derry,0,29682086,70200,19:30:00,evening,69300.0,15.0
42,42,Derry,0,29682087,71100,19:45:00,evening,70200.0,15.0
42,42,Derry,0,29682088,72000,20:00:00,evening,71100.0,15.0
42,42,Derry,0,29682089,72900,20:15:00,evening,72000.0,15.0
42,42,Derry,0,29682090,73800,20:30:00,evening,72900.0,15.0
42,42,Derry,0,29682091,74700,20:45:00,evening,73800.0,15.0
42,42,Derry,0,29682092,75600,21:00:00,evening,74700.0,15.0
42,42,Derry,0,29682093,76500,21:15:00,evening,75600.0,15.0
42,42,Derry,0,29682094,77400,21:30:00,evening,76500.0,15.0
42,42,Derry,0,29682095,78300,21:45:00,evening,77400.0,15.0
42,42,Derry,0,29682096,79200,22:00:00,late night,78300.0,15.0
42,42,Derry,0,29682097,80100,22:15:00,late night,79200.0,15.0
42,42,Derry,0,29682098,81000,22:30:00,late night,80100.0,15.0
42,42,Derry,0,29682099,81900,22:45:00,late night,81000.0,15.0
42,42,Derry,0,29682100,82800,23:00:00,late night,81900.0,15.0
42,42,Derry,0,29682101,83700,23:15:00,late night,82800.0,15.0
42,42,Derry,0,29682102,84600,23:30:00,late night,83700.0,15.0
42,42,Derry,0,29682103,85500,23:45:00,late night,84600.0,15.0
42,42,Derry,0,29682104,86400,24:00:00,late night,85500.0,15.0
42,42,Derry,0,29682105,87300,24:15:00,late night,86400.0,15.0
42,42,Derry,0,29682106,88200,24:30:00,late night,87300.0,15.0
42,42,Derry,0,29682107,89100,24:45:00,late night,88200.0,15.0
42,42,Derry,0,29682108,90000,25:00:00,late night,89100.0,15.0
42,42,Derry,0,29682109,90900,25:15:00,late night,90000.0,15.0
42,42,Derry,0,29682110,91800,25:30:00,late night,90900.0,15.0
42,42,Derry,0,29682111,92700,25:45:00,late night,91800.0,15.0
42,42,Derry,0,29682112,93600,26:00:00,late night,92700.0,15.0
42,42,Derry,1,29682114,15840,04:24:00,early morning,14400.0,24.0
42,42,Derry,1,29682115,17160,04:46:00,early morning,15840.0,22.0
42,42,Derry,1,29682116,18480,05:08:00,early morning,17160.0,22.0
42,42,Derry,1,29682117,19800,05:30:00,early morning,18480.0,22.0
42,42,Derry,1,29682118,20700,05:45:00,early morning,19800.0,15.0
42,42,Derry,1,29682119,21600,06:00:00,AM peak,20700.0,15.0
42,42,Derry,1,29682120,22500,06:15:00,AM peak,21600.0,15.0
42,42,Derry,1,29682121,23400,06:30:00,AM peak,22500.0,15.0
42,42,Derry,1,29682122,24300,06:45:00,AM peak,23400.0,15.0
42,42,Derry,1,29682123,25200,07:00:00,AM peak,24300.0,15.0
42,42,Derry,1,29682124,26100,07:15:00,AM peak,25200.0,15.0
42,42,Derry,1,29682125,27000,07:30:00,AM peak,26100.0,15.0
42,42,Derry,1,29682126,27900,07:45:00,AM peak,27000.0,15.0
42,42,Derry,1,29682127,28800,08:00:00,AM peak,27900.0,15.0
42,42,Derry,1,29682128,29700,08:15:00,AM peak,28800.0,15.0
42,42,Derry,1,29682129,30600,08:30:00,AM peak,29700.0,15.0
42,42,Derry,1,29682130,31500,08:45:00,AM peak,30600.0,15.0
42,42,Derry,1,29682131,32400,09:00:00,midday,31500.0,15.0
42,42,Derry,1,29682132,33300,09:15:00,midday,32400.0,15.0
42,42,Derry,1,29682133,34200,09:30:00,midday,33300.0,15.0
42,42,Derry,1,29682134,35100,09:45:00,midday,34200.0,15.0
42,42,Derry,1,29682135,36000,10:00:00,midday,35100.0,15.0
42,42,Derry,1,29682136,36900,10:15:00,midday,36000.0,15.0
42,42,Derry,1,29682137,37800,10:30:00,midday,36900.0,15.0
42,42,Derry,1,29682138,38700,10:45:00,midday,37800.0,15.0
42,42,Derry,1,29682139,39600,11:00:00,midday,38700.0,15.0
42,42,Derry,1,29682140,40500,11:15:00,midday,39600.0,15.0
42,42,Derry,1,29682141,41400,11:30:00,midday,40500.0,15.0
42,42,Derry,1,29682142,42300,11:45:00,midday,41400.0,15.0
42,42,Derry,1,29682143,43200,12:00:00,midday,42300.0,15.0
42,42,Derry,1,29682144,44100,12:15:00,midday,43200.0,15.0
42,42,Derry,1,29682145,45000,12:30:00,midday,44100.0,15.0
42,42,Derry,1,29682146,45900,12:45:00,midday,45000.0,15.0
42,42,Derry,1,29682147,46800,13:00:00,midday,45900.0,15.0
42,42,Derry,1,29682148,47700,13:15:00,midday,46800.0,15.0
42,42,Derry,1,29682149,48600,13:30:00,midday,47700.0,15.0
42,42,Derry,1,29682150,49500,13:45:00,midday,48600.0,15.0
42,42,Derry,1,29682151,50400,14:00:00,midday,49500.0,15.0
42,42,Derry,1,29682152,51300,14:15:00,midday,50400.0,15.0
42,42,Derry,1,29682153,52200,14:30:00,midday,51300.0,15.0
42,42,Derry,1,29682154,53100,14:45:00,midday,52200.0,15.0
42,42,Derry,1,29682155,54000,15:00:00,PM peak,53100.0,15.0
42,42,Derry,1,29682156,54900,15:15:00,PM peak,54000.0,15.0
42,42,Derry,1,29682157,55800,15:30:00,PM peak,54900.0,15.0
42,42,Derry,1,29682158,56700,15:45:00,PM peak,55800.0,15.0
42,42,Derry,1,29682159,57600,16:00:00,PM peak,56700.0,15.0
42,42,Derry,1,29682160,58500,16:15:00,PM peak,57600.0,15.0
42,42,Derry,1,29682161,59400,16:30:00,PM peak,58500.0,15.0
42,42,Derry,1,29682162,60300,16:45:00,PM peak,59400.0,15.0
42,42,Derry,1,29682163,61200,17:00:00,PM peak,60300.0,15.0
42,42,Derry,1,29682164,62100,17:15:00,PM peak,61200.0,15.0
42,42,Derry,1,29682165,63000,17:30:00,PM peak,62100.0,15.0
42,42,Derry,1,29682166,63900,17:45:00,PM peak,63000.0,15.0
42,42,Derry,1,29682167,64800,18:00:00,PM peak,63900.0,15.0
42,42,Derry,1,29682168,65700,18:15:00,PM peak,64800.0,15.0
42,42,Derry,1,29682169,66600,18:30:00,PM peak,65700.0,15.0
42,42,Derry,1,29682170,67500,18:45:00,PM peak,66600.0,15.0
42,42,Derry,1,29682171,68400,19:00:00,evening,67500.0,15.0
42,42,Derry,1,29682172,69300,19:15:00,evening,68400.0,15.0
42,42,Derry,1,29682173,70200,19:30:00,evening,69300.0,15.0
42,42,Derry,1,29682174,71100,19:45:00,evening,70200.0,15.0
42,42,Derry,1,29682175,72000,20:00:00,evening,71100.0,15.0
42,42,Derry,1,29682176,72900,20:15:00,evening,72000.0,15.0
42,42,Derry,1,29682177,73800,20:30:00,evening,72900.0,15.0
42,42,Derry,1,29682178,74700,20:45:00,evening,73800.0,15.0
42,42,Derry,1,29682179,75600,21:00:00,evening,74700.0,15.0
42,42,Derry,1,29682180,76500,21:15:00,evening,75600.0,15.0
42,42,Derry,1,29682181,77400,21:30:00,evening,76500.0,15.0
42,42,Derry,1,29682182,78300,21:45:00,evening,77400.0,15.0
42,42,Derry,1,29682183,79200,22:00:00,late night,78300.0,15.0
42,42,Derry,1,29682184,80100,22:15:00,late night,79200.0,15.0
42,42,Derry,1,29682185,81000,22:30:00,late night,80100.0,15.0
42,42,Derry,1,29682186,81900,22:45:00,late night,81000.0,15.0
42,42,Derry,1,29682187,82800,23:00:00,late night,81900.0,15.0
42,42,Derry,1,29682188,83700,23:15:00,late night,82800.0,15.0
42,42,Derry,1,29682189,84600,23:30:00,late night,83700.0,15.0
42,42,Derry,1,29682190,85500,23:45:00,late night,84600.0,15.0
42,42,Derry,1,29682191,86400,24:00:00,late night,85500.0,15.0
42,42,Derry,1,29682192,87300,24:15:00,late night,86400.0,15.0
42,42,Derry,1,29682193,88200,24:30:00,late night,87300.0,15.0
42,42,Derry,1,29682194,89100,24:45:00,late night,88200.0,15.0
42,42,Derry,1,29682195,90000,25:00:00,late night,89100.0,15.0
43,43,Matheson,0,29680789,19800,05:30:00,early morning,17400.0,40.0
43,43,Matheson,0,29680779,22200,06:10:00,AM peak,19800.0,40.0
43,43,Matheson,0,29680783,24600,06:50:00,AM peak,22200.0,40.0
43,43,Matheson,0,29680775,27000,07:30:00,AM peak,24600.0,40.0
43,43,Matheson,0,29680790,29400,08:10:00,AM peak,27000.0,40.0
43,43,Matheson,0,29680780,31800,08:50:00,AM peak,29400.0,40.0
43,43,Matheson,0,29680784,34200,09:30:00,midday,31800.0,40.0
43,43,Matheson,0,29680777,36600,10:10:00,midday,34200.0,40.0
43,43,Matheson,1,29680791,54000,15:00:00,PM peak,51600.0,40.0
43,43,Matheson,1,29680802,56400,15:40:00,PM peak,54000.0,40.0
43,43,Matheson,1,29680806,58800,16:20:00,PM peak,56400.0,40.0
43,43,Matheson,1,29680797,61200,17:00:00,PM peak,58800.0,40.0
43,43,Matheson,1,29680792,63720,17:42:00,PM peak,61200.0,42.0
43,43,Matheson,1,29680803,66240,18:24:00,PM peak,63720.0,42.0
43,43,Matheson,1,29680807,68760,19:06:00,evening,66240.0,42.0
43,43,Matheson,1,29680798,71160,19:46:00,evening,68760.0,40.0
44,44,Mississauga Road,0,29710331,21420,05:57:00,early morning,20100.0,22.0
44,44,Mississauga Road,0,29710332,22860,06:21:00,AM peak,21420.0,24.0
44,44,Mississauga Road,0,29710333,24420,06:47:00,AM peak,22860.0,26.0
44,44,Mississauga Road,0,29710334,25980,07:13:00,AM peak,24420.0,26.0
44,44,Mississauga Road,0,29710335,27540,07:39:00,AM peak,25980.0,26.0
44,44,Mississauga Road,0,29710336,29220,08:07:00,AM peak,27540.0,28.0
44,44,Mississauga Road,0,29710337,30900,08:35:00,AM peak,29220.0,28.0
44,44,Mississauga Road,0,29710338,32460,09:01:00,midday,30900.0,26.0
44,44,Mississauga Road,0,29710339,34020,09:27:00,midday,32460.0,26.0
44,44,Mississauga Road,0,29710340,35580,09:53:00,midday,34020.0,26.0
44,44,Mississauga Road,0,29710341,37140,10:19:00,midday,35580.0,26.0
44,44,Mississauga Road,0,29710342,38700,10:45:00,midday,37140.0,26.0
44,44,Mississauga Road,0,29710343,40200,11:10:00,midday,38700.0,25.0
44,44,Mississauga Road,0,29710344,41700,11:35:00,midday,40200.0,25.0
44,44,Mississauga Road,0,29710345,43200,12:00:00,midday,41700.0,25.0
44,44,Mississauga Road,0,29710346,44700,12:25:00,midday,43200.0,25.0
44,44,Mississauga Road,0,29710347,46200,12:50:00,midday,44700.0,25.0
44,44,Mississauga Road,0,29710348,47700,13:15:00,midday,46200.0,25.0
44,44,Mississauga Road,0,29710349,49200,13:40:00,midday,47700.0,25.0
44,44,Mississauga Road,0,29710350,50400,14:00:00,midday,49200.0,20.0
44,44,Mississauga Road,0,29710351,51360,14:16:00,midday,50400.0,16.0
44,44,Mississauga Road,0,29710352,52320,14:32:00,midday,51360.0,16.0
44,44,Mississauga Road,0,29710353,53280,14:48:00,midday,52320.0,16.0
44,44,Mississauga Road,0,29710354,54240,15:04:00,PM peak,53280.0,16.0
44,44,Mississauga Road,0,29710355,55200,15:20:00,PM peak,54240.0,16.0
44,44,Mississauga Road,0,29710356,56160,15:36:00,PM peak,55200.0,16.0
44,44,Mississauga Road,0,29710357,57120,15:52:00,PM peak,56160.0,16.0
44,44,Mississauga Road,0,29710358,58080,16:08:00,PM peak,57120.0,16.0
44,44,Mississauga Road,0,29710359,59040,16:24:00,PM peak,58080.0,16.0
44,44,Mississauga Road,0,29710360,60000,16:40:00,PM peak,59040.0,16.0
44,44,Mississauga Road,0,29710361,60960,16:56:00,PM peak,60000.0,16.0
44,44,Mississauga Road,0,29710362,61920,17:12:00,PM peak,60960.0,16.0
44,44,Mississauga Road,0,29710363,62880,17:28:00,PM peak,61920.0,16.0
44,44,Mississauga Road,0,29710364,63960,17:46:00,PM peak,62880.0,18.0
44,44,Mississauga Road,0,29710365,65040,18:04:00,PM peak,63960.0,18.0
44,44,Mississauga Road,0,29710366,66000,18:20:00,PM peak,65040.0,16.0
44,44,Mississauga Road,0,29710367,66960,18:36:00,PM peak,66000.0,16.0
44,44,Mississauga Road,0,29710368,67920,18:52:00,PM peak,66960.0,16.0
44,44,Mississauga Road,0,29710369,68880,19:08:00,evening,67920.0,16.0
44,44,Mississauga Road,0,29710370,69840,19:24:00,evening,68880.0,16.0
44,44,Mississauga Road,0,29710371,70800,19:40:00,evening,69840.0,16.0
44,44,Mississauga Road,0,29710372,71880,19:58:00,evening,70800.0,18.0
44,44,Mississauga Road,0,29710373,73200,20:20:00,evening,71880.0,22.0
44,44,Mississauga Road,0,29710374,74700,20:45:00,evening,73200.0,25.0
44,44,Mississauga Road,0,29710375,76980,21:23:00,evening,74700.0,38.0
44,44,Mississauga Road,0,29710376,79860,22:11:00,late night,76980.0,48.0
44,44,Mississauga Road,0,29710377,82740,22:59:00,late night,79860.0,48.0
44,44,Mississauga Road,0,29710378,85620,23:47:00,late night,82740.0,48.0
44,44,Mississauga Road,0,29710379,88500,24:35:00,late night,85620.0,48.0
44,44,Mississauga Road,0,29710380,91500,25:25:00,late night,88500.0,50.0
44,44,Mississauga Road,1,29710280,18600,05:10:00,early morning,17400.0,20.0
44,44,Mississauga Road,1,29710281,19920,05:32:00,early morning,18600.0,22.0
44,44,Mississauga Road,1,29710282,21240,05:54:00,early morning,19920.0,22.0
44,44,Mississauga Road,1,29710283,22200,06:10:00,AM peak,21240.0,16.0
44,44,Mississauga Road,1,29710284,23100,06:25:00,AM peak,22200.0,15.0
44,44,Mississauga Road,1,29710285,24000,06:40:00,AM peak,23100.0,15.0
44,44,Mississauga Road,1,29710286,24900,06:55:00,AM peak,24000.0,15.0
44,44,Mississauga Road,1,29710287,25860,07:11:00,AM peak,24900.0,16.0
44,44,Mississauga Road,1,29710288,26820,07:27:00,AM peak,25860.0,16.0
44,44,Mississauga Road,1,29710289,27780,07:43:00,AM peak,26820.0,16.0
44,44,Mississauga Road,1,29710290,28740,07:59:00,AM peak,27780.0,16.0
44,44,Mississauga Road,1,29710291,29700,08:15:00,AM peak,28740.0,16.0
44,44,Mississauga Road,1,29710292,30660,08:31:00,AM peak,29700.0,16.0
44,44,Mississauga Road,1,29710293,31620,08:47:00,AM peak,30660.0,16.0
44,44,Mississauga Road,1,29710294,32580,09:03:00,midday,31620.0,16.0
44,44,Mississauga Road,1,29710295,33480,09:18:00,midday,32580.0,15.0
44,44,Mississauga Road,1,29710296,34380,09:33:00,midday,33480.0,15.0
44,44,Mississauga Road,1,29710297,35280,09:48:00,midday,34380.0,15.0
44,44,Mississauga Road,1,29710298,36180,10:03:00,midday,35280.0,15.0
44,44,Mississauga Road,1,29710299,37080,10:18:00,midday,36180.0,15.0
44,44,Mississauga Road,1,29710300,38400,10:40:00,midday,37080.0,22.0
44,44,Mississauga Road,1,29710301,39960,11:06:00,midday,38400.0,26.0
44,44,Mississauga Road,1,29710302,41520,11:32:00,midday,39960.0,26.0
44,44,Mississauga Road,1,29710303,43080,11:58:00,midday,41520.0,26.0
44,44,Mississauga Road,1,29710304,44640,12:24:00,midday,43080.0,26.0
44,44,Mississauga Road,1,29710305,46200,12:50:00,midday,44640.0,26.0
44,44,Mississauga Road,1,29710306,47760,13:16:00,midday,46200.0,26.0
44,44,Mississauga Road,1,29710307,49320,13:42:00,midday,47760.0,26.0
44,44,Mississauga Road,1,29710308,50880,14:08:00,midday,49320.0,26.0
44,44,Mississauga Road,1,29710309,52560,14:36:00,midday,50880.0,28.0
44,44,Mississauga Road,1,29710310,54240,15:04:00,PM peak,52560.0,28.0
44,44,Mississauga Road,1,29710311,55920,15:32:00,PM peak,54240.0,28.0
44,44,Mississauga Road,1,29710312,57600,16:00:00,PM peak,55920.0,28.0
44,44,Mississauga Road,1,29710313,59160,16:26:00,PM peak,57600.0,26.0
44,44,Mississauga Road,1,29710314,60720,16:52:00,PM peak,59160.0,26.0
44,44,Mississauga Road,1,29710315,62280,17:18:00,PM peak,60720.0,26.0
44,44,Mississauga Road,1,29710316,63840,17:44:00,PM peak,62280.0,26.0
44,44,Mississauga Road,1,29710317,65400,18:10:00,PM peak,63840.0,26.0
44,44,Mississauga Road,1,29710318,66960,18:36:00,PM peak,65400.0,26.0
44,44,Mississauga Road,1,29710319,68520,19:02:00,evening,66960.0,26.0
44,44,Mississauga Road,1,29710320,70080,19:28:00,evening,68520.0,26.0
44,44,Mississauga Road,1,29710321,71640,19:54:00,evening,70080.0,26.0
44,44,Mississauga Road,1,29710322,73200,20:20:00,evening,71640.0,26.0
44,44,Mississauga Road,1,29710323,75000,20:50:00,evening,73200.0,30.0
44,44,Mississauga Road,1,29710324,77400,21:30:00,evening,75000.0,40.0
44,44,Mississauga Road,1,29710325,80100,22:15:00,late night,77400.0,45.0
44,44,Mississauga Road,1,29710326,82800,23:00:00,late night,80100.0,45.0
44,44,Mississauga Road,1,29710327,85500,23:45:00,late night,82800.0,45.0
44,44,Mississauga Road,1,29710328,88500,24:35:00,late night,85500.0,50.0
44,44,Mississauga Road,1,29710329,91500,25:25:00,late night,88500.0,50.0
45,45,Winston Churchill,0,29718898,19800,05:30:00,early morning,17460.0,39.0
45,45,Winston Churchill,0,29718899,20700,05:45:00,early morning,19800.0,15.0
45,45,Winston Churchill,0,29718900,21600,06:00:00,AM peak,20700.0,15.0
45,45,Winston Churchill,0,29718901,22680,06:18:00,AM peak,21600.0,18.0
45,45,Winston Churchill,0,29718902,23760,06:36:00,AM peak,22680.0,18.0
45,45,Winston Churchill,0,29718903,24960,06:56:00,AM peak,23760.0,20.0
45,45,Winston Churchill,0,29718904,26400,07:20:00,AM peak,24960.0,24.0
45,45,Winston Churchill,0,29718905,27600,07:40:00,AM peak,26400.0,20.0
45,45,Winston Churchill,0,29718906,28800,08:00:00,AM peak,27600.0,20.0
45,45,Winston Churchill,0,29719211,29760,08:16:00,AM peak,28800.0,16.0
45,45,Winston Churchill,0,29719212,30840,08:34:00,AM peak,29760.0,18.0
45,45,Winston Churchill,0,29719213,32280,08:58:00,AM peak,30840.0,24.0
45,45,Winston Churchill,0,29719214,33360,09:16:00,midday,32280.0,18.0
45,45,Winston Churchill,0,29719215,34440,09:34:00,midday,33360.0,18.0
45,45,Winston Churchill,0,29719216,35880,09:58:00,midday,34440.0,24.0
45,45,Winston Churchill,0,29719217,37800,10:30:00,midday,35880.0,32.0
45,45,Winston Churchill,0,29719218,39720,11:02:00,midday,37800.0,32.0
45,45,Winston Churchill,0,29719219,41640,11:34:00,midday,39720.0,32.0
45,45,Winston Churchill,0,29719220,43560,12:06:00,midday,41640.0,32.0
45,45,Winston Churchill,0,29719221,45480,12:38:00,midday,43560.0,32.0
45,45,Winston Churchill,0,29719222,47280,13:08:00,midday,45480.0,30.0
45,45,Winston Churchill,0,29719223,49080,13:38:00,midday,47280.0,30.0
45,45,Winston Churchill,0,29719224,51000,14:10:00,midday,49080.0,32.0
45,45,Winston Churchill,0,29719225,52020,14:27:00,midday,51000.0,17.0
45,45,Winston Churchill,0,29719226,53040,14:44:00,midday,52020.0,17.0
45,45,Winston Churchill,0,29719227,54000,15:00:00,PM peak,53040.0,16.0
45,45,Winston Churchill,0,29719228,55200,15:20:00,PM peak,54000.0,20.0
45,45,Winston Churchill,0,29719229,56400,15:40:00,PM peak,55200.0,20.0
45,45,Winston Churchill,0,29719230,57600,16:00:00,PM peak,56400.0,20.0
45,45,Winston Churchill,0,29719231,58680,16:18:00,PM peak,57600.0,18.0
45,45,Winston Churchill,0,29719232,59760,16:36:00,PM peak,58680.0,18.0
45,45,Winston Churchill,0,29684152,60180,16:43:00,PM peak,59760.0,7.0
45,45,Winston Churchill,0,29719233,60840,16:54:00,PM peak,60180.0,11.0
45,45,Winston Churchill,0,29719234,61800,17:10:00,PM peak,60840.0,16.0
45,45,Winston Churchill,0,29719235,63000,17:30:00,PM peak,61800.0,20.0
45,45,Winston Churchill,0,29719236,64080,17:48:00,PM peak,63000.0,18.0
45,45,Winston Churchill,0,29719237,65160,18:06:00,PM peak,64080.0,18.0
45,45,Winston Churchill,0,29719238,66360,18:26:00,PM peak,65160.0,20.0
45,45,Winston Churchill,0,29719239,67680,18:48:00,PM peak,66360.0,22.0
45,45,Winston Churchill,0,29719240,69000,19:10:00,evening,67680.0,22.0
45,45,Winston Churchill,0,29719241,70320,19:32:00,evening,69000.0,22.0
45,45,Winston Churchill,0,29719242,71640,19:54:00,evening,70320.0,22.0
45,45,Winston Churchill,0,29719243,72960,20:16:00,evening,71640.0,22.0
45,45,Winston Churchill,0,29719244,74400,20:40:00,evening,72960.0,24.0
45,45,Winston Churchill,0,29719245,76080,21:08:00,evening,74400.0,28.0
45,45,Winston Churchill,0,29719246,77760,21:36:00,evening,76080.0,28.0
45,45,Winston Churchill,0,29719247,79440,22:04:00,late night,77760.0,28.0
45,45,Winston Churchill,0,29719248,81120,22:32:00,late night,79440.0,28.0
45,45,Winston Churchill,0,29719249,82800,23:00:00,late night,81120.0,28.0
45,45,Winston Churchill,0,29719250,84600,23:30:00,late night,82800.0,30.0
45,45,Winston Churchill,0,29719251,86400,24:00:00,late night,84600.0,30.0
45,45,Winston Churchill,1,29719253,18000,05:00:00,early morning,16200.0,30.0
45,45,Winston Churchill,1,29719254,19800,05:30:00,early morning,18000.0,30.0
45,45,Winston Churchill,1,29719255,21000,05:50:00,early morning,19800.0,20.0
45,45,Winston Churchill,1,29719256,22200,06:10:00,AM peak,21000.0,20.0
45,45,Winston Churchill,1,29719257,23400,06:30:00,AM peak,22200.0,20.0
45,45,Winston Churchill,1,29719258,24480,06:48:00,AM peak,23400.0,18.0
45,45,Winston Churchill,1,29719259,25560,07:06:00,AM peak,24480.0,18.0
45,45,Winston Churchill,1,29719260,26640,07:24:00,AM peak,25560.0,18.0
45,45,Winston Churchill,1,29719261,27840,07:44:00,AM peak,26640.0,20.0
45,45,Winston Churchill,1,29719262,29040,08:04:00,AM peak,27840.0,20.0
45,45,Winston Churchill,1,29719263,30240,08:24:00,AM peak,29040.0,20.0
45,45,Winston Churchill,1,29719264,31440,08:44:00,AM peak,30240.0,20.0
45,45,Winston Churchill,1,29719265,32760,09:06:00,midday,31440.0,22.0
45,45,Winston Churchill,1,29719266,34080,09:28:00,midday,32760.0,22.0
45,45,Winston Churchill,1,29719267,35880,09:58:00,midday,34080.0,30.0
45,45,Winston Churchill,1,29719268,37800,10:30:00,midday,35880.0,32.0
45,45,Winston Churchill,1,29719269,39720,11:02:00,midday,37800.0,32.0
45,45,Winston Churchill,1,29719270,41640,11:34:00,midday,39720.0,32.0
45,45,Winston Churchill,1,29719271,43560,12:06:00,midday,41640.0,32.0
45,45,Winston Churchill,1,29719272,45480,12:38:00,midday,43560.0,32.0
45,45,Winston Churchill,1,29719273,47400,13:10:00,midday,45480.0,32.0
45,45,Winston Churchill,1,29719274,48600,13:30:00,midday,47400.0,20.0
45,45,Winston Churchill,1,29719275,49800,13:50:00,midday,48600.0,20.0
45,45,Winston Churchill,1,29719276,51000,14:10:00,midday,49800.0,20.0
45,45,Winston Churchill,1,29719277,52140,14:29:00,midday,51000.0,19.0
45,45,Winston Churchill,1,29719278,53160,14:46:00,midday,52140.0,17.0
45,45,Winston Churchill,1,29719279,54060,15:01:00,PM peak,53160.0,15.0
45,45,Winston Churchill,1,29719280,55260,15:21:00,PM peak,54060.0,20.0
45,45,Winston Churchill,1,29719281,56340,15:39:00,PM peak,55260.0,18.0
45,45,Winston Churchill,1,29719282,57420,15:57:00,PM peak,56340.0,18.0
45,45,Winston Churchill,1,29719283,58500,16:15:00,PM peak,57420.0,18.0
45,45,Winston Churchill,1,29719284,59580,16:33:00,PM peak,58500.0,18.0
45,45,Winston Churchill,1,29719285,60660,16:51:00,PM peak,59580.0,18.0
45,45,Winston Churchill,1,29719286,61740,17:09:00,PM peak,60660.0,18.0
45,45,Winston Churchill,1,29719287,62820,17:27:00,PM peak,61740.0,18.0
45,45,Winston Churchill,1,29719288,63900,17:45:00,PM peak,62820.0,18.0
45,45,Winston Churchill,1,29719289,64980,18:03:00,PM peak,63900.0,18.0
45,45,Winston Churchill,1,29719290,66060,18:21:00,PM peak,64980.0,18.0
45,45,Winston Churchill,1,29719291,67140,18:39:00,PM peak,66060.0,18.0
45,45,Winston Churchill,1,29719292,68220,18:57:00,PM peak,67140.0,18.0
45,45,Winston Churchill,1,29719293,69300,19:15:00,evening,68220.0,18.0
45,45,Winston Churchill,1,29719294,70380,19:33:00,evening,69300.0,18.0
45,45,Winston Churchill,1,29719295,71580,19:53:00,evening,70380.0,20.0
45,45,Winston Churchill,1,29719296,72780,20:13:00,evening,71580.0,20.0
45,45,Winston Churchill,1,29719297,74100,20:35:00,evening,72780.0,22.0
45,45,Winston Churchill,1,29719298,75900,21:05:00,evening,74100.0,30.0
45,45,Winston Churchill,1,29719299,77700,21:35:00,evening,75900.0,30.0
45,45,Winston Churchill,1,29719300,79500,22:05:00,late night,77700.0,30.0
45,45,Winston Churchill,1,29719301,81300,22:35:00,late night,79500.0,30.0
45,45,Winston Churchill,1,29719302,83100,23:05:00,late night,81300.0,30.0
46,46,Tenth Line,0,29681817,20220,05:37:00,early morning,17220.0,50.0
46,46,Tenth Line,0,29681813,22620,06:17:00,AM peak,20220.0,40.0
46,46,Tenth Line,0,29681819,25140,06:59:00,AM peak,22620.0,42.0
46,46,Tenth Line,0,29684121,27660,07:41:00,AM peak,25140.0,42.0
46,46,Tenth Line,0,29681814,27780,07:43:00,AM peak,27660.0,2.0
46,46,Tenth Line,0,29681816,30540,08:29:00,AM peak,27780.0,46.0
46,46,Tenth Line,0,29681820,33300,09:15:00,midday,30540.0,46.0
46,46,Tenth Line,0,29681815,36060,10:01:00,midday,33300.0,46.0
46,46,Tenth Line,0,29681788,38700,10:45:00,midday,36060.0,44.0
46,46,Tenth Line,0,29681799,41340,11:29:00,midday,38700.0,44.0
46,46,Tenth Line,0,29681796,43980,12:13:00,midday,41340.0,44.0
46,46,Tenth Line,0,29681800,46620,12:57:00,midday,43980.0,44.0
46,46,Tenth Line,0,29681795,49260,13:41:00,midday,46620.0,44.0
46,46,Tenth Line,0,29681797,52020,14:27:00,midday,49260.0,46.0
46,46,Tenth Line,0,29684135,52200,14:30:00,midday,52020.0,3.0
46,46,Tenth Line,0,29684147,53880,14:58:00,midday,52200.0,28.0
46,46,Tenth Line,0,29681798,54900,15:15:00,PM peak,53880.0,17.0
46,46,Tenth Line,0,29681801,57780,16:03:00,PM peak,54900.0,48.0
46,46,Tenth Line,0,29681792,60660,16:51:00,PM peak,57780.0,48.0
46,46,Tenth Line,0,29681790,63420,17:37:00,PM peak,60660.0,46.0
46,46,Tenth Line,0,29681802,66180,18:23:00,PM peak,63420.0,46.0
46,46,Tenth Line,0,29681789,68940,19:09:00,evening,66180.0,46.0
46,46,Tenth Line,0,29681803,71580,19:53:00,evening,68940.0,44.0
46,46,Tenth Line,0,29681791,74220,20:37:00,evening,71580.0,44.0
46,46,Tenth Line,0,29681793,76860,21:21:00,evening,74220.0,44.0
46,46,Tenth Line,0,29681794,79380,22:03:00,late night,76860.0,42.0
46,46,Tenth Line,0,29681766,81900,22:45:00,late night,79380.0,42.0
46,46,Tenth Line,0,29681775,84420,23:27:00,late night,81900.0,42.0
46,46,Tenth Line,0,29681769,86820,24:07:00,late night,84420.0,40.0
46,46,Tenth Line,0,29681767,89100,24:45:00,late night,86820.0,38.0
46,46,Tenth Line,0,29681776,91380,25:23:00,late night,89100.0,38.0
46,46,Tenth Line,1,29681810,18000,05:00:00,early morning,15300.0,45.0
46,46,Tenth Line,1,29681804,20400,05:40:00,early morning,18000.0,40.0
46,46,Tenth Line,1,29681811,22800,06:20:00,AM peak,20400.0,40.0
46,46,Tenth Line,1,29681812,25320,07:02:00,AM peak,22800.0,42.0
46,46,Tenth Line,1,29684102,27660,07:41:00,AM peak,25320.0,39.0
46,46,Tenth Line,1,29681805,27960,07:46:00,AM peak,27660.0,5.0
46,46,Tenth Line,1,29681806,30720,08:32:00,AM peak,27960.0,46.0
46,46,Tenth Line,1,29681808,33480,09:18:00,midday,30720.0,46.0
46,46,Tenth Line,1,29681807,36240,10:04:00,midday,33480.0,46.0
46,46,Tenth Line,1,29681768,39000,10:50:00,midday,36240.0,46.0
46,46,Tenth Line,1,29681770,41640,11:34:00,midday,39000.0,44.0
46,46,Tenth Line,1,29681763,44280,12:18:00,midday,41640.0,44.0
46,46,Tenth Line,1,29681765,46920,13:02:00,midday,44280.0,44.0
46,46,Tenth Line,1,29681771,49560,13:46:00,midday,46920.0,44.0
46,46,Tenth Line,1,29681772,52320,14:32:00,midday,49560.0,46.0
46,46,Tenth Line,1,29681778,55080,15:18:00,PM peak,52320.0,46.0
46,46,Tenth Line,1,29681764,57960,16:06:00,PM peak,55080.0,48.0
46,46,Tenth Line,1,29681773,60840,16:54:00,PM peak,57960.0,48.0
46,46,Tenth Line,1,29681786,63720,17:42:00,PM peak,60840.0,48.0
46,46,Tenth Line,1,29681785,66600,18:30:00,PM peak,63720.0,48.0
46,46,Tenth Line,1,29681783,69360,19:16:00,evening,66600.0,46.0
46,46,Tenth Line,1,29681779,72120,20:02:00,evening,69360.0,46.0
46,46,Tenth Line,1,29681784,74760,20:46:00,evening,72120.0,44.0
46,46,Tenth Line,1,29681774,77280,21:28:00,evening,74760.0,42.0
46,46,Tenth Line,1,29681777,79800,22:10:00,late night,77280.0,42.0
46,46,Tenth Line,1,29681781,82320,22:52:00,late night,79800.0,42.0
46,46,Tenth Line,1,29681787,84720,23:32:00,late night,82320.0,40.0
46,46,Tenth Line,1,29681780,87120,24:12:00,late night,84720.0,40.0
46,46,Tenth Line,1,29681782,89520,24:52:00,late night,87120.0,40.0
48,48,Erin Mills,0,29682505,18000,05:00:00,early morning,15300.0,45.0
48,48,Erin Mills,0,29682506,20400,05:40:00,early morning,18000.0,40.0
48,48,Erin Mills,0,29682507,21480,05:58:00,early morning,20400.0,18.0
48,48,Erin Mills,0,29682508,22560,06:16:00,AM peak,21480.0,18.0
48,48,Erin Mills,0,29682509,23760,06:36:00,AM peak,22560.0,20.0
48,48,Erin Mills,0,29682510,24960,06:56:00,AM peak,23760.0,20.0
48,48,Erin Mills,0,29682511,26280,07:18:00,AM peak,24960.0,22.0
48,48,Erin Mills,0,29682512,27600,07:40:00,AM peak,26280.0,22.0
48,48,Erin Mills,0,29682513,28920,08:02:00,AM peak,27600.0,22.0
48,48,Erin Mills,0,29682514,30240,08:24:00,AM peak,28920.0,22.0
48,48,Erin Mills,0,29682515,31560,08:46:00,AM peak,30240.0,22.0
48,48,Erin Mills,0,29682516,33000,09:10:00,midday,31560.0,24.0
48,48,Erin Mills,0,29682517,34560,09:36:00,midday,33000.0,26.0
48,48,Erin Mills,0,29682518,36240,10:04:00,midday,34560.0,28.0
48,48,Erin Mills,0,29682519,37920,10:32:00,midday,36240.0,28.0
48,48,Erin Mills,0,29682520,39720,11:02:00,midday,37920.0,30.0
48,48,Erin Mills,0,29682521,41520,11:32:00,midday,39720.0,30.0
48,48,Erin Mills,0,29682522,43320,12:02:00,midday,41520.0,30.0
48,48,Erin Mills,0,29682523,45000,12:30:00,midday,43320.0,28.0
48,48,Erin Mills,0,29682524,46680,12:58:00,midday,45000.0,28.0
48,48,Erin Mills,0,29682525,48360,13:26:00,midday,46680.0,28.0
48,48,Erin Mills,0,29682526,49680,13:48:00,midday,48360.0,22.0
48,48,Erin Mills,0,29682527,51000,14:10:00,midday,49680.0,22.0
48,48,Erin Mills,0,29682528,52440,14:34:00,midday,51000.0,24.0
48,48,Erin Mills,0,29682529,53880,14:58:00,midday,52440.0,24.0
48,48,Erin Mills,0,29682530,55320,15:22:00,PM peak,53880.0,24.0
48,48,Erin Mills,0,29682531,56760,15:46:00,PM peak,55320.0,24.0
48,48,Erin Mills,0,29682532,58200,16:10:00,PM peak,56760.0,24.0
48,48,Erin Mills,0,29682533,59640,16:34:00,PM peak,58200.0,24.0
48,48,Erin Mills,0,29682534,61080,16:58:00,PM peak,59640.0,24.0
48,48,Erin Mills,0,29682535,62520,17:22:00,PM peak,61080.0,24.0
48,48,Erin Mills,0,29682536,63960,17:46:00,PM peak,62520.0,24.0
48,48,Erin Mills,0,29682537,65640,18:14:00,PM peak,63960.0,28.0
48,48,Erin Mills,0,29682538,68040,18:54:00,PM peak,65640.0,40.0
48,48,Erin Mills,0,29682539,70440,19:34:00,evening,68040.0,40.0
48,48,Erin Mills,0,29682540,72720,20:12:00,evening,70440.0,38.0
48,48,Erin Mills,0,29682541,75000,20:50:00,evening,72720.0,38.0
48,48,Erin Mills,0,29682542,77100,21:25:00,evening,75000.0,35.0
48,48,Erin Mills,0,29682543,79200,22:00:00,late night,77100.0,35.0
48,48,Erin Mills,0,29682544,81300,22:35:00,late night,79200.0,35.0
48,48,Erin Mills,0,29682545,84000,23:20:00,late night,81300.0,45.0
48,48,Erin Mills,0,29682546,86700,24:05:00,late night,84000.0,45.0
48,48,Erin Mills,0,29682547,89100,24:45:00,late night,86700.0,40.0
48,48,Erin Mills,1,29682462,18000,05:00:00,early morning,15300.0,45.0
48,48,Erin Mills,1,29682463,20700,05:45:00,early morning,18000.0,45.0
48,48,Erin Mills,1,29682464,22140,06:09:00,AM peak,20700.0,24.0
48,48,Erin Mills,1,29682465,23460,06:31:00,AM peak,22140.0,22.0
48,48,Erin Mills,1,29682466,24780,06:53:00,AM peak,23460.0,22.0
48,48,Erin Mills,1,29682467,26100,07:15:00,AM peak,24780.0,22.0
48,48,Erin Mills,1,29682468,27420,07:37:00,AM peak,26100.0,22.0
48,48,Erin Mills,1,29682469,28620,07:57:00,AM peak,27420.0,20.0
48,48,Erin Mills,1,29682470,30060,08:21:00,AM peak,28620.0,24.0
48,48,Erin Mills,1,29682471,31500,08:45:00,AM peak,30060.0,24.0
48,48,Erin Mills,1,29682472,33180,09:13:00,midday,31500.0,28.0
48,48,Erin Mills,1,29682473,34980,09:43:00,midday,33180.0,30.0
48,48,Erin Mills,1,29682474,36780,10:13:00,midday,34980.0,30.0
48,48,Erin Mills,1,29682475,38580,10:43:00,midday,36780.0,30.0
48,48,Erin Mills,1,29682476,40260,11:11:00,midday,38580.0,28.0
48,48,Erin Mills,1,29682477,41940,11:39:00,midday,40260.0,28.0
48,48,Erin Mills,1,29682478,43620,12:07:00,midday,41940.0,28.0
48,48,Erin Mills,1,29682479,45300,12:35:00,midday,43620.0,28.0
48,48,Erin Mills,1,29682480,47100,13:05:00,midday,45300.0,30.0
48,48,Erin Mills,1,29682481,48780,13:33:00,midday,47100.0,28.0
48,48,Erin Mills,1,29682482,50460,14:01:00,midday,48780.0,28.0
48,48,Erin Mills,1,29682483,52140,14:29:00,midday,50460.0,28.0
48,48,Erin Mills,1,29682484,53580,14:53:00,midday,52140.0,24.0
48,48,Erin Mills,1,29682485,55020,15:17:00,PM peak,53580.0,24.0
48,48,Erin Mills,1,29682486,56460,15:41:00,PM peak,55020.0,24.0
48,48,Erin Mills,1,29682487,57900,16:05:00,PM peak,56460.0,24.0
48,48,Erin Mills,1,29682488,59340,16:29:00,PM peak,57900.0,24.0
48,48,Erin Mills,1,29682489,60780,16:53:00,PM peak,59340.0,24.0
48,48,Erin Mills,1,29682490,62220,17:17:00,PM peak,60780.0,24.0
48,48,Erin Mills,1,29682491,63660,17:41:00,PM peak,62220.0,24.0
48,48,Erin Mills,1,29682492,65100,18:05:00,PM peak,63660.0,24.0
48,48,Erin Mills,1,29682493,67500,18:45:00,PM peak,65100.0,40.0
48,48,Erin Mills,1,29682494,69900,19:25:00,evening,67500.0,40.0
48,48,Erin Mills,1,29682495,72180,20:03:00,evening,69900.0,38.0
48,48,Erin Mills,1,29682496,74340,20:39:00,evening,72180.0,36.0
48,48,Erin Mills,1,29682497,76500,21:15:00,evening,74340.0,36.0
48,48,Erin Mills,1,29682498,78600,21:50:00,evening,76500.0,35.0
48,48,Erin Mills,1,29682499,81300,22:35:00,late night,78600.0,45.0
48,48,Erin Mills,1,29682500,84000,23:20:00,late night,81300.0,45.0
48,48,Erin Mills,1,29682501,86700,24:05:00,late night,84000.0,45.0
48,48,Erin Mills,1,29682502,89400,24:50:00,late night,86700.0,45.0
48,48,Erin Mills,1,29682503,91800,25:30:00,late night,89400.0,40.0
49,49,McDowell,0,29681868,23280,06:28:00,AM peak,21300.0,33.0
49,49,McDowell,0,29681861,24180,06:43:00,AM peak,23280.0,15.0
49,49,McDowell,0,29684148,24900,06:55:00,AM peak,24180.0,12.0
49,49,McDowell,0,29681869,25740,07:09:00,AM peak,24900.0,14.0
49,49,McDowell,0,29681860,26700,07:25:00,AM peak,25740.0,16.0
49,49,McDowell,0,29681858,27600,07:40:00,AM peak,26700.0,15.0
49,49,McDowell,0,29681866,28440,07:54:00,AM peak,27600.0,14.0
49,49,McDowell,0,29684150,29460,08:11:00,AM peak,28440.0,17.0
49,49,McDowell,0,29681854,30300,08:25:00,AM peak,29460.0,14.0
49,49,McDowell,0,29681855,32940,09:09:00,midday,30300.0,44.0
49,49,McDowell,0,29681850,35580,09:53:00,midday,32940.0,44.0
49,49,McDowell,0,29681851,38220,10:37:00,midday,35580.0,44.0
49,49,McDowell,0,29681845,40920,11:22:00,midday,38220.0,45.0
49,49,McDowell,0,29681848,43680,12:08:00,midday,40920.0,46.0
49,49,McDowell,0,29681842,46560,12:56:00,midday,43680.0,48.0
49,49,McDowell,0,29681843,49440,13:44:00,midday,46560.0,48.0
49,49,McDowell,0,29681838,52320,14:32:00,midday,49440.0,48.0
49,49,McDowell,0,29681829,55200,15:20:00,PM peak,52320.0,48.0
49,49,McDowell,0,29681826,58020,16:07:00,PM peak,55200.0,47.0
49,49,McDowell,0,29681832,60660,16:51:00,PM peak,58020.0,44.0
49,49,McDowell,0,29681833,63300,17:35:00,PM peak,60660.0,44.0
49,49,McDowell,0,29681823,65040,18:04:00,PM peak,63300.0,29.0
49,49,McDowell,0,29681830,66060,18:21:00,PM peak,65040.0,17.0
49,49,McDowell,0,29681834,68700,19:05:00,evening,66060.0,44.0
49,49,McDowell,0,29681824,70800,19:40:00,evening,68700.0,35.0
49,49,McDowell,1,29681864,24600,06:50:00,AM peak,22140.0,41.0
49,49,McDowell,1,29681859,25560,07:06:00,AM peak,24600.0,16.0
49,49,McDowell,1,29681862,27180,07:33:00,AM peak,25560.0,27.0
49,49,McDowell,1,29681857,28140,07:49:00,AM peak,27180.0,16.0
49,49,McDowell,1,29681856,28980,08:03:00,AM peak,28140.0,14.0
49,49,McDowell,1,29681863,29880,08:18:00,AM peak,28980.0,15.0
49,49,McDowell,1,29681853,31680,08:48:00,AM peak,29880.0,30.0
49,49,McDowell,1,29681849,34440,09:34:00,midday,31680.0,46.0
49,49,McDowell,1,29681852,37140,10:19:00,midday,34440.0,45.0
49,49,McDowell,1,29681847,39840,11:04:00,midday,37140.0,45.0
49,49,McDowell,1,29681846,42540,11:49:00,midday,39840.0,45.0
49,49,McDowell,1,29681841,45300,12:35:00,midday,42540.0,46.0
49,49,McDowell,1,29681844,48060,13:21:00,midday,45300.0,46.0
49,49,McDowell,1,29681840,50820,14:07:00,midday,48060.0,46.0
49,49,McDowell,1,29681839,53700,14:55:00,midday,50820.0,48.0
49,49,McDowell,1,29681827,56580,15:43:00,PM peak,53700.0,48.0
49,49,McDowell,1,29681828,59340,16:29:00,PM peak,56580.0,46.0
49,49,McDowell,1,29681831,61920,17:12:00,PM peak,59340.0,43.0
49,49,McDowell,1,29684151,62880,17:28:00,PM peak,61920.0,16.0
49,49,McDowell,1,29681822,63660,17:41:00,PM peak,62880.0,13.0
49,49,McDowell,1,29681835,64680,17:58:00,PM peak,63660.0,17.0
49,49,McDowell,1,29681821,66060,18:21:00,PM peak,64680.0,23.0
49,49,McDowell,1,29681825,67380,18:43:00,PM peak,66060.0,22.0
49,49,McDowell,1,29681836,69600,19:20:00,evening,67380.0,37.0
49,49,McDowell,1,29681837,72000,20:00:00,evening,69600.0,40.0
51,51,Tomken,0,29893722,16140,04:29:00,early morning,15960.0,3.0
51,51,Tomken,0,29893005,17220,04:47:00,early morning,16140.0,18.0
51,51,Tomken,0,29893003,18360,05:06:00,early morning,17220.0,19.0
51,51,Tomken,0,29893004,19560,05:26:00,early morning,18360.0,20.0
51,51,Tomken,0,29893002,20520,05:42:00,early morning,19560.0,16.0
51,51,Tomken,0,29893010,21480,05:58:00,early morning,20520.0,16.0
51,51,Tomken,0,29893007,22200,06:10:00,AM peak,21480.0,12.0
51,51,Tomken,0,29893022,22920,06:22:00,AM peak,22200.0,12.0
51,51,Tomken,0,29893015,23760,06:36:00,AM peak,22920.0,14.0
51,51,Tomken,0,29893008,24600,06:50:00,AM peak,23760.0,14.0
51,51,Tomken,0,29893006,25440,07:04:00,AM peak,24600.0,14.0
51,51,Tomken,0,29893013,26280,07:18:00,AM peak,25440.0,14.0
51,51,Tomken,0,29893725,26580,07:23:00,AM peak,26280.0,5.0
51,51,Tomken,0,29893016,27180,07:33:00,AM peak,26580.0,10.0
51,51,Tomken,0,29893018,28260,07:51:00,AM peak,27180.0,18.0
51,51,Tomken,0,29893009,29160,08:06:00,AM peak,28260.0,15.0
51,51,Tomken,0,29893011,30060,08:21:00,AM peak,29160.0,15.0
51,51,Tomken,0,29893023,30960,08:36:00,AM peak,30060.0,15.0
51,51,Tomken,0,29892989,31860,08:51:00,AM peak,30960.0,15.0
51,51,Tomken,0,29893012,32700,09:05:00,midday,31860.0,14.0
51,51,Tomken,0,29892985,34200,09:30:00,midday,32700.0,25.0
51,51,Tomken,0,29892986,35700,09:55:00,midday,34200.0,25.0
51,51,Tomken,0,29892987,37440,10:24:00,midday,35700.0,29.0
51,51,Tomken,0,29892981,39240,10:54:00,midday,37440.0,30.0
51,51,Tomken,0,29892980,41040,11:24:00,midday,39240.0,30.0
51,51,Tomken,0,29892977,42840,11:54:00,midday,41040.0,30.0
51,51,Tomken,0,29892976,44640,12:24:00,midday,42840.0,30.0
51,51,Tomken,0,29892971,46440,12:54:00,midday,44640.0,30.0
51,51,Tomken,0,29892964,48120,13:22:00,midday,46440.0,28.0
51,51,Tomken,0,29892967,48900,13:35:00,midday,48120.0,13.0
51,51,Tomken,0,29892978,49680,13:48:00,midday,48900.0,13.0
51,51,Tomken,0,29892966,50460,14:01:00,midday,49680.0,13.0
51,51,Tomken,0,29892969,51240,14:14:00,midday,50460.0,13.0
51,51,Tomken,0,29892965,52020,14:27:00,midday,51240.0,13.0
51,51,Tomken,0,29892955,52800,14:40:00,midday,52020.0,13.0
51,51,Tomken,0,29892959,53580,14:53:00,midday,52800.0,13.0
51,51,Tomken,0,29892957,54360,15:06:00,PM peak,53580.0,13.0
51,51,Tomken,0,29892954,55140,15:19:00,PM peak,54360.0,13.0
51,51,Tomken,0,29892958,55920,15:32:00,PM peak,55140.0,13.0
51,51,Tomken,0,29892933,56700,15:45:00,PM peak,55920.0,13.0
51,51,Tomken,0,29892936,57480,15:58:00,PM peak,56700.0,13.0
51,51,Tomken,0,29892946,58260,16:11:00,PM peak,57480.0,13.0
51,51,Tomken,0,29892943,59040,16:24:00,PM peak,58260.0,13.0
51,51,Tomken,0,29892937,59820,16:37:00,PM peak,59040.0,13.0
51,51,Tomken,0,29892942,60600,16:50:00,PM peak,59820.0,13.0
51,51,Tomken,0,29892912,61380,17:03:00,PM peak,60600.0,13.0
51,51,Tomken,0,29892913,62160,17:16:00,PM peak,61380.0,13.0
51,51,Tomken,0,29892956,62940,17:29:00,PM peak,62160.0,13.0
51,51,Tomken,0,29892920,63720,17:42:00,PM peak,62940.0,13.0
51,51,Tomken,0,29892923,64500,17:55:00,PM peak,63720.0,13.0
51,51,Tomken,0,29892927,65940,18:19:00,PM peak,64500.0,24.0
51,51,Tomken,0,29892911,67380,18:43:00,PM peak,65940.0,24.0
51,51,Tomken,0,29892938,68820,19:07:00,evening,67380.0,24.0
51,51,Tomken,0,29892902,70260,19:31:00,evening,68820.0,24.0
51,51,Tomken,0,29892914,71820,19:57:00,evening,70260.0,26.0
51,51,Tomken,0,29892915,73380,20:23:00,evening,71820.0,26.0
51,51,Tomken,0,29892939,75480,20:58:00,evening,73380.0,35.0
51,51,Tomken,0,29892916,78480,21:48:00,evening,75480.0,50.0
51,51,Tomken,0,29892940,81480,22:38:00,late night,78480.0,50.0
51,51,Tomken,0,29892917,84360,23:26:00,late night,81480.0,48.0
51,51,Tomken,0,29892941,87240,24:14:00,late night,84360.0,48.0
51,51,Tomken,0,29892918,90120,25:02:00,late night,87240.0,48.0
51,51,Tomken,0,29892947,92940,25:49:00,late night,90120.0,47.0
51,51,Tomken,1,29892997,18540,05:09:00,early morning,17640.0,15.0
51,51,Tomken,1,29893019,19380,05:23:00,early morning,18540.0,14.0
51,51,Tomken,1,29892999,20220,05:37:00,early morning,19380.0,14.0
51,51,Tomken,1,29893000,21060,05:51:00,early morning,20220.0,14.0
51,51,Tomken,1,29893001,21900,06:05:00,AM peak,21060.0,14.0
51,51,Tomken,1,29892994,22800,06:20:00,AM peak,21900.0,15.0
51,51,Tomken,1,29893014,23700,06:35:00,AM peak,22800.0,15.0
51,51,Tomken,1,29893017,24600,06:50:00,AM peak,23700.0,15.0
51,51,Tomken,1,29892995,25500,07:05:00,AM peak,24600.0,15.0
51,51,Tomken,1,29892991,26340,07:19:00,AM peak,25500.0,14.0
51,51,Tomken,1,29893720,26640,07:24:00,AM peak,26340.0,5.0
51,51,Tomken,1,29893020,27180,07:33:00,AM peak,26640.0,9.0
51,51,Tomken,1,29892996,28020,07:47:00,AM peak,27180.0,14.0
51,51,Tomken,1,29892992,28860,08:01:00,AM peak,28020.0,14.0
51,51,Tomken,1,29892993,29700,08:15:00,AM peak,28860.0,14.0
51,51,Tomken,1,29892990,30540,08:29:00,AM peak,29700.0,14.0
51,51,Tomken,1,29892988,32220,08:57:00,AM peak,30540.0,28.0
51,51,Tomken,1,29892982,34020,09:27:00,midday,32220.0,30.0
51,51,Tomken,1,29892984,35820,09:57:00,midday,34020.0,30.0
51,51,Tomken,1,29892983,37620,10:27:00,midday,35820.0,30.0
51,51,Tomken,1,29892979,39420,10:57:00,midday,37620.0,30.0
51,51,Tomken,1,29892974,41220,11:27:00,midday,39420.0,30.0
51,51,Tomken,1,29892972,42900,11:55:00,midday,41220.0,28.0
51,51,Tomken,1,29892975,44580,12:23:00,midday,42900.0,28.0
51,51,Tomken,1,29892973,46260,12:51:00,midday,44580.0,28.0
51,51,Tomken,1,29892960,47940,13:19:00,midday,46260.0,28.0
51,51,Tomken,1,29892968,49140,13:39:00,midday,47940.0,20.0
51,51,Tomken,1,29892962,49920,13:52:00,midday,49140.0,13.0
51,51,Tomken,1,29892961,50700,14:05:00,midday,49920.0,13.0
51,51,Tomken,1,29893724,51120,14:12:00,midday,50700.0,7.0
51,51,Tomken,1,29892970,51480,14:18:00,midday,51120.0,6.0
51,51,Tomken,1,29892963,52260,14:31:00,midday,51480.0,13.0
51,51,Tomken,1,29892948,53040,14:44:00,midday,52260.0,13.0
51,51,Tomken,1,29892950,53820,14:57:00,midday,53040.0,13.0
51,51,Tomken,1,29892949,54600,15:10:00,PM peak,53820.0,13.0
51,51,Tomken,1,29892951,55380,15:23:00,PM peak,54600.0,13.0
51,51,Tomken,1,29892928,56160,15:36:00,PM peak,55380.0,13.0
51,51,Tomken,1,29892930,56940,15:49:00,PM peak,56160.0,13.0
51,51,Tomken,1,29892944,57720,16:02:00,PM peak,56940.0,13.0
51,51,Tomken,1,29892953,58500,16:15:00,PM peak,57720.0,13.0
51,51,Tomken,1,29892935,59280,16:28:00,PM peak,58500.0,13.0
51,51,Tomken,1,29892919,60060,16:41:00,PM peak,59280.0,13.0
51,51,Tomken,1,29893721,60180,16:43:00,PM peak,60060.0,2.0
51,51,Tomken,1,29892921,60840,16:54:00,PM peak,60180.0,11.0
51,51,Tomken,1,29892922,61620,17:07:00,PM peak,60840.0,13.0
51,51,Tomken,1,29892905,62400,17:20:00,PM peak,61620.0,13.0
51,51,Tomken,1,29892906,63180,17:33:00,PM peak,62400.0,13.0
51,51,Tomken,1,29892910,63960,17:46:00,PM peak,63180.0,13.0
51,51,Tomken,1,29892945,64740,17:59:00,PM peak,63960.0,13.0
51,51,Tomken,1,29892924,65520,18:12:00,PM peak,64740.0,13.0
51,51,Tomken,1,29892925,66300,18:25:00,PM peak,65520.0,13.0
51,51,Tomken,1,29892952,67200,18:40:00,PM peak,66300.0,15.0
51,51,Tomken,1,29892904,68100,18:55:00,PM peak,67200.0,15.0
51,51,Tomken,1,29892907,69540,19:19:00,evening,68100.0,24.0
51,51,Tomken,1,29892901,70980,19:43:00,evening,69540.0,24.0
51,51,Tomken,1,29892934,72420,20:07:00,evening,70980.0,24.0
51,51,Tomken,1,29892908,75540,20:59:00,evening,72420.0,52.0
51,51,Tomken,1,29892931,78660,21:51:00,evening,75540.0,52.0
51,51,Tomken,1,29892909,81780,22:43:00,late night,78660.0,52.0
51,51,Tomken,1,29892932,84660,23:31:00,late night,81780.0,48.0
51,51,Tomken,1,29892903,87540,24:19:00,late night,84660.0,48.0
51,51,Tomken,1,29892929,90420,25:07:00,late night,87540.0,48.0
51,51,Tomken,1,29892926,93240,25:54:00,late night,90420.0,47.0
53,53,Kennedy,0,29764730,19080,05:18:00,early morning,17940.0,19.0
53,53,Kennedy,0,29764731,20160,05:36:00,early morning,19080.0,18.0
53,53,Kennedy,0,29764732,21240,05:54:00,early morning,20160.0,18.0
53,53,Kennedy,0,29764733,22320,06:12:00,AM peak,21240.0,18.0
53,53,Kennedy,0,29764734,23640,06:34:00,AM peak,22320.0,22.0
53,53,Kennedy,0,29764735,24960,06:56:00,AM peak,23640.0,22.0
53,53,Kennedy,0,29764736,26280,07:18:00,AM peak,24960.0,22.0
53,53,Kennedy,0,29764737,27600,07:40:00,AM peak,26280.0,22.0
53,53,Kennedy,0,29764738,28920,08:02:00,AM peak,27600.0,22.0
53,53,Kennedy,0,29764739,30360,08:26:00,AM peak,28920.0,24.0
53,53,Kennedy,0,29764740,31800,08:50:00,AM peak,30360.0,24.0
53,53,Kennedy,0,29764741,34080,09:28:00,midday,31800.0,38.0
53,53,Kennedy,0,29764742,36120,10:02:00,midday,34080.0,34.0
53,53,Kennedy,0,29764743,38160,10:36:00,midday,36120.0,34.0
53,53,Kennedy,0,29764744,40200,11:10:00,midday,38160.0,34.0
53,53,Kennedy,0,29764745,42120,11:42:00,midday,40200.0,32.0
53,53,Kennedy,0,29764746,44040,12:14:00,midday,42120.0,32.0
53,53,Kennedy,0,29764747,46080,12:48:00,midday,44040.0,34.0
53,53,Kennedy,0,29764748,48120,13:22:00,midday,46080.0,34.0
53,53,Kennedy,0,29764749,49200,13:40:00,midday,48120.0,18.0
53,53,Kennedy,0,29764750,50280,13:58:00,midday,49200.0,18.0
53,53,Kennedy,0,29764751,51360,14:16:00,midday,50280.0,18.0
53,53,Kennedy,0,29764752,52440,14:34:00,midday,51360.0,18.0
53,53,Kennedy,0,29764753,53640,14:54:00,midday,52440.0,20.0
53,53,Kennedy,0,29764754,54840,15:14:00,PM peak,53640.0,20.0
53,53,Kennedy,0,29764755,56160,15:36:00,PM peak,54840.0,22.0
53,53,Kennedy,0,29764756,57480,15:58:00,PM peak,56160.0,22.0
53,53,Kennedy,0,29764757,58800,16:20:00,PM peak,57480.0,22.0
53,53,Kennedy,0,29764758,60120,16:42:00,PM peak,58800.0,22.0
53,53,Kennedy,0,29764759,61320,17:02:00,PM peak,60120.0,20.0
53,53,Kennedy,0,29764760,62520,17:22:00,PM peak,61320.0,20.0
53,53,Kennedy,0,29764761,63840,17:44:00,PM peak,62520.0,22.0
53,53,Kennedy,0,29764762,65160,18:06:00,PM peak,63840.0,22.0
53,53,Kennedy,0,29764763,66600,18:30:00,PM peak,65160.0,24.0
53,53,Kennedy,0,29764764,68280,18:58:00,PM peak,66600.0,28.0
53,53,Kennedy,0,29764765,71280,19:48:00,evening,68280.0,50.0
53,53,Kennedy,0,29764766,74160,20:36:00,evening,71280.0,48.0
53,53,Kennedy,0,29764767,77040,21:24:00,evening,74160.0,48.0
53,53,Kennedy,0,29764768,79800,22:10:00,late night,77040.0,46.0
53,53,Kennedy,0,29764769,82440,22:54:00,late night,79800.0,44.0
53,53,Kennedy,0,29764770,85080,23:38:00,late night,82440.0,44.0
53,53,Kennedy,1,29764689,20640,05:44:00,early morning,19200.0,24.0
53,53,Kennedy,1,29764690,21960,06:06:00,AM peak,20640.0,22.0
53,53,Kennedy,1,29764691,23160,06:26:00,AM peak,21960.0,20.0
53,53,Kennedy,1,29764692,24240,06:44:00,AM peak,23160.0,18.0
53,53,Kennedy,1,29764693,25440,07:04:00,AM peak,24240.0,20.0
53,53,Kennedy,1,29764694,26760,07:26:00,AM peak,25440.0,22.0
53,53,Kennedy,1,29764695,28080,07:48:00,AM peak,26760.0,22.0
53,53,Kennedy,1,29764696,29400,08:10:00,AM peak,28080.0,22.0
53,53,Kennedy,1,29764697,30960,08:36:00,AM peak,29400.0,26.0
53,53,Kennedy,1,29764698,32520,09:02:00,midday,30960.0,26.0
53,53,Kennedy,1,29764699,34800,09:40:00,midday,32520.0,38.0
53,53,Kennedy,1,29764700,37080,10:18:00,midday,34800.0,38.0
53,53,Kennedy,1,29764701,39120,10:52:00,midday,37080.0,34.0
53,53,Kennedy,1,29764702,41160,11:26:00,midday,39120.0,34.0
53,53,Kennedy,1,29764703,43200,12:00:00,midday,41160.0,34.0
53,53,Kennedy,1,29764704,45240,12:34:00,midday,43200.0,34.0
53,53,Kennedy,1,29764705,47280,13:08:00,midday,45240.0,34.0
53,53,Kennedy,1,29764706,49320,13:42:00,midday,47280.0,34.0
53,53,Kennedy,1,29764707,51360,14:16:00,midday,49320.0,34.0
53,53,Kennedy,1,29764708,52680,14:38:00,midday,51360.0,22.0
53,53,Kennedy,1,29764709,54000,15:00:00,PM peak,52680.0,22.0
53,53,Kennedy,1,29764710,55200,15:20:00,PM peak,54000.0,20.0
53,53,Kennedy,1,29764711,56400,15:40:00,PM peak,55200.0,20.0
53,53,Kennedy,1,29764712,57600,16:00:00,PM peak,56400.0,20.0
53,53,Kennedy,1,29764713,58800,16:20:00,PM peak,57600.0,20.0
53,53,Kennedy,1,29764714,60000,16:40:00,PM peak,58800.0,20.0
53,53,Kennedy,1,29764715,61200,17:00:00,PM peak,60000.0,20.0
53,53,Kennedy,1,29764716,62400,17:20:00,PM peak,61200.0,20.0
53,53,Kennedy,1,29764717,63600,17:40:00,PM peak,62400.0,20.0
53,53,Kennedy,1,29764718,64800,18:00:00,PM peak,63600.0,20.0
53,53,Kennedy,1,29764719,66000,18:20:00,PM peak,64800.0,20.0
53,53,Kennedy,1,29764720,67200,18:40:00,PM peak,66000.0,20.0
53,53,Kennedy,1,29764721,68400,19:00:00,evening,67200.0,20.0
53,53,Kennedy,1,29764722,71400,19:50:00,evening,68400.0,50.0
53,53,Kennedy,1,29764723,74400,20:40:00,evening,71400.0,50.0
53,53,Kennedy,1,29764724,77160,21:26:00,evening,74400.0,46.0
53,53,Kennedy,1,29764725,79920,22:12:00,late night,77160.0,46.0
53,53,Kennedy,1,29764726,82560,22:56:00,late night,79920.0,44.0
53,53,Kennedy,1,29764727,85200,23:40:00,late night,82560.0,44.0
53,53,Kennedy,1,29764728,87720,24:22:00,late night,85200.0,42.0
57,57,Courtneypark,0,29680056,15600,04:20:00,early morning,14400.0,20.0
57,57,Courtneypark,0,29680057,16680,04:38:00,early morning,15600.0,18.0
57,57,Courtneypark,0,29680058,17640,04:54:00,early morning,16680.0,16.0
57,57,Courtneypark,0,29680059,18360,05:06:00,early morning,17640.0,12.0
57,57,Courtneypark,0,29680060,19080,05:18:00,early morning,18360.0,12.0
57,57,Courtneypark,0,29680061,19740,05:29:00,early morning,19080.0,11.0
57,57,Courtneypark,0,29680062,20460,05:41:00,early morning,19740.0,12.0
57,57,Courtneypark,0,29680063,21240,05:54:00,early morning,20460.0,13.0
57,57,Courtneypark,0,29680064,21960,06:06:00,AM peak,21240.0,12.0
57,57,Courtneypark,0,29680065,22680,06:18:00,AM peak,21960.0,12.0
57,57,Courtneypark,0,29680066,23400,06:30:00,AM peak,22680.0,12.0
57,57,Courtneypark,0,29680067,24120,06:42:00,AM peak,23400.0,12.0
57,57,Courtneypark,0,29680068,24840,06:54:00,AM peak,24120.0,12.0
57,57,Courtneypark,0,29680069,25680,07:08:00,AM peak,24840.0,14.0
57,57,Courtneypark,0,29680070,26520,07:22:00,AM peak,25680.0,14.0
57,57,Courtneypark,0,29680071,27360,07:36:00,AM peak,26520.0,14.0
57,57,Courtneypark,0,29680072,28200,07:50:00,AM peak,27360.0,14.0
57,57,Courtneypark,0,29680073,28920,08:02:00,AM peak,28200.0,12.0
57,57,Courtneypark,0,29680074,29520,08:12:00,AM peak,28920.0,10.0
57,57,Courtneypark,0,29680075,30120,08:22:00,AM peak,29520.0,10.0
57,57,Courtneypark,0,29680076,30720,08:32:00,AM peak,30120.0,10.0
57,57,Courtneypark,0,29680077,32280,08:58:00,AM peak,30720.0,26.0
57,57,Courtneypark,0,29680078,33840,09:24:00,midday,32280.0,26.0
57,57,Courtneypark,0,29680079,35400,09:50:00,midday,33840.0,26.0
57,57,Courtneypark,0,29680080,36960,10:16:00,midday,35400.0,26.0
57,57,Courtneypark,0,29680081,38520,10:42:00,midday,36960.0,26.0
57,57,Courtneypark,0,29680082,40080,11:08:00,midday,38520.0,26.0
57,57,Courtneypark,0,29680083,41640,11:34:00,midday,40080.0,26.0
57,57,Courtneypark,0,29680084,43080,11:58:00,midday,41640.0,24.0
57,57,Courtneypark,0,29680085,44520,12:22:00,midday,43080.0,24.0
57,57,Courtneypark,0,29680086,45960,12:46:00,midday,44520.0,24.0
57,57,Courtneypark,0,29680087,47400,13:10:00,midday,45960.0,24.0
57,57,Courtneypark,0,29680088,48840,13:34:00,midday,47400.0,24.0
57,57,Courtneypark,0,29680089,49440,13:44:00,midday,48840.0,10.0
57,57,Courtneypark,0,29680090,50040,13:54:00,midday,49440.0,10.0
57,57,Courtneypark,0,29680091,50640,14:04:00,midday,50040.0,10.0
57,57,Courtneypark,0,29680092,51420,14:17:00,midday,50640.0,13.0
57,57,Courtneypark,0,29680093,52200,14:30:00,midday,51420.0,13.0
57,57,Courtneypark,0,29680094,52980,14:43:00,midday,52200.0,13.0
57,57,Courtneypark,0,29680095,53760,14:56:00,midday,52980.0,13.0
57,57,Courtneypark,0,29680096,54420,15:07:00,PM peak,53760.0,11.0
57,57,Courtneypark,0,29680097,55320,15:22:00,PM peak,54420.0,15.0
57,57,Courtneypark,0,29680098,56100,15:35:00,PM peak,55320.0,13.0
57,57,Courtneypark,0,29680099,56880,15:48:00,PM peak,56100.0,13.0
57,57,Courtneypark,0,29680100,57660,16:01:00,PM peak,56880.0,13.0
57,57,Courtneypark,0,29680101,58440,16:14:00,PM peak,57660.0,13.0
57,57,Courtneypark,0,29680102,59280,16:28:00,PM peak,58440.0,14.0
57,57,Courtneypark,0,29680103,59940,16:39:00,PM peak,59280.0,11.0
57,57,Courtneypark,0,29680104,60600,16:50:00,PM peak,59940.0,11.0
57,57,Courtneypark,0,29680105,61200,17:00:00,PM peak,60600.0,10.0
57,57,Courtneypark,0,29680106,62280,17:18:00,PM peak,61200.0,18.0
57,57,Courtneypark,0,29680107,63300,17:35:00,PM peak,62280.0,17.0
57,57,Courtneypark,0,29680108,64380,17:53:00,PM peak,63300.0,18.0
57,57,Courtneypark,0,29680109,65940,18:19:00,PM peak,64380.0,26.0
57,57,Courtneypark,0,29680110,67500,18:45:00,PM peak,65940.0,26.0
57,57,Courtneypark,0,29680111,68940,19:09:00,evening,67500.0,24.0
57,57,Courtneypark,1,29680113,19380,05:23:00,early morning,18240.0,19.0
57,57,Courtneypark,1,29680114,20280,05:38:00,early morning,19380.0,15.0
57,57,Courtneypark,1,29680115,21000,05:50:00,early morning,20280.0,12.0
57,57,Courtneypark,1,29680116,21720,06:02:00,AM peak,21000.0,12.0
57,57,Courtneypark,1,29680117,22440,06:14:00,AM peak,21720.0,12.0
57,57,Courtneypark,1,29680118,23160,06:26:00,AM peak,22440.0,12.0
57,57,Courtneypark,1,29680119,23880,06:38:00,AM peak,23160.0,12.0
57,57,Courtneypark,1,29680120,24600,06:50:00,AM peak,23880.0,12.0
57,57,Courtneypark,1,29680121,25320,07:02:00,AM peak,24600.0,12.0
57,57,Courtneypark,1,29680122,26040,07:14:00,AM peak,25320.0,12.0
57,57,Courtneypark,1,29680123,26760,07:26:00,AM peak,26040.0,12.0
57,57,Courtneypark,1,29680124,27480,07:38:00,AM peak,26760.0,12.0
57,57,Courtneypark,1,29680125,28200,07:50:00,AM peak,27480.0,12.0
57,57,Courtneypark,1,29680126,28920,08:02:00,AM peak,28200.0,12.0
57,57,Courtneypark,1,29680127,29640,08:14:00,AM peak,28920.0,12.0
57,57,Courtneypark,1,29680128,30480,08:28:00,AM peak,29640.0,14.0
57,57,Courtneypark,1,29680129,31320,08:42:00,AM peak,30480.0,14.0
57,57,Courtneypark,1,29680130,32160,08:56:00,AM peak,31320.0,14.0
57,57,Courtneypark,1,29680131,33000,09:10:00,midday,32160.0,14.0
57,57,Courtneypark,1,29680132,33720,09:22:00,midday,33000.0,12.0
57,57,Courtneypark,1,29680133,34440,09:34:00,midday,33720.0,12.0
57,57,Courtneypark,1,29680134,35160,09:46:00,midday,34440.0,12.0
57,57,Courtneypark,1,29680135,36600,10:10:00,midday,35160.0,24.0
57,57,Courtneypark,1,29680136,38040,10:34:00,midday,36600.0,24.0
57,57,Courtneypark,1,29680137,39480,10:58:00,midday,38040.0,24.0
57,57,Courtneypark,1,29680138,40920,11:22:00,midday,39480.0,24.0
57,57,Courtneypark,1,29680139,42360,11:46:00,midday,40920.0,24.0
57,57,Courtneypark,1,29680140,43800,12:10:00,midday,42360.0,24.0
57,57,Courtneypark,1,29680141,45360,12:36:00,midday,43800.0,26.0
57,57,Courtneypark,1,29680142,46920,13:02:00,midday,45360.0,26.0
57,57,Courtneypark,1,29680143,48480,13:28:00,midday,46920.0,26.0
57,57,Courtneypark,1,29680144,50040,13:54:00,midday,48480.0,26.0
57,57,Courtneypark,1,29680145,51600,14:20:00,midday,50040.0,26.0
57,57,Courtneypark,1,29684140,53100,14:45:00,midday,51600.0,25.0
57,57,Courtneypark,1,29680146,53160,14:46:00,midday,53100.0,1.0
57,57,Courtneypark,1,29680147,53820,14:57:00,midday,53160.0,11.0
57,57,Courtneypark,1,29680148,54480,15:08:00,PM peak,53820.0,11.0
57,57,Courtneypark,1,29680149,55140,15:19:00,PM peak,54480.0,11.0
57,57,Courtneypark,1,29680150,55800,15:30:00,PM peak,55140.0,11.0
57,57,Courtneypark,1,29680151,56460,15:41:00,PM peak,55800.0,11.0
57,57,Courtneypark,1,29680152,57240,15:54:00,PM peak,56460.0,13.0
57,57,Courtneypark,1,29680153,57900,16:05:00,PM peak,57240.0,11.0
57,57,Courtneypark,1,29680154,58620,16:17:00,PM peak,57900.0,12.0
57,57,Courtneypark,1,29680155,59400,16:30:00,PM peak,58620.0,13.0
57,57,Courtneypark,1,29680156,60180,16:43:00,PM peak,59400.0,13.0
57,57,Courtneypark,1,29680157,60960,16:56:00,PM peak,60180.0,13.0
57,57,Courtneypark,1,29680158,61740,17:09:00,PM peak,60960.0,13.0
57,57,Courtneypark,1,29680159,62520,17:22:00,PM peak,61740.0,13.0
57,57,Courtneypark,1,29680160,63240,17:34:00,PM peak,62520.0,12.0
57,57,Courtneypark,1,29680161,63960,17:46:00,PM peak,63240.0,12.0
57,57,Courtneypark,1,29680162,64680,17:58:00,PM peak,63960.0,12.0
57,57,Courtneypark,1,29680163,65760,18:16:00,PM peak,64680.0,18.0
57,57,Courtneypark,1,29680164,66840,18:34:00,PM peak,65760.0,18.0
57,57,Courtneypark,1,29680165,67800,18:50:00,PM peak,66840.0,16.0
57,57,Courtneypark,1,29680166,68760,19:06:00,evening,67800.0,16.0
57,57,Courtneypark,1,29680167,70080,19:28:00,evening,68760.0,22.0
57,57,Courtneypark,1,29680168,71280,19:48:00,evening,70080.0,20.0
57,57,Courtneypark,1,29680169,72480,20:08:00,evening,71280.0,20.0
61,61,Mavis,0,29683093,16800,04:40:00,early morning,15600.0,20.0
61,61,Mavis,0,29683094,18000,05:00:00,early morning,16800.0,20.0
61,61,Mavis,0,29683095,18900,05:15:00,early morning,18000.0,15.0
61,61,Mavis,0,29683096,19800,05:30:00,early morning,18900.0,15.0
61,61,Mavis,0,29683097,20640,05:44:00,early morning,19800.0,14.0
61,61,Mavis,0,29683098,21480,05:58:00,early morning,20640.0,14.0
61,61,Mavis,0,29683099,22320,06:12:00,AM peak,21480.0,14.0
61,61,Mavis,0,29683100,23160,06:26:00,AM peak,22320.0,14.0
61,61,Mavis,0,29683101,24000,06:40:00,AM peak,23160.0,14.0
61,61,Mavis,0,29683102,24840,06:54:00,AM peak,24000.0,14.0
61,61,Mavis,0,29683103,25620,07:07:00,AM peak,24840.0,13.0
61,61,Mavis,0,29683104,26460,07:21:00,AM peak,25620.0,14.0
61,61,Mavis,0,29683105,27300,07:35:00,AM peak,26460.0,14.0
61,61,Mavis,0,29683106,28140,07:49:00,AM peak,27300.0,14.0
61,61,Mavis,0,29683107,28980,08:03:00,AM peak,28140.0,14.0
61,61,Mavis,0,29683108,29820,08:17:00,AM peak,28980.0,14.0
61,61,Mavis,0,29683109,30660,08:31:00,AM peak,29820.0,14.0
61,61,Mavis,0,29683110,31560,08:46:00,AM peak,30660.0,15.0
61,61,Mavis,0,29683111,32460,09:01:00,midday,31560.0,15.0
61,61,Mavis,0,29683112,33360,09:16:00,midday,32460.0,15.0
61,61,Mavis,0,29683113,34200,09:30:00,midday,33360.0,14.0
61,61,Mavis,0,29683114,35040,09:44:00,midday,34200.0,14.0
61,61,Mavis,0,29683115,35880,09:58:00,midday,35040.0,14.0
61,61,Mavis,0,29683116,36060,10:01:00,midday,35880.0,3.0
61,61,Mavis,0,29683117,36840,10:14:00,midday,36060.0,13.0
61,61,Mavis,0,29683118,37620,10:27:00,midday,36840.0,13.0
61,61,Mavis,0,29683119,38400,10:40:00,midday,37620.0,13.0
61,61,Mavis,0,29683120,39180,10:53:00,midday,38400.0,13.0
61,61,Mavis,0,29683121,39960,11:06:00,midday,39180.0,13.0
61,61,Mavis,0,29683122,40800,11:20:00,midday,39960.0,14.0
61,61,Mavis,0,29683123,41640,11:34:00,midday,40800.0,14.0
61,61,Mavis,0,29683124,42480,11:48:00,midday,41640.0,14.0
61,61,Mavis,0,29683125,43320,12:02:00,midday,42480.0,14.0
61,61,Mavis,0,29683126,44160,12:16:00,midday,43320.0,14.0
61,61,Mavis,0,29683127,45000,12:30:00,midday,44160.0,14.0
61,61,Mavis,0,29683128,45840,12:44:00,midday,45000.0,14.0
61,61,Mavis,0,29683129,46740,12:59:00,midday,45840.0,15.0
61,61,Mavis,0,29683130,47580,13:13:00,midday,46740.0,14.0
61,61,Mavis,0,29683131,48480,13:28:00,midday,47580.0,15.0
61,61,Mavis,0,29683132,49380,13:43:00,midday,48480.0,15.0
61,61,Mavis,0,29683133,50220,13:57:00,midday,49380.0,14.0
61,61,Mavis,0,29683134,51060,14:11:00,midday,50220.0,14.0
61,61,Mavis,0,29683135,51900,14:25:00,midday,51060.0,14.0
61,61,Mavis,0,29683136,52740,14:39:00,midday,51900.0,14.0
61,61,Mavis,0,29683137,53640,14:54:00,midday,52740.0,15.0
61,61,Mavis,0,29683138,54540,15:09:00,PM peak,53640.0,15.0
61,61,Mavis,0,29683139,55440,15:24:00,PM peak,54540.0,15.0
61,61,Mavis,0,29683140,56280,15:38:00,PM peak,55440.0,14.0
61,61,Mavis,0,29683141,57120,15:52:00,PM peak,56280.0,14.0
61,61,Mavis,0,29683142,57960,16:06:00,PM peak,57120.0,14.0
61,61,Mavis,0,29683143,58800,16:20:00,PM peak,57960.0,14.0
61,61,Mavis,0,29683144,59580,16:33:00,PM peak,58800.0,13.0
61,61,Mavis,0,29683145,60420,16:47:00,PM peak,59580.0,14.0
61,61,Mavis,0,29683146,61260,17:01:00,PM peak,60420.0,14.0
61,61,Mavis,0,29683147,62040,17:14:00,PM peak,61260.0,13.0
61,61,Mavis,0,29683148,62820,17:27:00,PM peak,62040.0,13.0
61,61,Mavis,0,29683149,63660,17:41:00,PM peak,62820.0,14.0
61,61,Mavis,0,29683150,64440,17:54:00,PM peak,63660.0,13.0
61,61,Mavis,0,29683151,65220,18:07:00,PM peak,64440.0,13.0
61,61,Mavis,0,29683152,66000,18:20:00,PM peak,65220.0,13.0
61,61,Mavis,0,29683153,66840,18:34:00,PM peak,66000.0,14.0
61,61,Mavis,0,29683154,67620,18:47:00,PM peak,66840.0,13.0
61,61,Mavis,0,29683155,68400,19:00:00,evening,67620.0,13.0
61,61,Mavis,0,29683156,69180,19:13:00,evening,68400.0,13.0
61,61,Mavis,0,29683157,69960,19:26:00,evening,69180.0,13.0
61,61,Mavis,0,29683158,70680,19:38:00,evening,69960.0,12.0
61,61,Mavis,0,29683159,71460,19:51:00,evening,70680.0,13.0
61,61,Mavis,0,29683160,72300,20:05:00,evening,71460.0,14.0
61,61,Mavis,0,29683161,73200,20:20:00,evening,72300.0,15.0
61,61,Mavis,0,29683162,74040,20:34:00,evening,73200.0,14.0
61,61,Mavis,0,29683163,74880,20:48:00,evening,74040.0,14.0
61,61,Mavis,0,29683164,75660,21:01:00,evening,74880.0,13.0
61,61,Mavis,0,29683165,76440,21:14:00,evening,75660.0,13.0
61,61,Mavis,0,29683166,77220,21:27:00,evening,76440.0,13.0
61,61,Mavis,0,29683167,78060,21:41:00,evening,77220.0,14.0
61,61,Mavis,0,29683168,78960,21:56:00,evening,78060.0,15.0
61,61,Mavis,0,29683169,79860,22:11:00,late night,78960.0,15.0
61,61,Mavis,0,29683170,80760,22:26:00,late night,79860.0,15.0
61,61,Mavis,0,29683171,81660,22:41:00,late night,80760.0,15.0
61,61,Mavis,0,29683172,82620,22:57:00,late night,81660.0,16.0
61,61,Mavis,0,29683173,83520,23:12:00,late night,82620.0,15.0
61,61,Mavis,0,29683174,84480,23:28:00,late night,83520.0,16.0
61,61,Mavis,0,29683175,85380,23:43:00,late night,84480.0,15.0
61,61,Mavis,0,29683176,86280,23:58:00,late night,85380.0,15.0
61,61,Mavis,0,29683177,87120,24:12:00,late night,86280.0,14.0
61,61,Mavis,0,29683178,88320,24:32:00,late night,87120.0,20.0
61,61,Mavis,0,29683179,89520,24:52:00,late night,88320.0,20.0
61,61,Mavis,0,29683180,90720,25:12:00,late night,89520.0,20.0
61,61,Mavis,0,29683181,91920,25:32:00,late night,90720.0,20.0
61,61,Mavis,0,29683182,93120,25:52:00,late night,91920.0,20.0
61,61,Mavis,0,29683183,94320,26:12:00,late night,93120.0,20.0
61,61,Mavis,0,29683184,95520,26:32:00,late night,94320.0,20.0
61,61,Mavis,1,29683186,15000,04:10:00,early morning,13800.0,20.0
61,61,Mavis,1,29683187,15720,04:22:00,early morning,15000.0,12.0
61,61,Mavis,1,29683188,17220,04:47:00,early morning,15720.0,25.0
61,61,Mavis,1,29683189,18300,05:05:00,early morning,17220.0,18.0
61,61,Mavis,1,29683190,19260,05:21:00,early morning,18300.0,16.0
61,61,Mavis,1,29683191,20220,05:37:00,early morning,19260.0,16.0
61,61,Mavis,1,29683192,20940,05:49:00,early morning,20220.0,12.0
61,61,Mavis,1,29683193,21660,06:01:00,AM peak,20940.0,12.0
61,61,Mavis,1,29683194,22440,06:14:00,AM peak,21660.0,13.0
61,61,Mavis,1,29683195,23220,06:27:00,AM peak,22440.0,13.0
61,61,Mavis,1,29683196,24000,06:40:00,AM peak,23220.0,13.0
61,61,Mavis,1,29683197,24780,06:53:00,AM peak,24000.0,13.0
61,61,Mavis,1,29683198,25560,07:06:00,AM peak,24780.0,13.0
61,61,Mavis,1,29683199,26340,07:19:00,AM peak,25560.0,13.0
61,61,Mavis,1,29683200,27120,07:32:00,AM peak,26340.0,13.0
61,61,Mavis,1,29683201,27960,07:46:00,AM peak,27120.0,14.0
61,61,Mavis,1,29683202,28860,08:01:00,AM peak,27960.0,15.0
61,61,Mavis,1,29683203,29760,08:16:00,AM peak,28860.0,15.0
61,61,Mavis,1,29683204,30660,08:31:00,AM peak,29760.0,15.0
61,61,Mavis,1,29683205,31500,08:45:00,AM peak,30660.0,14.0
61,61,Mavis,1,29683206,32280,08:58:00,AM peak,31500.0,13.0
61,61,Mavis,1,29683207,33060,09:11:00,midday,32280.0,13.0
61,61,Mavis,1,29683208,33900,09:25:00,midday,33060.0,14.0
61,61,Mavis,1,29683209,34800,09:40:00,midday,33900.0,15.0
61,61,Mavis,1,29683210,35640,09:54:00,midday,34800.0,14.0
61,61,Mavis,1,29683211,36540,10:09:00,midday,35640.0,15.0
61,61,Mavis,1,29683212,37440,10:24:00,midday,36540.0,15.0
61,61,Mavis,1,29683213,38340,10:39:00,midday,37440.0,15.0
61,61,Mavis,1,29683214,39180,10:53:00,midday,38340.0,14.0
61,61,Mavis,1,29683215,39960,11:06:00,midday,39180.0,13.0
61,61,Mavis,1,29683216,40740,11:19:00,midday,39960.0,13.0
61,61,Mavis,1,29683217,41520,11:32:00,midday,40740.0,13.0
61,61,Mavis,1,29683218,42300,11:45:00,midday,41520.0,13.0
61,61,Mavis,1,29683219,43140,11:59:00,midday,42300.0,14.0
61,61,Mavis,1,29683220,43980,12:13:00,midday,43140.0,14.0
61,61,Mavis,1,29683221,44820,12:27:00,midday,43980.0,14.0
61,61,Mavis,1,29683222,45660,12:41:00,midday,44820.0,14.0
61,61,Mavis,1,29683223,46500,12:55:00,midday,45660.0,14.0
61,61,Mavis,1,29683224,47340,13:09:00,midday,46500.0,14.0
61,61,Mavis,1,29683225,48180,13:23:00,midday,47340.0,14.0
61,61,Mavis,1,29683226,49020,13:37:00,midday,48180.0,14.0
61,61,Mavis,1,29683227,49920,13:52:00,midday,49020.0,15.0
61,61,Mavis,1,29683228,50760,14:06:00,midday,49920.0,14.0
61,61,Mavis,1,29683229,51600,14:20:00,midday,50760.0,14.0
61,61,Mavis,1,29683230,52380,14:33:00,midday,51600.0,13.0
61,61,Mavis,1,29683231,53160,14:46:00,midday,52380.0,13.0
61,61,Mavis,1,29683232,54000,15:00:00,PM peak,53160.0,14.0
61,61,Mavis,1,29683233,54840,15:14:00,PM peak,54000.0,14.0
61,61,Mavis,1,29683234,55620,15:27:00,PM peak,54840.0,13.0
61,61,Mavis,1,29683235,56400,15:40:00,PM peak,55620.0,13.0
61,61,Mavis,1,29683236,57240,15:54:00,PM peak,56400.0,14.0
61,61,Mavis,1,29683237,58020,16:07:00,PM peak,57240.0,13.0
61,61,Mavis,1,29683238,58800,16:20:00,PM peak,58020.0,13.0
61,61,Mavis,1,29683239,59580,16:33:00,PM peak,58800.0,13.0
61,61,Mavis,1,29683240,60360,16:46:00,PM peak,59580.0,13.0
61,61,Mavis,1,29683241,61200,17:00:00,PM peak,60360.0,14.0
61,61,Mavis,1,29683242,62040,17:14:00,PM peak,61200.0,14.0
61,61,Mavis,1,29683243,62880,17:28:00,PM peak,62040.0,14.0
61,61,Mavis,1,29683244,63660,17:41:00,PM peak,62880.0,13.0
61,61,Mavis,1,29683245,64440,17:54:00,PM peak,63660.0,13.0
61,61,Mavis,1,29683246,65220,18:07:00,PM peak,64440.0,13.0
61,61,Mavis,1,29683247,66000,18:20:00,PM peak,65220.0,13.0
61,61,Mavis,1,29683248,66780,18:33:00,PM peak,66000.0,13.0
61,61,Mavis,1,29683249,67560,18:46:00,PM peak,66780.0,13.0
61,61,Mavis,1,29683250,68400,19:00:00,evening,67560.0,14.0
61,61,Mavis,1,29683251,69180,19:13:00,evening,68400.0,13.0
61,61,Mavis,1,29683252,69900,19:25:00,evening,69180.0,12.0
61,61,Mavis,1,29683253,70680,19:38:00,evening,69900.0,13.0
61,61,Mavis,1,29683254,71520,19:52:00,evening,70680.0,14.0
61,61,Mavis,1,29683255,72360,20:06:00,evening,71520.0,14.0
61,61,Mavis,1,29683256,73200,20:20:00,evening,72360.0,14.0
61,61,Mavis,1,29683257,74040,20:34:00,evening,73200.0,14.0
61,61,Mavis,1,29683258,74880,20:48:00,evening,74040.0,14.0
61,61,Mavis,1,29683259,75720,21:02:00,evening,74880.0,14.0
61,61,Mavis,1,29683260,76560,21:16:00,evening,75720.0,14.0
61,61,Mavis,1,29683261,77400,21:30:00,evening,76560.0,14.0
61,61,Mavis,1,29683262,78120,21:42:00,evening,77400.0,12.0
61,61,Mavis,1,29683263,78840,21:54:00,evening,78120.0,12.0
61,61,Mavis,1,29683264,79560,22:06:00,late night,78840.0,12.0
61,61,Mavis,1,29683265,80340,22:19:00,late night,79560.0,13.0
61,61,Mavis,1,29683266,81060,22:31:00,late night,80340.0,12.0
61,61,Mavis,1,29683267,81840,22:44:00,late night,81060.0,13.0
61,61,Mavis,1,29683268,82740,22:59:00,late night,81840.0,15.0
61,61,Mavis,1,29683269,83640,23:14:00,late night,82740.0,15.0
61,61,Mavis,1,29683270,84540,23:29:00,late night,83640.0,15.0
61,61,Mavis,1,29683271,85440,23:44:00,late night,84540.0,15.0
61,61,Mavis,1,29683272,86280,23:58:00,late night,85440.0,14.0
61,61,Mavis,1,29683273,87120,24:12:00,late night,86280.0,14.0
61,61,Mavis,1,29683274,88320,24:32:00,late night,87120.0,20.0
61,61,Mavis,1,29683275,89520,24:52:00,late night,88320.0,20.0
61,61,Mavis,1,29683276,90720,25:12:00,late night,89520.0,20.0
61,61,Mavis,1,29683277,91920,25:32:00,late night,90720.0,20.0
61,61,Mavis,1,29683278,93120,25:52:00,late night,91920.0,20.0
61,61,Mavis,1,29683279,94320,26:12:00,late night,93120.0,20.0
61,61,Mavis,1,29683280,95520,26:32:00,late night,94320.0,20.0
66,66,McLaughlin,0,29682891,19560,05:26:00,early morning,18600.0,16.0
66,66,McLaughlin,0,29682892,20160,05:36:00,early morning,19560.0,10.0
66,66,McLaughlin,0,29682893,20820,05:47:00,early morning,20160.0,11.0
66,66,McLaughlin,0,29682894,21540,05:59:00,early morning,20820.0,12.0
66,66,McLaughlin,0,29682895,22260,06:11:00,AM peak,21540.0,12.0
66,66,McLaughlin,0,29682896,22980,06:23:00,AM peak,22260.0,12.0
66,66,McLaughlin,0,29682897,23700,06:35:00,AM peak,22980.0,12.0
66,66,McLaughlin,0,29682898,24360,06:46:00,AM peak,23700.0,11.0
66,66,McLaughlin,0,29682899,25020,06:57:00,AM peak,24360.0,11.0
66,66,McLaughlin,0,29682900,25680,07:08:00,AM peak,25020.0,11.0
66,66,McLaughlin,0,29682901,26280,07:18:00,AM peak,25680.0,10.0
66,66,McLaughlin,0,29682902,26880,07:28:00,AM peak,26280.0,10.0
66,66,McLaughlin,0,29682903,27480,07:38:00,AM peak,26880.0,10.0
66,66,McLaughlin,0,29682904,28080,07:48:00,AM peak,27480.0,10.0
66,66,McLaughlin,0,29682905,28800,08:00:00,AM peak,28080.0,12.0
66,66,McLaughlin,0,29682906,29520,08:12:00,AM peak,28800.0,12.0
66,66,McLaughlin,0,29682907,30240,08:24:00,AM peak,29520.0,12.0
66,66,McLaughlin,0,29682908,30960,08:36:00,AM peak,30240.0,12.0
66,66,McLaughlin,0,29682909,31620,08:47:00,AM peak,30960.0,11.0
66,66,McLaughlin,0,29682910,32280,08:58:00,AM peak,31620.0,11.0
66,66,McLaughlin,0,29682911,32760,09:06:00,midday,32280.0,8.0
66,66,McLaughlin,0,29682912,32820,09:07:00,midday,32760.0,1.0
66,66,McLaughlin,0,29682913,33480,09:18:00,midday,32820.0,11.0
66,66,McLaughlin,0,29682914,34200,09:30:00,midday,33480.0,12.0
66,66,McLaughlin,0,29682915,34920,09:42:00,midday,34200.0,12.0
66,66,McLaughlin,0,29682916,35640,09:54:00,midday,34920.0,12.0
66,66,McLaughlin,0,29682917,36360,10:06:00,midday,35640.0,12.0
66,66,McLaughlin,0,29682918,37080,10:18:00,midday,36360.0,12.0
66,66,McLaughlin,0,29682919,37800,10:30:00,midday,37080.0,12.0
66,66,McLaughlin,0,29682920,38520,10:42:00,midday,37800.0,12.0
66,66,McLaughlin,0,29682921,39240,10:54:00,midday,38520.0,12.0
66,66,McLaughlin,0,29682922,39960,11:06:00,midday,39240.0,12.0
66,66,McLaughlin,0,29682923,40680,11:18:00,midday,39960.0,12.0
66,66,McLaughlin,0,29682924,41400,11:30:00,midday,40680.0,12.0
66,66,McLaughlin,0,29682925,42120,11:42:00,midday,41400.0,12.0
66,66,McLaughlin,0,29682926,42840,11:54:00,midday,42120.0,12.0
66,66,McLaughlin,0,29682927,43560,12:06:00,midday,42840.0,12.0
66,66,McLaughlin,0,29682928,44280,12:18:00,midday,43560.0,12.0
66,66,McLaughlin,0,29682929,45000,12:30:00,midday,44280.0,12.0
66,66,McLaughlin,0,29682930,45720,12:42:00,midday,45000.0,12.0
66,66,McLaughlin,0,29682931,46440,12:54:00,midday,45720.0,12.0
66,66,McLaughlin,0,29682932,47160,13:06:00,midday,46440.0,12.0
66,66,McLaughlin,0,29682933,47880,13:18:00,midday,47160.0,12.0
66,66,McLaughlin,0,29682934,48600,13:30:00,midday,47880.0,12.0
66,66,McLaughlin,0,29682935,49320,13:42:00,midday,48600.0,12.0
66,66,McLaughlin,0,29682936,50040,13:54:00,midday,49320.0,12.0
66,66,McLaughlin,0,29682937,50700,14:05:00,midday,50040.0,11.0
66,66,McLaughlin,0,29682938,51300,14:15:00,midday,50700.0,10.0
66,66,McLaughlin,0,29682939,51900,14:25:00,midday,51300.0,10.0
66,66,McLaughlin,0,29682940,52500,14:35:00,midday,51900.0,10.0
66,66,McLaughlin,0,29682941,53100,14:45:00,midday,52500.0,10.0
66,66,McLaughlin,0,29682942,53700,14:55:00,midday,53100.0,10.0
66,66,McLaughlin,0,29682943,54300,15:05:00,PM peak,53700.0,10.0
66,66,McLaughlin,0,29682944,54900,15:15:00,PM peak,54300.0,10.0
66,66,McLaughlin,0,29682945,55500,15:25:00,PM peak,54900.0,10.0
66,66,McLaughlin,0,29682946,56100,15:35:00,PM peak,55500.0,10.0
66,66,McLaughlin,0,29682947,56700,15:45:00,PM peak,56100.0,10.0
66,66,McLaughlin,0,29682948,57360,15:56:00,PM peak,56700.0,11.0
66,66,McLaughlin,0,29682949,58020,16:07:00,PM peak,57360.0,11.0
66,66,McLaughlin,0,29682950,58620,16:17:00,PM peak,58020.0,10.0
66,66,McLaughlin,0,29682951,59280,16:28:00,PM peak,58620.0,11.0
66,66,McLaughlin,0,29682952,59940,16:39:00,PM peak,59280.0,11.0
66,66,McLaughlin,0,29682953,60600,16:50:00,PM peak,59940.0,11.0
66,66,McLaughlin,0,29682954,61320,17:02:00,PM peak,60600.0,12.0
66,66,McLaughlin,0,29682955,61980,17:13:00,PM peak,61320.0,11.0
66,66,McLaughlin,0,29682956,62640,17:24:00,PM peak,61980.0,11.0
66,66,McLaughlin,0,29682957,63300,17:35:00,PM peak,62640.0,11.0
66,66,McLaughlin,0,29682958,63960,17:46:00,PM peak,63300.0,11.0
66,66,McLaughlin,0,29682959,64560,17:56:00,PM peak,63960.0,10.0
66,66,McLaughlin,0,29682960,65160,18:06:00,PM peak,64560.0,10.0
66,66,McLaughlin,0,29682961,65760,18:16:00,PM peak,65160.0,10.0
66,66,McLaughlin,0,29682962,66420,18:27:00,PM peak,65760.0,11.0
66,66,McLaughlin,0,29682963,67020,18:37:00,PM peak,66420.0,10.0
66,66,McLaughlin,0,29682964,67620,18:47:00,PM peak,67020.0,10.0
66,66,McLaughlin,0,29682965,68220,18:57:00,PM peak,67620.0,10.0
66,66,McLaughlin,0,29682966,68820,19:07:00,evening,68220.0,10.0
66,66,McLaughlin,0,29682967,69420,19:17:00,evening,68820.0,10.0
66,66,McLaughlin,0,29682968,70260,19:31:00,evening,69420.0,14.0
66,66,McLaughlin,0,29682969,71160,19:46:00,evening,70260.0,15.0
66,66,McLaughlin,0,29682970,72060,20:01:00,evening,71160.0,15.0
66,66,McLaughlin,0,29682971,72900,20:15:00,evening,72060.0,14.0
66,66,McLaughlin,0,29682972,73740,20:29:00,evening,72900.0,14.0
66,66,McLaughlin,0,29682973,74580,20:43:00,evening,73740.0,14.0
66,66,McLaughlin,0,29682974,75420,20:57:00,evening,74580.0,14.0
66,66,McLaughlin,0,29682975,76260,21:11:00,evening,75420.0,14.0
66,66,McLaughlin,0,29682976,77100,21:25:00,evening,76260.0,14.0
66,66,McLaughlin,0,29682977,77940,21:39:00,evening,77100.0,14.0
66,66,McLaughlin,0,29682978,78840,21:54:00,evening,77940.0,15.0
66,66,McLaughlin,0,29682979,79740,22:09:00,late night,78840.0,15.0
66,66,McLaughlin,0,29682980,80760,22:26:00,late night,79740.0,17.0
66,66,McLaughlin,0,29682981,81780,22:43:00,late night,80760.0,17.0
66,66,McLaughlin,0,29682982,82800,23:00:00,late night,81780.0,17.0
66,66,McLaughlin,0,29682983,83880,23:18:00,late night,82800.0,18.0
66,66,McLaughlin,0,29682984,84960,23:36:00,late night,83880.0,18.0
66,66,McLaughlin,0,29682985,86040,23:54:00,late night,84960.0,18.0
66,66,McLaughlin,0,29682986,87120,24:12:00,late night,86040.0,18.0
66,66,McLaughlin,0,29682987,88200,24:30:00,late night,87120.0,18.0
66,66,McLaughlin,0,29682988,89280,24:48:00,late night,88200.0,18.0
66,66,McLaughlin,0,29682989,90300,25:05:00,late night,89280.0,17.0
66,66,McLaughlin,1,29682991,17220,04:47:00,early morning,16320.0,15.0
66,66,McLaughlin,1,29682992,18000,05:00:00,early morning,17220.0,13.0
66,66,McLaughlin,1,29682993,18660,05:11:00,early morning,18000.0,11.0
66,66,McLaughlin,1,29682994,19320,05:22:00,early morning,18660.0,11.0
66,66,McLaughlin,1,29682995,19920,05:32:00,early morning,19320.0,10.0
66,66,McLaughlin,1,29682996,20580,05:43:00,early morning,19920.0,11.0
66,66,McLaughlin,1,29682997,21240,05:54:00,early morning,20580.0,11.0
66,66,McLaughlin,1,29682998,21900,06:05:00,AM peak,21240.0,11.0
66,66,McLaughlin,1,29682999,22560,06:16:00,AM peak,21900.0,11.0
66,66,McLaughlin,1,29683000,23220,06:27:00,AM peak,22560.0,11.0
66,66,McLaughlin,1,29683001,23940,06:39:00,AM peak,23220.0,12.0
66,66,McLaughlin,1,29683002,24660,06:51:00,AM peak,23940.0,12.0
66,66,McLaughlin,1,29683003,25380,07:03:00,AM peak,24660.0,12.0
66,66,McLaughlin,1,29683004,26160,07:16:00,AM peak,25380.0,13.0
66,66,McLaughlin,1,29683005,26880,07:28:00,AM peak,26160.0,12.0
66,66,McLaughlin,1,29683006,27600,07:40:00,AM peak,26880.0,12.0
66,66,McLaughlin,1,29683007,28260,07:51:00,AM peak,27600.0,11.0
66,66,McLaughlin,1,29683008,28860,08:01:00,AM peak,28260.0,10.0
66,66,McLaughlin,1,29683009,29460,08:11:00,AM peak,28860.0,10.0
66,66,McLaughlin,1,29683010,30120,08:22:00,AM peak,29460.0,11.0
66,66,McLaughlin,1,29683011,30780,08:33:00,AM peak,30120.0,11.0
66,66,McLaughlin,1,29683012,31440,08:44:00,AM peak,30780.0,11.0
66,66,McLaughlin,1,29683013,32220,08:57:00,AM peak,31440.0,13.0
66,66,McLaughlin,1,29683014,33000,09:10:00,midday,32220.0,13.0
66,66,McLaughlin,1,29683015,33780,09:23:00,midday,33000.0,13.0
66,66,McLaughlin,1,29683016,34560,09:36:00,midday,33780.0,13.0
66,66,McLaughlin,1,29683017,35280,09:48:00,midday,34560.0,12.0
66,66,McLaughlin,1,29683018,36000,10:00:00,midday,35280.0,12.0
66,66,McLaughlin,1,29683019,36720,10:12:00,midday,36000.0,12.0
66,66,McLaughlin,1,29683020,37440,10:24:00,midday,36720.0,12.0
66,66,McLaughlin,1,29683021,38160,10:36:00,midday,37440.0,12.0
66,66,McLaughlin,1,29683022,38880,10:48:00,midday,38160.0,12.0
66,66,McLaughlin,1,29683023,39600,11:00:00,midday,38880.0,12.0
66,66,McLaughlin,1,29683024,40320,11:12:00,midday,39600.0,12.0
66,66,McLaughlin,1,29683025,41040,11:24:00,midday,40320.0,12.0
66,66,McLaughlin,1,29683026,41760,11:36:00,midday,41040.0,12.0
66,66,McLaughlin,1,29683027,42480,11:48:00,midday,41760.0,12.0
66,66,McLaughlin,1,29683028,43200,12:00:00,midday,42480.0,12.0
66,66,McLaughlin,1,29683029,43920,12:12:00,midday,43200.0,12.0
66,66,McLaughlin,1,29683030,44640,12:24:00,midday,43920.0,12.0
66,66,McLaughlin,1,29683031,45360,12:36:00,midday,44640.0,12.0
66,66,McLaughlin,1,29683032,46080,12:48:00,midday,45360.0,12.0
66,66,McLaughlin,1,29683033,46800,13:00:00,midday,46080.0,12.0
66,66,McLaughlin,1,29683034,47520,13:12:00,midday,46800.0,12.0
66,66,McLaughlin,1,29683035,48240,13:24:00,midday,47520.0,12.0
66,66,McLaughlin,1,29683036,48960,13:36:00,midday,48240.0,12.0
66,66,McLaughlin,1,29683037,49680,13:48:00,midday,48960.0,12.0
66,66,McLaughlin,1,29683038,50280,13:58:00,midday,49680.0,10.0
66,66,McLaughlin,1,29683039,50880,14:08:00,midday,50280.0,10.0
66,66,McLaughlin,1,29683040,51480,14:18:00,midday,50880.0,10.0
66,66,McLaughlin,1,29683041,52140,14:29:00,midday,51480.0,11.0
66,66,McLaughlin,1,29683042,52740,14:39:00,midday,52140.0,10.0
66,66,McLaughlin,1,29683043,53340,14:49:00,midday,52740.0,10.0
66,66,McLaughlin,1,29683044,53940,14:59:00,midday,53340.0,10.0
66,66,McLaughlin,1,29683045,54540,15:09:00,PM peak,53940.0,10.0
66,66,McLaughlin,1,29683046,55140,15:19:00,PM peak,54540.0,10.0
66,66,McLaughlin,1,29683047,55740,15:29:00,PM peak,55140.0,10.0
66,66,McLaughlin,1,29683048,56400,15:40:00,PM peak,55740.0,11.0
66,66,McLaughlin,1,29683049,57060,15:51:00,PM peak,56400.0,11.0
66,66,McLaughlin,1,29683050,57720,16:02:00,PM peak,57060.0,11.0
66,66,McLaughlin,1,29683051,58320,16:12:00,PM peak,57720.0,10.0
66,66,McLaughlin,1,29683052,58980,16:23:00,PM peak,58320.0,11.0
66,66,McLaughlin,1,29683053,59640,16:34:00,PM peak,58980.0,11.0
66,66,McLaughlin,1,29683054,60300,16:45:00,PM peak,59640.0,11.0
66,66,McLaughlin,1,29683055,60960,16:56:00,PM peak,60300.0,11.0
66,66,McLaughlin,1,29683056,61560,17:06:00,PM peak,60960.0,10.0
66,66,McLaughlin,1,29683057,62220,17:17:00,PM peak,61560.0,11.0
66,66,McLaughlin,1,29683058,62880,17:28:00,PM peak,62220.0,11.0
66,66,McLaughlin,1,29683059,63540,17:39:00,PM peak,62880.0,11.0
66,66,McLaughlin,1,29683060,64200,17:50:00,PM peak,63540.0,11.0
66,66,McLaughlin,1,29683061,64860,18:01:00,PM peak,64200.0,11.0
66,66,McLaughlin,1,29683062,65520,18:12:00,PM peak,64860.0,11.0
66,66,McLaughlin,1,29683063,66120,18:22:00,PM peak,65520.0,10.0
66,66,McLaughlin,1,29683064,66780,18:33:00,PM peak,66120.0,11.0
66,66,McLaughlin,1,29683065,67380,18:43:00,PM peak,66780.0,10.0
66,66,McLaughlin,1,29683066,67980,18:53:00,PM peak,67380.0,10.0
66,66,McLaughlin,1,29683067,68580,19:03:00,evening,67980.0,10.0
66,66,McLaughlin,1,29683068,69180,19:13:00,evening,68580.0,10.0
66,66,McLaughlin,1,29683069,69780,19:23:00,evening,69180.0,10.0
66,66,McLaughlin,1,29683070,70440,19:34:00,evening,69780.0,11.0
66,66,McLaughlin,1,29683071,71280,19:48:00,evening,70440.0,14.0
66,66,McLaughlin,1,29683072,72120,20:02:00,evening,71280.0,14.0
66,66,McLaughlin,1,29683073,72960,20:16:00,evening,72120.0,14.0
66,66,McLaughlin,1,29683074,73800,20:30:00,evening,72960.0,14.0
66,66,McLaughlin,1,29683075,74640,20:44:00,evening,73800.0,14.0
66,66,McLaughlin,1,29683076,75480,20:58:00,evening,74640.0,14.0
66,66,McLaughlin,1,29683077,76320,21:12:00,evening,75480.0,14.0
66,66,McLaughlin,1,29683078,77520,21:32:00,evening,76320.0,20.0
66,66,McLaughlin,1,29683079,78540,21:49:00,evening,77520.0,17.0
66,66,McLaughlin,1,29683080,79560,22:06:00,late night,78540.0,17.0
66,66,McLaughlin,1,29683081,80580,22:23:00,late night,79560.0,17.0
66,66,McLaughlin,1,29683082,81600,22:40:00,late night,80580.0,17.0
66,66,McLaughlin,1,29683083,82680,22:58:00,late night,81600.0,18.0
66,66,McLaughlin,1,29683084,83760,23:16:00,late night,82680.0,18.0
66,66,McLaughlin,1,29683085,84840,23:34:00,late night,83760.0,18.0
66,66,McLaughlin,1,29683086,85920,23:52:00,late night,84840.0,18.0
66,66,McLaughlin,1,29683087,87000,24:10:00,late night,85920.0,18.0
66,66,McLaughlin,1,29683088,88020,24:27:00,late night,87000.0,17.0
66,66,McLaughlin,1,29683089,89040,24:44:00,late night,88020.0,17.0
66,66,McLaughlin,1,29683090,90060,25:01:00,late night,89040.0,17.0
66,66,McLaughlin,1,29683091,91080,25:18:00,late night,90060.0,17.0
68,68,Terry Fox,0,29719343,22800,06:20:00,AM peak,18600.0,70.0
68,68,Terry Fox,0,29719344,27000,07:30:00,AM peak,22800.0,70.0
68,68,Terry Fox,0,29719345,31200,08:40:00,AM peak,27000.0,70.0
68,68,Terry Fox,0,29719346,35700,09:55:00,midday,31200.0,75.0
68,68,Terry Fox,0,29719347,40200,11:10:00,midday,35700.0,75.0
68,68,Terry Fox,0,29719348,44700,12:25:00,midday,40200.0,75.0
68,68,Terry Fox,0,29719349,49200,13:40:00,midday,44700.0,75.0
68,68,Terry Fox,0,29719350,53700,14:55:00,midday,49200.0,75.0
68,68,Terry Fox,0,29719351,58200,16:10:00,PM peak,53700.0,75.0
68,68,Terry Fox,0,29719352,62700,17:25:00,PM peak,58200.0,75.0
68,68,Terry Fox,0,29719353,67200,18:40:00,PM peak,62700.0,75.0
68,68,Terry Fox,0,29719354,71700,19:55:00,evening,67200.0,75.0
68,68,Terry Fox,0,29719355,76200,21:10:00,evening,71700.0,75.0
68,68,Terry Fox,0,29719356,80700,22:25:00,late night,76200.0,75.0
68,68,Terry Fox,0,29719357,85200,23:40:00,late night,80700.0,75.0
68,68,Terry Fox,0,29719358,89700,24:55:00,late night,85200.0,75.0
68,68,Terry Fox,1,29719326,24300,06:45:00,AM peak,20040.0,71.0
68,68,Terry Fox,1,29719327,28680,07:58:00,AM peak,24300.0,73.0
68,68,Terry Fox,1,29719328,32820,09:07:00,midday,28680.0,69.0
68,68,Terry Fox,1,29719329,37320,10:22:00,midday,32820.0,75.0
68,68,Terry Fox,1,29719330,41760,11:36:00,midday,37320.0,74.0
68,68,Terry Fox,1,29719331,46320,12:52:00,midday,41760.0,76.0
68,68,Terry Fox,1,29719332,50940,14:09:00,midday,46320.0,77.0
68,68,Terry Fox,1,29719333,55560,15:26:00,PM peak,50940.0,77.0
68,68,Terry Fox,1,29719334,60120,16:42:00,PM peak,55560.0,76.0
68,68,Terry Fox,1,29719335,64560,17:56:00,PM peak,60120.0,74.0
68,68,Terry Fox,1,29719336,68940,19:09:00,evening,64560.0,73.0
68,68,Terry Fox,1,29719337,73380,20:23:00,evening,68940.0,74.0
68,68,Terry Fox,1,29719338,77820,21:37:00,evening,73380.0,74.0
68,68,Terry Fox,1,29719339,82200,22:50:00,late night,77820.0,73.0
68,68,Terry Fox,1,29719340,86580,24:03:00,late night,82200.0,73.0
68,68,Terry Fox,1,29719341,91080,25:18:00,late night,86580.0,75.0
70,70,Keaton,0,29717403,53400,14:50:00,midday,52200.0,20.0
70,70,Keaton,0,29717404,54600,15:10:00,PM peak,53400.0,20.0
70,70,Keaton,0,29717405,55800,15:30:00,PM peak,54600.0,20.0
70,70,Keaton,0,29717406,56580,15:43:00,PM peak,55800.0,13.0
70,70,Keaton,0,29717407,57540,15:59:00,PM peak,56580.0,16.0
70,70,Keaton,0,29717408,58500,16:15:00,PM peak,57540.0,16.0
70,70,Keaton,0,29717409,59400,16:30:00,PM peak,58500.0,15.0
70,70,Keaton,0,29717410,60300,16:45:00,PM peak,59400.0,15.0
70,70,Keaton,0,29717411,61200,17:00:00,PM peak,60300.0,15.0
70,70,Keaton,0,29717412,62100,17:15:00,PM peak,61200.0,15.0
70,70,Keaton,0,29717413,63000,17:30:00,PM peak,62100.0,15.0
70,70,Keaton,0,29717414,64200,17:50:00,PM peak,63000.0,20.0
70,70,Keaton,0,29717415,65400,18:10:00,PM peak,64200.0,20.0
70,70,Keaton,0,29717416,66600,18:30:00,PM peak,65400.0,20.0
70,70,Keaton,1,29717312,23340,06:29:00,AM peak,22200.0,19.0
70,70,Keaton,1,29717314,24600,06:50:00,AM peak,23340.0,21.0
70,70,Keaton,1,29717316,25500,07:05:00,AM peak,24600.0,15.0
70,70,Keaton,1,29717318,26400,07:20:00,AM peak,25500.0,15.0
70,70,Keaton,1,29717320,27300,07:35:00,AM peak,26400.0,15.0
70,70,Keaton,1,29717322,28200,07:50:00,AM peak,27300.0,15.0
70,70,Keaton,1,29717324,29100,08:05:00,AM peak,28200.0,15.0
70,70,Keaton,1,29717326,30000,08:20:00,AM peak,29100.0,15.0
70,70,Keaton,1,29717328,30900,08:35:00,AM peak,30000.0,15.0
70,70,Keaton,1,29717330,31800,08:50:00,AM peak,30900.0,15.0
70,70,Keaton,1,29717333,33000,09:10:00,midday,31800.0,20.0
70,70,Keaton,1,29717335,34200,09:30:00,midday,33000.0,20.0
71,71,Sheridan,0,29679685,60000,16:40:00,PM peak,58800.0,20.0
71,71,Sheridan,0,29682196,61200,17:00:00,PM peak,60000.0,20.0
71,71,Sheridan,0,29679686,62400,17:20:00,PM peak,61200.0,20.0
71,71,Sheridan,0,29681934,64200,17:50:00,PM peak,62400.0,30.0
71,71,Sheridan,1,29681933,27720,07:42:00,AM peak,26220.0,25.0
71,71,Sheridan,1,29679684,29160,08:06:00,AM peak,27720.0,24.0
73,73,Kamato,0,29719362,22080,06:08:00,AM peak,20700.0,23.0
73,73,Kamato,0,29719363,23460,06:31:00,AM peak,22080.0,23.0
73,73,Kamato,0,29719364,25500,07:05:00,AM peak,23460.0,34.0
73,73,Kamato,0,29719365,27000,07:30:00,AM peak,25500.0,25.0
73,73,Kamato,0,29719366,28920,08:02:00,AM peak,27000.0,32.0
73,73,Kamato,0,29719367,31200,08:40:00,AM peak,28920.0,38.0
73,73,Kamato,0,29719368,32760,09:06:00,midday,31200.0,26.0
73,73,Kamato,0,29719369,35040,09:44:00,midday,32760.0,38.0
73,73,Kamato,0,29719371,55620,15:27:00,PM peak,54000.0,27.0
73,73,Kamato,0,29719372,57660,16:01:00,PM peak,55620.0,34.0
73,73,Kamato,0,29719373,60240,16:44:00,PM peak,57660.0,43.0
73,73,Kamato,0,29719374,61980,17:13:00,PM peak,60240.0,29.0
73,73,Kamato,0,29719375,64380,17:53:00,PM peak,61980.0,40.0
73,73,Kamato,0,29719376,66000,18:20:00,PM peak,64380.0,27.0
73,73,Kamato,0,29719377,68280,18:58:00,PM peak,66000.0,38.0
73,73,Kamato,1,29719379,22860,06:21:00,AM peak,21480.0,23.0
73,73,Kamato,1,29719380,24300,06:45:00,AM peak,22860.0,24.0
73,73,Kamato,1,29719381,26340,07:19:00,AM peak,24300.0,34.0
73,73,Kamato,1,29719382,27960,07:46:00,AM peak,26340.0,27.0
73,73,Kamato,1,29719383,29820,08:17:00,AM peak,27960.0,31.0
73,73,Kamato,1,29719384,32100,08:55:00,AM peak,29820.0,38.0
73,73,Kamato,1,29719385,33600,09:20:00,midday,32100.0,25.0
73,73,Kamato,1,29719386,35820,09:57:00,midday,33600.0,37.0
73,73,Kamato,1,29719388,56580,15:43:00,PM peak,54900.0,28.0
73,73,Kamato,1,29719389,58680,16:18:00,PM peak,56580.0,35.0
73,73,Kamato,1,29719390,61200,17:00:00,PM peak,58680.0,42.0
73,73,Kamato,1,29719391,62880,17:28:00,PM peak,61200.0,28.0
73,73,Kamato,1,29719392,65220,18:07:00,PM peak,62880.0,39.0
73,73,Kamato,1,29719393,66840,18:34:00,PM peak,65220.0,27.0
73,73,Kamato,1,29719394,69000,19:10:00,evening,66840.0,36.0
74,74,Explorer,0,29725076,21780,06:03:00,AM peak,19380.0,40.0
74,74,Explorer,0,29725077,24540,06:49:00,AM peak,21780.0,46.0
74,74,Explorer,0,29725078,27300,07:35:00,AM peak,24540.0,46.0
74,74,Explorer,0,29725079,30060,08:21:00,AM peak,27300.0,46.0
74,74,Explorer,0,29725080,32820,09:07:00,midday,30060.0,46.0
74,74,Explorer,0,29725081,35580,09:53:00,midday,32820.0,46.0
74,74,Explorer,0,29725083,54000,15:00:00,PM peak,51420.0,43.0
74,74,Explorer,0,29725084,56820,15:47:00,PM peak,54000.0,47.0
74,74,Explorer,0,29725085,59640,16:34:00,PM peak,56820.0,47.0
74,74,Explorer,0,29725086,62460,17:21:00,PM peak,59640.0,47.0
74,74,Explorer,0,29725087,65100,18:05:00,PM peak,62460.0,44.0
74,74,Explorer,0,29725088,67740,18:49:00,PM peak,65100.0,44.0
74,74,Explorer,0,29725089,70380,19:33:00,evening,67740.0,44.0
74,74,Explorer,0,29725090,73080,20:18:00,evening,70380.0,45.0
74,74,Explorer,1,29725092,20880,05:48:00,early morning,18480.0,40.0
74,74,Explorer,1,29725093,23580,06:33:00,AM peak,20880.0,45.0
74,74,Explorer,1,29725094,26280,07:18:00,AM peak,23580.0,45.0
74,74,Explorer,1,29725095,28980,08:03:00,AM peak,26280.0,45.0
74,74,Explorer,1,29725096,31680,08:48:00,AM peak,28980.0,45.0
74,74,Explorer,1,29725097,34380,09:33:00,midday,31680.0,45.0
74,74,Explorer,1,29725098,37380,10:23:00,midday,34380.0,50.0
74,74,Explorer,1,29725100,55740,15:29:00,PM peak,52980.0,46.0
74,74,Explorer,1,29725101,58500,16:15:00,PM peak,55740.0,46.0
74,74,Explorer,1,29725102,61260,17:01:00,PM peak,58500.0,46.0
74,74,Explorer,1,29725103,63960,17:46:00,PM peak,61260.0,45.0
74,74,Explorer,1,29725104,66720,18:32:00,PM peak,63960.0,46.0
74,74,Explorer,1,29725105,69420,19:17:00,evening,66720.0,45.0
74,74,Explorer,1,29725106,72120,20:02:00,evening,69420.0,45.0
74,74,Explorer,1,29725107,74520,20:42:00,evening,72120.0,40.0
90,90,Terragar-Copenhagen Loop,0,29680257,21120,05:52:00,early morning,19620.0,25.0
90,90,Terragar-Copenhagen Loop,0,29680259,22920,06:22:00,AM peak,21120.0,30.0
90,90,Terragar-Copenhagen Loop,0,29680261,24720,06:52:00,AM peak,22920.0,30.0
90,90,Terragar-Copenhagen Loop,0,29680263,26520,07:22:00,AM peak,24720.0,30.0
90,90,Terragar-Copenhagen Loop,0,29680265,28320,07:52:00,AM peak,26520.0,30.0
90,90,Terragar-Copenhagen Loop,0,29680267,30120,08:22:00,AM peak,28320.0,30.0
90,90,Terragar-Copenhagen Loop,0,29680270,33360,09:16:00,midday,30120.0,54.0
90,90,Terragar-Copenhagen Loop,0,29680272,36360,10:06:00,midday,33360.0,50.0
90,90,Terragar-Copenhagen Loop,0,29680274,39360,10:56:00,midday,36360.0,50.0
90,90,Terragar-Copenhagen Loop,0,29680276,42360,11:46:00,midday,39360.0,50.0
90,90,Terragar-Copenhagen Loop,0,29680278,45360,12:36:00,midday,42360.0,50.0
90,90,Terragar-Copenhagen Loop,0,29680280,48360,13:26:00,midday,45360.0,50.0
90,90,Terragar-Copenhagen Loop,0,29680282,50160,13:56:00,midday,48360.0,30.0
90,90,Terragar-Copenhagen Loop,0,29680284,51960,14:26:00,midday,50160.0,30.0
90,90,Terragar-Copenhagen Loop,0,29680286,53760,14:56:00,midday,51960.0,30.0
90,90,Terragar-Copenhagen Loop,0,29680288,55560,15:26:00,PM peak,53760.0,30.0
90,90,Terragar-Copenhagen Loop,0,29680290,57360,15:56:00,PM peak,55560.0,30.0
90,90,Terragar-Copenhagen Loop,0,29680292,59160,16:26:00,PM peak,57360.0,30.0
90,90,Terragar-Copenhagen Loop,0,29680294,60960,16:56:00,PM peak,59160.0,30.0
90,90,Terragar-Copenhagen Loop,0,29680296,62760,17:26:00,PM peak,60960.0,30.0
90,90,Terragar-Copenhagen Loop,0,29680298,64560,17:56:00,PM peak,62760.0,30.0
90,90,Terragar-Copenhagen Loop,0,29680300,66360,18:26:00,PM peak,64560.0,30.0
90,90,Terragar-Copenhagen Loop,0,29680302,68160,18:56:00,PM peak,66360.0,30.0
90,90,Terragar-Copenhagen Loop,0,29680304,69960,19:26:00,evening,68160.0,30.0
90,90,Terragar-Copenhagen Loop,0,29680306,72420,20:07:00,evening,69960.0,41.0
90,90,Terragar-Copenhagen Loop,0,29680308,75120,20:52:00,evening,72420.0,45.0
90,90,Terragar-Copenhagen Loop,0,29680310,77880,21:38:00,evening,75120.0,46.0
90,90,Terragar-Copenhagen Loop,0,29680312,80640,22:24:00,late night,77880.0,46.0
90,90,Terragar-Copenhagen Loop,0,29680314,83400,23:10:00,late night,80640.0,46.0
90,90,Terragar-Copenhagen Loop,1,29680254,18000,05:00:00,early morning,16500.0,25.0
90,90,Terragar-Copenhagen Loop,1,29680255,19500,05:25:00,early morning,18000.0,25.0
90,90,Terragar-Copenhagen Loop,1,29680258,21300,05:55:00,early morning,19500.0,30.0
90,90,Terragar-Copenhagen Loop,1,29680260,23100,06:25:00,AM peak,21300.0,30.0
90,90,Terragar-Copenhagen Loop,1,29680262,24900,06:55:00,AM peak,23100.0,30.0
90,90,Terragar-Copenhagen Loop,1,29680264,26700,07:25:00,AM peak,24900.0,30.0
90,90,Terragar-Copenhagen Loop,1,29680266,28500,07:55:00,AM peak,26700.0,30.0
90,90,Terragar-Copenhagen Loop,1,29680268,30300,08:25:00,AM peak,28500.0,30.0
90,90,Terragar-Copenhagen Loop,1,29680269,31980,08:53:00,AM peak,30300.0,28.0
90,90,Terragar-Copenhagen Loop,1,29680271,34980,09:43:00,midday,31980.0,50.0
90,90,Terragar-Copenhagen Loop,1,29680273,37980,10:33:00,midday,34980.0,50.0
90,90,Terragar-Copenhagen Loop,1,29680275,40980,11:23:00,midday,37980.0,50.0
90,90,Terragar-Copenhagen Loop,1,29680277,43980,12:13:00,midday,40980.0,50.0
90,90,Terragar-Copenhagen Loop,1,29680279,46980,13:03:00,midday,43980.0,50.0
90,90,Terragar-Copenhagen Loop,1,29680281,49980,13:53:00,midday,46980.0,50.0
90,90,Terragar-Copenhagen Loop,1,29680283,51900,14:25:00,midday,49980.0,32.0
90,90,Terragar-Copenhagen Loop,1,29680285,53700,14:55:00,midday,51900.0,30.0
90,90,Terragar-Copenhagen Loop,1,29680287,55500,15:25:00,PM peak,53700.0,30.0
90,90,Terragar-Copenhagen Loop,1,29680289,57300,15:55:00,PM peak,55500.0,30.0
90,90,Terragar-Copenhagen Loop,1,29680291,59100,16:25:00,PM peak,57300.0,30.0
90,90,Terragar-Copenhagen Loop,1,29680293,60900,16:55:00,PM peak,59100.0,30.0
90,90,Terragar-Copenhagen Loop,1,29680295,62700,17:25:00,PM peak,60900.0,30.0
90,90,Terragar-Copenhagen Loop,1,29680297,64500,17:55:00,PM peak,62700.0,30.0
90,90,Terragar-Copenhagen Loop,1,29680299,66300,18:25:00,PM peak,64500.0,30.0
90,90,Terragar-Copenhagen Loop,1,29680301,68100,18:55:00,PM peak,66300.0,30.0
90,90,Terragar-Copenhagen Loop,1,29680303,69900,19:25:00,evening,68100.0,30.0
90,90,Terragar-Copenhagen Loop,1,29680305,71820,19:57:00,evening,69900.0,32.0
90,90,Terragar-Copenhagen Loop,1,29680307,73860,20:31:00,evening,71820.0,34.0
90,90,Terragar-Copenhagen Loop,1,29680309,76620,21:17:00,evening,73860.0,46.0
90,90,Terragar-Copenhagen Loop,1,29680311,79320,22:02:00,late night,76620.0,45.0
90,90,Terragar-Copenhagen Loop,1,29680313,82140,22:49:00,late night,79320.0,47.0
90,90,Terragar-Copenhagen Loop,1,29680315,84780,23:33:00,late night,82140.0,44.0
101,101,Dundas Express,0,29684006,18060,05:01:00,early morning,16260.0,30.0
101,101,Dundas Express,0,29684007,19560,05:26:00,early morning,18060.0,25.0
101,101,Dundas Express,0,29684008,20460,05:41:00,early morning,19560.0,15.0
101,101,Dundas Express,0,29684009,21360,05:56:00,early morning,20460.0,15.0
101,101,Dundas Express,0,29684010,22260,06:11:00,AM peak,21360.0,15.0
101,101,Dundas Express,0,29684011,23160,06:26:00,AM peak,22260.0,15.0
101,101,Dundas Express,0,29684012,24060,06:41:00,AM peak,23160.0,15.0
101,101,Dundas Express,0,29684013,24960,06:56:00,AM peak,24060.0,15.0
101,101,Dundas Express,0,29684014,25860,07:11:00,AM peak,24960.0,15.0
101,101,Dundas Express,0,29684015,26760,07:26:00,AM peak,25860.0,15.0
101,101,Dundas Express,0,29684016,27660,07:41:00,AM peak,26760.0,15.0
101,101,Dundas Express,0,29684017,28560,07:56:00,AM peak,27660.0,15.0
101,101,Dundas Express,0,29684018,29460,08:11:00,AM peak,28560.0,15.0
101,101,Dundas Express,0,29684019,30360,08:26:00,AM peak,29460.0,15.0
101,101,Dundas Express,0,29684020,31260,08:41:00,AM peak,30360.0,15.0
101,101,Dundas Express,0,29684021,32160,08:56:00,AM peak,31260.0,15.0
101,101,Dundas Express,0,29684022,33060,09:11:00,midday,32160.0,15.0
101,101,Dundas Express,0,29684023,33960,09:26:00,midday,33060.0,15.0
101,101,Dundas Express,0,29684024,34860,09:41:00,midday,33960.0,15.0
101,101,Dundas Express,0,29684025,35760,09:56:00,midday,34860.0,15.0
101,101,Dundas Express,0,29684026,36660,10:11:00,midday,35760.0,15.0
101,101,Dundas Express,0,29684027,37560,10:26:00,midday,36660.0,15.0
101,101,Dundas Express,0,29684028,38460,10:41:00,midday,37560.0,15.0
101,101,Dundas Express,0,29684029,39360,10:56:00,midday,38460.0,15.0
101,101,Dundas Express,0,29684030,40260,11:11:00,midday,39360.0,15.0
101,101,Dundas Express,0,29684031,41160,11:26:00,midday,40260.0,15.0
101,101,Dundas Express,0,29684032,42060,11:41:00,midday,41160.0,15.0
101,101,Dundas Express,0,29684033,42960,11:56:00,midday,42060.0,15.0
101,101,Dundas Express,0,29684034,43860,12:11:00,midday,42960.0,15.0
101,101,Dundas Express,0,29684035,44760,12:26:00,midday,43860.0,15.0
101,101,Dundas Express,0,29684036,45660,12:41:00,midday,44760.0,15.0
101,101,Dundas Express,0,29684037,46560,12:56:00,midday,45660.0,15.0
101,101,Dundas Express,0,29684038,47460,13:11:00,midday,46560.0,15.0
101,101,Dundas Express,0,29684039,48360,13:26:00,midday,47460.0,15.0
101,101,Dundas Express,0,29684040,49260,13:41:00,midday,48360.0,15.0
101,101,Dundas Express,0,29684041,50160,13:56:00,midday,49260.0,15.0
101,101,Dundas Express,0,29684042,51060,14:11:00,midday,50160.0,15.0
101,101,Dundas Express,0,29684043,51960,14:26:00,midday,51060.0,15.0
101,101,Dundas Express,0,29684044,52860,14:41:00,midday,51960.0,15.0
101,101,Dundas Express,0,29684045,53760,14:56:00,midday,52860.0,15.0
101,101,Dundas Express,0,29684046,54660,15:11:00,PM peak,53760.0,15.0
101,101,Dundas Express,0,29684047,55560,15:26:00,PM peak,54660.0,15.0
101,101,Dundas Express,0,29684048,56460,15:41:00,PM peak,55560.0,15.0
101,101,Dundas Express,0,29684049,57360,15:56:00,PM peak,56460.0,15.0
101,101,Dundas Express,0,29684050,58260,16:11:00,PM peak,57360.0,15.0
101,101,Dundas Express,0,29684051,59160,16:26:00,PM peak,58260.0,15.0
101,101,Dundas Express,0,29684052,60060,16:41:00,PM peak,59160.0,15.0
101,101,Dundas Express,0,29684053,60960,16:56:00,PM peak,60060.0,15.0
101,101,Dundas Express,0,29684054,61860,17:11:00,PM peak,60960.0,15.0
101,101,Dundas Express,0,29684055,62760,17:26:00,PM peak,61860.0,15.0
101,101,Dundas Express,0,29684056,63660,17:41:00,PM peak,62760.0,15.0
101,101,Dundas Express,0,29684057,64560,17:56:00,PM peak,63660.0,15.0
101,101,Dundas Express,0,29684058,65640,18:14:00,PM peak,64560.0,18.0
101,101,Dundas Express,0,29684059,66720,18:32:00,PM peak,65640.0,18.0
101,101,Dundas Express,0,29684060,67800,18:50:00,PM peak,66720.0,18.0
101,101,Dundas Express,0,29684061,68880,19:08:00,evening,67800.0,18.0
101,101,Dundas Express,0,29684062,69960,19:26:00,evening,68880.0,18.0
101,101,Dundas Express,0,29684063,71040,19:44:00,evening,69960.0,18.0
101,101,Dundas Express,0,29684064,72120,20:02:00,evening,71040.0,18.0
101,101,Dundas Express,0,29684065,73200,20:20:00,evening,72120.0,18.0
101,101,Dundas Express,0,29684066,74280,20:38:00,evening,73200.0,18.0
101,101,Dundas Express,0,29684067,75360,20:56:00,evening,74280.0,18.0
101,101,Dundas Express,0,29684068,76560,21:16:00,evening,75360.0,20.0
101,101,Dundas Express,0,29684069,77760,21:36:00,evening,76560.0,20.0
101,101,Dundas Express,0,29684070,79260,22:01:00,late night,77760.0,25.0
101,101,Dundas Express,0,29684071,80760,22:26:00,late night,79260.0,25.0
101,101,Dundas Express,0,29684072,82560,22:56:00,late night,80760.0,30.0
101,101,Dundas Express,0,29684073,84360,23:26:00,late night,82560.0,30.0
101,101,Dundas Express,1,29683938,19500,05:25:00,early morning,18000.0,25.0
101,101,Dundas Express,1,29683939,20400,05:40:00,early morning,19500.0,15.0
101,101,Dundas Express,1,29683940,21300,05:55:00,early morning,20400.0,15.0
101,101,Dundas Express,1,29683941,22200,06:10:00,AM peak,21300.0,15.0
101,101,Dundas Express,1,29683942,23100,06:25:00,AM peak,22200.0,15.0
101,101,Dundas Express,1,29683943,24000,06:40:00,AM peak,23100.0,15.0
101,101,Dundas Express,1,29683944,24900,06:55:00,AM peak,24000.0,15.0
101,101,Dundas Express,1,29683945,25800,07:10:00,AM peak,24900.0,15.0
101,101,Dundas Express,1,29683946,26640,07:24:00,AM peak,25800.0,14.0
101,101,Dundas Express,1,29683947,27600,07:40:00,AM peak,26640.0,16.0
101,101,Dundas Express,1,29683948,28500,07:55:00,AM peak,27600.0,15.0
101,101,Dundas Express,1,29683949,29400,08:10:00,AM peak,28500.0,15.0
101,101,Dundas Express,1,29683950,30300,08:25:00,AM peak,29400.0,15.0
101,101,Dundas Express,1,29683951,31200,08:40:00,AM peak,30300.0,15.0
101,101,Dundas Express,1,29683952,32100,08:55:00,AM peak,31200.0,15.0
101,101,Dundas Express,1,29683953,33000,09:10:00,midday,32100.0,15.0
101,101,Dundas Express,1,29683954,33900,09:25:00,midday,33000.0,15.0
101,101,Dundas Express,1,29683955,34800,09:40:00,midday,33900.0,15.0
101,101,Dundas Express,1,29683956,35700,09:55:00,midday,34800.0,15.0
101,101,Dundas Express,1,29683957,36600,10:10:00,midday,35700.0,15.0
101,101,Dundas Express,1,29683958,37500,10:25:00,midday,36600.0,15.0
101,101,Dundas Express,1,29683959,38400,10:40:00,midday,37500.0,15.0
101,101,Dundas Express,1,29683960,39300,10:55:00,midday,38400.0,15.0
101,101,Dundas Express,1,29683961,40200,11:10:00,midday,39300.0,15.0
101,101,Dundas Express,1,29683962,41100,11:25:00,midday,40200.0,15.0
101,101,Dundas Express,1,29683963,42000,11:40:00,midday,41100.0,15.0
101,101,Dundas Express,1,29683964,42900,11:55:00,midday,42000.0,15.0
101,101,Dundas Express,1,29683965,43800,12:10:00,midday,42900.0,15.0
101,101,Dundas Express,1,29683966,44700,12:25:00,midday,43800.0,15.0
101,101,Dundas Express,1,29683967,45600,12:40:00,midday,44700.0,15.0
101,101,Dundas Express,1,29683968,46500,12:55:00,midday,45600.0,15.0
101,101,Dundas Express,1,29683969,47400,13:10:00,midday,46500.0,15.0
101,101,Dundas Express,1,29683970,48300,13:25:00,midday,47400.0,15.0
101,101,Dundas Express,1,29683971,49140,13:39:00,midday,48300.0,14.0
101,101,Dundas Express,1,29683972,50100,13:55:00,midday,49140.0,16.0
101,101,Dundas Express,1,29683973,51000,14:10:00,midday,50100.0,15.0
101,101,Dundas Express,1,29683974,51900,14:25:00,midday,51000.0,15.0
101,101,Dundas Express,1,29683975,52800,14:40:00,midday,51900.0,15.0
101,101,Dundas Express,1,29683976,53640,14:54:00,midday,52800.0,14.0
101,101,Dundas Express,1,29683977,54600,15:10:00,PM peak,53640.0,16.0
101,101,Dundas Express,1,29683978,55500,15:25:00,PM peak,54600.0,15.0
101,101,Dundas Express,1,29683979,56400,15:40:00,PM peak,55500.0,15.0
101,101,Dundas Express,1,29683980,57300,15:55:00,PM peak,56400.0,15.0
101,101,Dundas Express,1,29683981,58200,16:10:00,PM peak,57300.0,15.0
101,101,Dundas Express,1,29683982,59100,16:25:00,PM peak,58200.0,15.0
101,101,Dundas Express,1,29683983,60000,16:40:00,PM peak,59100.0,15.0
101,101,Dundas Express,1,29683984,60900,16:55:00,PM peak,60000.0,15.0
101,101,Dundas Express,1,29683985,61800,17:10:00,PM peak,60900.0,15.0
101,101,Dundas Express,1,29683986,62700,17:25:00,PM peak,61800.0,15.0
101,101,Dundas Express,1,29683987,63600,17:40:00,PM peak,62700.0,15.0
101,101,Dundas Express,1,29683988,64500,17:55:00,PM peak,63600.0,15.0
101,101,Dundas Express,1,29683989,65580,18:13:00,PM peak,64500.0,18.0
101,101,Dundas Express,1,29683990,66660,18:31:00,PM peak,65580.0,18.0
101,101,Dundas Express,1,29683991,67740,18:49:00,PM peak,66660.0,18.0
101,101,Dundas Express,1,29683992,68880,19:08:00,evening,67740.0,19.0
101,101,Dundas Express,1,29683993,69960,19:26:00,evening,68880.0,18.0
101,101,Dundas Express,1,29683994,70980,19:43:00,evening,69960.0,17.0
101,101,Dundas Express,1,29683995,72060,20:01:00,evening,70980.0,18.0
101,101,Dundas Express,1,29683996,73140,20:19:00,evening,72060.0,18.0
101,101,Dundas Express,1,29683997,74280,20:38:00,evening,73140.0,19.0
101,101,Dundas Express,1,29683998,75300,20:55:00,evening,74280.0,17.0
101,101,Dundas Express,1,29683999,76380,21:13:00,evening,75300.0,18.0
101,101,Dundas Express,1,29684000,77580,21:33:00,evening,76380.0,20.0
101,101,Dundas Express,1,29684001,78900,21:55:00,evening,77580.0,22.0
101,101,Dundas Express,1,29684002,80400,22:20:00,late night,78900.0,25.0
101,101,Dundas Express,1,29684003,81900,22:45:00,late night,80400.0,25.0
101,101,Dundas Express,1,29684004,83400,23:10:00,late night,81900.0,25.0
103,103,Hurontario Express,0,29725773,16800,04:40:00,early morning,15000.0,30.0
103,103,Hurontario Express,0,29725774,18300,05:05:00,early morning,16800.0,25.0
103,103,Hurontario Express,0,29725775,19800,05:30:00,early morning,18300.0,25.0
103,103,Hurontario Express,0,29725776,20700,05:45:00,early morning,19800.0,15.0
103,103,Hurontario Express,0,29725777,21600,06:00:00,AM peak,20700.0,15.0
103,103,Hurontario Express,0,29725778,22500,06:15:00,AM peak,21600.0,15.0
103,103,Hurontario Express,0,29725779,23400,06:30:00,AM peak,22500.0,15.0
103,103,Hurontario Express,0,29725780,24300,06:45:00,AM peak,23400.0,15.0
103,103,Hurontario Express,0,29725781,25200,07:00:00,AM peak,24300.0,15.0
103,103,Hurontario Express,0,29725782,26100,07:15:00,AM peak,25200.0,15.0
103,103,Hurontario Express,0,29725783,27000,07:30:00,AM peak,26100.0,15.0
103,103,Hurontario Express,0,29725784,27900,07:45:00,AM peak,27000.0,15.0
103,103,Hurontario Express,0,29725785,29400,08:10:00,AM peak,27900.0,25.0
103,103,Hurontario Express,0,29725786,31200,08:40:00,AM peak,29400.0,30.0
103,103,Hurontario Express,0,29725787,33000,09:10:00,midday,31200.0,30.0
103,103,Hurontario Express,0,29725788,34800,09:40:00,midday,33000.0,30.0
103,103,Hurontario Express,0,29725789,36360,10:06:00,midday,34800.0,26.0
103,103,Hurontario Express,0,29725790,37800,10:30:00,midday,36360.0,24.0
103,103,Hurontario Express,0,29725791,39240,10:54:00,midday,37800.0,24.0
103,103,Hurontario Express,0,29725792,40800,11:20:00,midday,39240.0,26.0
103,103,Hurontario Express,0,29725793,42480,11:48:00,midday,40800.0,28.0
103,103,Hurontario Express,0,29725794,44280,12:18:00,midday,42480.0,30.0
103,103,Hurontario Express,0,29725795,46080,12:48:00,midday,44280.0,30.0
103,103,Hurontario Express,0,29725796,47760,13:16:00,midday,46080.0,28.0
103,103,Hurontario Express,0,29725797,49440,13:44:00,midday,47760.0,28.0
103,103,Hurontario Express,0,29725798,51120,14:12:00,midday,49440.0,28.0
103,103,Hurontario Express,0,29725799,52800,14:40:00,midday,51120.0,28.0
103,103,Hurontario Express,0,29725800,54000,15:00:00,PM peak,52800.0,20.0
103,103,Hurontario Express,0,29725801,54960,15:16:00,PM peak,54000.0,16.0
103,103,Hurontario Express,0,29725802,55920,15:32:00,PM peak,54960.0,16.0
103,103,Hurontario Express,0,29725803,56880,15:48:00,PM peak,55920.0,16.0
103,103,Hurontario Express,0,29725804,57840,16:04:00,PM peak,56880.0,16.0
103,103,Hurontario Express,0,29725805,58800,16:20:00,PM peak,57840.0,16.0
103,103,Hurontario Express,0,29725806,59880,16:38:00,PM peak,58800.0,18.0
103,103,Hurontario Express,0,29725807,60960,16:56:00,PM peak,59880.0,18.0
103,103,Hurontario Express,0,29725808,61920,17:12:00,PM peak,60960.0,16.0
103,103,Hurontario Express,0,29725809,62880,17:28:00,PM peak,61920.0,16.0
103,103,Hurontario Express,0,29725810,63840,17:44:00,PM peak,62880.0,16.0
103,103,Hurontario Express,0,29725811,65040,18:04:00,PM peak,63840.0,20.0
103,103,Hurontario Express,0,29725812,66480,18:28:00,PM peak,65040.0,24.0
103,103,Hurontario Express,0,29725813,67920,18:52:00,PM peak,66480.0,24.0
103,103,Hurontario Express,0,29725814,69360,19:16:00,evening,67920.0,24.0
103,103,Hurontario Express,0,29725815,70800,19:40:00,evening,69360.0,24.0
103,103,Hurontario Express,0,29725816,72240,20:04:00,evening,70800.0,24.0
103,103,Hurontario Express,0,29725817,74040,20:34:00,evening,72240.0,30.0
103,103,Hurontario Express,0,29725818,76320,21:12:00,evening,74040.0,38.0
103,103,Hurontario Express,0,29725819,78600,21:50:00,evening,76320.0,38.0
103,103,Hurontario Express,0,29725820,81000,22:30:00,late night,78600.0,40.0
103,103,Hurontario Express,0,29725821,83520,23:12:00,late night,81000.0,42.0
103,103,Hurontario Express,0,29725822,86820,24:07:00,late night,83520.0,55.0
103,103,Hurontario Express,0,29725823,89820,24:57:00,late night,86820.0,50.0
103,103,Hurontario Express,1,29725128,18300,05:05:00,early morning,16800.0,25.0
103,103,Hurontario Express,1,29725129,19800,05:30:00,early morning,18300.0,25.0
103,103,Hurontario Express,1,29725130,21300,05:55:00,early morning,19800.0,25.0
103,103,Hurontario Express,1,29725131,22500,06:15:00,AM peak,21300.0,20.0
103,103,Hurontario Express,1,29725132,23400,06:30:00,AM peak,22500.0,15.0
103,103,Hurontario Express,1,29725133,24300,06:45:00,AM peak,23400.0,15.0
103,103,Hurontario Express,1,29725134,25200,07:00:00,AM peak,24300.0,15.0
103,103,Hurontario Express,1,29725135,26100,07:15:00,AM peak,25200.0,15.0
103,103,Hurontario Express,1,29725136,27000,07:30:00,AM peak,26100.0,15.0
103,103,Hurontario Express,1,29725137,27900,07:45:00,AM peak,27000.0,15.0
103,103,Hurontario Express,1,29725138,28800,08:00:00,AM peak,27900.0,15.0
103,103,Hurontario Express,1,29725139,29880,08:18:00,AM peak,28800.0,18.0
103,103,Hurontario Express,1,29725140,30960,08:36:00,AM peak,29880.0,18.0
103,103,Hurontario Express,1,29725141,32040,08:54:00,AM peak,30960.0,18.0
103,103,Hurontario Express,1,29725142,33360,09:16:00,midday,32040.0,22.0
103,103,Hurontario Express,1,29725143,35160,09:46:00,midday,33360.0,30.0
103,103,Hurontario Express,1,29725144,36960,10:16:00,midday,35160.0,30.0
103,103,Hurontario Express,1,29725145,38760,10:46:00,midday,36960.0,30.0
103,103,Hurontario Express,1,29725146,40440,11:14:00,midday,38760.0,28.0
103,103,Hurontario Express,1,29725147,42000,11:40:00,midday,40440.0,26.0
103,103,Hurontario Express,1,29725148,43560,12:06:00,midday,42000.0,26.0
103,103,Hurontario Express,1,29725149,45120,12:32:00,midday,43560.0,26.0
103,103,Hurontario Express,1,29725150,46680,12:58:00,midday,45120.0,26.0
103,103,Hurontario Express,1,29725151,48360,13:26:00,midday,46680.0,28.0
103,103,Hurontario Express,1,29725152,50040,13:54:00,midday,48360.0,28.0
103,103,Hurontario Express,1,29725153,51840,14:24:00,midday,50040.0,30.0
103,103,Hurontario Express,1,29725154,53640,14:54:00,midday,51840.0,30.0
103,103,Hurontario Express,1,29725155,55320,15:22:00,PM peak,53640.0,28.0
103,103,Hurontario Express,1,29725156,56640,15:44:00,PM peak,55320.0,22.0
103,103,Hurontario Express,1,29725157,57600,16:00:00,PM peak,56640.0,16.0
103,103,Hurontario Express,1,29725158,58560,16:16:00,PM peak,57600.0,16.0
103,103,Hurontario Express,1,29725159,59520,16:32:00,PM peak,58560.0,16.0
103,103,Hurontario Express,1,29725160,60480,16:48:00,PM peak,59520.0,16.0
103,103,Hurontario Express,1,29725161,61440,17:04:00,PM peak,60480.0,16.0
103,103,Hurontario Express,1,29725162,62400,17:20:00,PM peak,61440.0,16.0
103,103,Hurontario Express,1,29725163,63360,17:36:00,PM peak,62400.0,16.0
103,103,Hurontario Express,1,29725164,64440,17:54:00,PM peak,63360.0,18.0
103,103,Hurontario Express,1,29725165,65520,18:12:00,PM peak,64440.0,18.0
103,103,Hurontario Express,1,29725166,66720,18:32:00,PM peak,65520.0,20.0
103,103,Hurontario Express,1,29725167,68520,19:02:00,evening,66720.0,30.0
103,103,Hurontario Express,1,29725168,70320,19:32:00,evening,68520.0,30.0
103,103,Hurontario Express,1,29725169,72000,20:00:00,evening,70320.0,28.0
103,103,Hurontario Express,1,29725170,73320,20:22:00,evening,72000.0,22.0
103,103,Hurontario Express,1,29725171,74640,20:44:00,evening,73320.0,22.0
103,103,Hurontario Express,1,29725765,76080,21:08:00,evening,74640.0,24.0
103,103,Hurontario Express,1,29725766,77880,21:38:00,evening,76080.0,30.0
103,103,Hurontario Express,1,29725767,79800,22:10:00,late night,77880.0,32.0
103,103,Hurontario Express,1,29725768,81720,22:42:00,late night,79800.0,32.0
103,103,Hurontario Express,1,29725769,84000,23:20:00,late night,81720.0,38.0
103,103,Hurontario Express,1,29725770,86760,24:06:00,late night,84000.0,46.0
103,103,Hurontario Express,1,29725771,89760,24:56:00,late night,86760.0,50.0
107,107,Malton Express,0,29892858,19500,05:25:00,early morning,18000.0,25.0
107,107,Malton Express,0,29892849,20400,05:40:00,early morning,19500.0,15.0
107,107,Malton Express,0,29892886,21300,05:55:00,early morning,20400.0,15.0
107,107,Malton Express,0,29892846,22200,06:10:00,AM peak,21300.0,15.0
107,107,Malton Express,0,29892852,23100,06:25:00,AM peak,22200.0,15.0
107,107,Malton Express,0,29892821,24000,06:40:00,AM peak,23100.0,15.0
107,107,Malton Express,0,29892822,24900,06:55:00,AM peak,24000.0,15.0
107,107,Malton Express,0,29892881,25800,07:10:00,AM peak,24900.0,15.0
107,107,Malton Express,0,29892834,26700,07:25:00,AM peak,25800.0,15.0
107,107,Malton Express,0,29892857,27600,07:40:00,AM peak,26700.0,15.0
107,107,Malton Express,0,29892837,28500,07:55:00,AM peak,27600.0,15.0
107,107,Malton Express,0,29892887,29400,08:10:00,AM peak,28500.0,15.0
107,107,Malton Express,0,29892818,30300,08:25:00,AM peak,29400.0,15.0
107,107,Malton Express,0,29892817,31200,08:40:00,AM peak,30300.0,15.0
107,107,Malton Express,0,29892855,31920,08:52:00,AM peak,31200.0,12.0
107,107,Malton Express,0,29892826,32640,09:04:00,midday,31920.0,12.0
107,107,Malton Express,0,29892799,33540,09:19:00,midday,32640.0,15.0
107,107,Malton Express,0,29892879,34440,09:34:00,midday,33540.0,15.0
107,107,Malton Express,0,29892811,35340,09:49:00,midday,34440.0,15.0
107,107,Malton Express,0,29892860,36240,10:04:00,midday,35340.0,15.0
107,107,Malton Express,0,29892839,37140,10:19:00,midday,36240.0,15.0
107,107,Malton Express,0,29892897,38040,10:34:00,midday,37140.0,15.0
107,107,Malton Express,0,29892797,38940,10:49:00,midday,38040.0,15.0
107,107,Malton Express,0,29892794,39840,11:04:00,midday,38940.0,15.0
107,107,Malton Express,0,29892825,40740,11:19:00,midday,39840.0,15.0
107,107,Malton Express,0,29892800,41640,11:34:00,midday,40740.0,15.0
107,107,Malton Express,0,29892874,42540,11:49:00,midday,41640.0,15.0
107,107,Malton Express,0,29892786,43440,12:04:00,midday,42540.0,15.0
107,107,Malton Express,0,29892869,44340,12:19:00,midday,43440.0,15.0
107,107,Malton Express,0,29892843,45240,12:34:00,midday,44340.0,15.0
107,107,Malton Express,0,29892895,46140,12:49:00,midday,45240.0,15.0
107,107,Malton Express,0,29892802,47040,13:04:00,midday,46140.0,15.0
107,107,Malton Express,0,29892782,47940,13:19:00,midday,47040.0,15.0
107,107,Malton Express,0,29892823,48840,13:34:00,midday,47940.0,15.0
107,107,Malton Express,0,29892798,49740,13:49:00,midday,48840.0,15.0
107,107,Malton Express,0,29892883,50640,14:04:00,midday,49740.0,15.0
107,107,Malton Express,0,29892787,51540,14:19:00,midday,50640.0,15.0
107,107,Malton Express,0,29892861,52440,14:34:00,midday,51540.0,15.0
107,107,Malton Express,0,29892838,53340,14:49:00,midday,52440.0,15.0
107,107,Malton Express,0,29892885,54240,15:04:00,PM peak,53340.0,15.0
107,107,Malton Express,0,29892767,54960,15:16:00,PM peak,54240.0,12.0
107,107,Malton Express,0,29892801,55680,15:28:00,PM peak,54960.0,12.0
107,107,Malton Express,0,29892768,56400,15:40:00,PM peak,55680.0,12.0
107,107,Malton Express,0,29892775,57120,15:52:00,PM peak,56400.0,12.0
107,107,Malton Express,0,29892764,57780,16:03:00,PM peak,57120.0,11.0
107,107,Malton Express,0,29892824,58440,16:14:00,PM peak,57780.0,11.0
107,107,Malton Express,0,29892796,59040,16:24:00,PM peak,58440.0,10.0
107,107,Malton Express,0,29892875,59640,16:34:00,PM peak,59040.0,10.0
107,107,Malton Express,0,29892784,60360,16:46:00,PM peak,59640.0,12.0
107,107,Malton Express,0,29892758,61080,16:58:00,PM peak,60360.0,12.0
107,107,Malton Express,0,29892859,61800,17:10:00,PM peak,61080.0,12.0
107,107,Malton Express,0,29892848,62520,17:22:00,PM peak,61800.0,12.0
107,107,Malton Express,0,29892888,63240,17:34:00,PM peak,62520.0,12.0
107,107,Malton Express,0,29892756,63960,17:46:00,PM peak,63240.0,12.0
107,107,Malton Express,0,29892803,64680,17:58:00,PM peak,63960.0,12.0
107,107,Malton Express,0,29892766,65400,18:10:00,PM peak,64680.0,12.0
107,107,Malton Express,0,29892776,66120,18:22:00,PM peak,65400.0,12.0
107,107,Malton Express,0,29892827,67020,18:37:00,PM peak,66120.0,15.0
107,107,Malton Express,0,29892813,67920,18:52:00,PM peak,67020.0,15.0
107,107,Malton Express,0,29892792,69120,19:12:00,evening,67920.0,20.0
107,107,Malton Express,0,29892862,70320,19:32:00,evening,69120.0,20.0
107,107,Malton Express,0,29892889,71520,19:52:00,evening,70320.0,20.0
107,107,Malton Express,0,29892759,72720,20:12:00,evening,71520.0,20.0
107,107,Malton Express,0,29892763,73920,20:32:00,evening,72720.0,20.0
107,107,Malton Express,0,29892777,75120,20:52:00,evening,73920.0,20.0
107,107,Malton Express,0,29892795,76320,21:12:00,evening,75120.0,20.0
107,107,Malton Express,0,29892785,77520,21:32:00,evening,76320.0,20.0
107,107,Malton Express,0,29892864,78720,21:52:00,evening,77520.0,20.0
107,107,Malton Express,0,29892890,79920,22:12:00,late night,78720.0,20.0
107,107,Malton Express,0,29892754,81120,22:32:00,late night,79920.0,20.0
107,107,Malton Express,0,29892773,82320,22:52:00,late night,81120.0,20.0
107,107,Malton Express,0,29892774,83520,23:12:00,late night,82320.0,20.0
107,107,Malton Express,1,29892853,19200,05:20:00,early morning,17400.0,30.0
107,107,Malton Express,1,29892851,20100,05:35:00,early morning,19200.0,15.0
107,107,Malton Express,1,29892850,21000,05:50:00,early morning,20100.0,15.0
107,107,Malton Express,1,29892876,21900,06:05:00,AM peak,21000.0,15.0
107,107,Malton Express,1,29892847,22800,06:20:00,AM peak,21900.0,15.0
107,107,Malton Express,1,29892865,23700,06:35:00,AM peak,22800.0,15.0
107,107,Malton Express,1,29892840,24600,06:50:00,AM peak,23700.0,15.0
107,107,Malton Express,1,29892891,25500,07:05:00,AM peak,24600.0,15.0
107,107,Malton Express,1,29892835,26280,07:18:00,AM peak,25500.0,13.0
107,107,Malton Express,1,29892828,26940,07:29:00,AM peak,26280.0,11.0
107,107,Malton Express,1,29892854,27660,07:41:00,AM peak,26940.0,12.0
107,107,Malton Express,1,29892831,28500,07:55:00,AM peak,27660.0,14.0
107,107,Malton Express,1,29892819,29400,08:10:00,AM peak,28500.0,15.0
107,107,Malton Express,1,29892878,30300,08:25:00,AM peak,29400.0,15.0
107,107,Malton Express,1,29892820,31200,08:40:00,AM peak,30300.0,15.0
107,107,Malton Express,1,29892867,32100,08:55:00,AM peak,31200.0,15.0
107,107,Malton Express,1,29892845,33000,09:10:00,midday,32100.0,15.0
107,107,Malton Express,1,29892899,33900,09:25:00,midday,33000.0,15.0
107,107,Malton Express,1,29892804,34800,09:40:00,midday,33900.0,15.0
107,107,Malton Express,1,29892815,35700,09:55:00,midday,34800.0,15.0
107,107,Malton Express,1,29892829,36600,10:10:00,midday,35700.0,15.0
107,107,Malton Express,1,29892805,37500,10:25:00,midday,36600.0,15.0
107,107,Malton Express,1,29892880,38400,10:40:00,midday,37500.0,15.0
107,107,Malton Express,1,29892788,39300,10:55:00,midday,38400.0,15.0
107,107,Malton Express,1,29892863,40200,11:10:00,midday,39300.0,15.0
107,107,Malton Express,1,29892841,41100,11:25:00,midday,40200.0,15.0
107,107,Malton Express,1,29892900,42000,11:40:00,midday,41100.0,15.0
107,107,Malton Express,1,29892807,42900,11:55:00,midday,42000.0,15.0
107,107,Malton Express,1,29892783,43800,12:10:00,midday,42900.0,15.0
107,107,Malton Express,1,29892832,44700,12:25:00,midday,43800.0,15.0
107,107,Malton Express,1,29892808,45600,12:40:00,midday,44700.0,15.0
107,107,Malton Express,1,29892877,46500,12:55:00,midday,45600.0,15.0
107,107,Malton Express,1,29892789,47400,13:10:00,midday,46500.0,15.0
107,107,Malton Express,1,29892870,48300,13:25:00,midday,47400.0,15.0
107,107,Malton Express,1,29892844,49200,13:40:00,midday,48300.0,15.0
107,107,Malton Express,1,29892898,50100,13:55:00,midday,49200.0,15.0
107,107,Malton Express,1,29892814,51000,14:10:00,midday,50100.0,15.0
107,107,Malton Express,1,29892771,51900,14:25:00,midday,51000.0,15.0
107,107,Malton Express,1,29892779,52800,14:40:00,midday,51900.0,15.0
107,107,Malton Express,1,29892830,53700,14:55:00,midday,52800.0,15.0
107,107,Malton Express,1,29892810,54420,15:07:00,PM peak,53700.0,12.0
107,107,Malton Express,1,29892872,55140,15:19:00,PM peak,54420.0,12.0
107,107,Malton Express,1,29892793,55860,15:31:00,PM peak,55140.0,12.0
107,107,Malton Express,1,29892769,56580,15:43:00,PM peak,55860.0,12.0
107,107,Malton Express,1,29892866,57300,15:55:00,PM peak,56580.0,12.0
107,107,Malton Express,1,29892842,58020,16:07:00,PM peak,57300.0,12.0
107,107,Malton Express,1,29892893,58740,16:19:00,PM peak,58020.0,12.0
107,107,Malton Express,1,29892755,59460,16:31:00,PM peak,58740.0,12.0
107,107,Malton Express,1,29892809,60180,16:43:00,PM peak,59460.0,12.0
107,107,Malton Express,1,29892770,60900,16:55:00,PM peak,60180.0,12.0
107,107,Malton Express,1,29892778,61620,17:07:00,PM peak,60900.0,12.0
107,107,Malton Express,1,29892757,62340,17:19:00,PM peak,61620.0,12.0
107,107,Malton Express,1,29892833,62940,17:29:00,PM peak,62340.0,10.0
107,107,Malton Express,1,29892806,63540,17:39:00,PM peak,62940.0,10.0
107,107,Malton Express,1,29892882,64140,17:49:00,PM peak,63540.0,10.0
107,107,Malton Express,1,29892791,64860,18:01:00,PM peak,64140.0,12.0
107,107,Malton Express,1,29892762,65580,18:13:00,PM peak,64860.0,12.0
107,107,Malton Express,1,29892868,66300,18:25:00,PM peak,65580.0,12.0
107,107,Malton Express,1,29892836,67020,18:37:00,PM peak,66300.0,12.0
107,107,Malton Express,1,29892884,67740,18:49:00,PM peak,67020.0,12.0
107,107,Malton Express,1,29892760,68400,19:00:00,evening,67740.0,11.0
107,107,Malton Express,1,29892772,69600,19:20:00,evening,68400.0,20.0
107,107,Malton Express,1,29892781,70800,19:40:00,evening,69600.0,20.0
107,107,Malton Express,1,29892816,72000,20:00:00,evening,70800.0,20.0
107,107,Malton Express,1,29892790,73200,20:20:00,evening,72000.0,20.0
107,107,Malton Express,1,29892856,74400,20:40:00,evening,73200.0,20.0
107,107,Malton Express,1,29892894,75600,21:00:00,evening,74400.0,20.0
107,107,Malton Express,1,29892761,76800,21:20:00,evening,75600.0,20.0
107,107,Malton Express,1,29892765,78000,21:40:00,evening,76800.0,20.0
107,107,Malton Express,1,29892780,79200,22:00:00,late night,78000.0,20.0
107,107,Malton Express,1,29892812,80700,22:25:00,late night,79200.0,25.0
107,107,Malton Express,1,29892871,82200,22:50:00,late night,80700.0,25.0
107,107,Malton Express,1,29892896,83700,23:15:00,late night,82200.0,25.0
108,108,Financial Express,0,29682563,20520,05:42:00,early morning,18720.0,30.0
108,108,Financial Express,0,29682565,22320,06:12:00,AM peak,20520.0,30.0
108,108,Financial Express,0,29682568,24120,06:42:00,AM peak,22320.0,30.0
108,108,Financial Express,0,29682571,25500,07:05:00,AM peak,24120.0,23.0
108,108,Financial Express,0,29682573,26760,07:26:00,AM peak,25500.0,21.0
108,108,Financial Express,0,29682576,28080,07:48:00,AM peak,26760.0,22.0
108,108,Financial Express,0,29764793,28800,08:00:00,AM peak,28080.0,12.0
108,108,Financial Express,0,29682578,29460,08:11:00,AM peak,28800.0,11.0
108,108,Financial Express,0,29682581,30900,08:35:00,AM peak,29460.0,24.0
108,108,Financial Express,0,29682584,32640,09:04:00,midday,30900.0,29.0
108,108,Financial Express,0,29682587,34440,09:34:00,midday,32640.0,30.0
108,108,Financial Express,0,29682590,36240,10:04:00,midday,34440.0,30.0
108,108,Financial Express,1,29682549,56700,15:45:00,PM peak,54900.0,30.0
108,108,Financial Express,1,29682550,57900,16:05:00,PM peak,56700.0,20.0
108,108,Financial Express,1,29682551,59100,16:25:00,PM peak,57900.0,20.0
108,108,Financial Express,1,29764794,59640,16:34:00,PM peak,59100.0,9.0
108,108,Financial Express,1,29682552,60420,16:47:00,PM peak,59640.0,13.0
108,108,Financial Express,1,29682553,61740,17:09:00,PM peak,60420.0,22.0
108,108,Financial Express,1,29682554,63180,17:33:00,PM peak,61740.0,24.0
108,108,Financial Express,1,29682555,64680,17:58:00,PM peak,63180.0,25.0
108,108,Financial Express,1,29682556,66360,18:26:00,PM peak,64680.0,28.0
108,108,Financial Express,1,29682557,68160,18:56:00,PM peak,66360.0,30.0
108,108,Financial Express,1,29682558,69960,19:26:00,evening,68160.0,30.0
108,108,Financial Express,1,29682559,71760,19:56:00,evening,69960.0,30.0
109,109,Meadowvale Express,0,29682562,20100,05:35:00,early morning,18600.0,25.0
109,109,Meadowvale Express,0,29682564,21600,06:00:00,AM peak,20100.0,25.0
109,109,Meadowvale Express,0,29682566,22500,06:15:00,AM peak,21600.0,15.0
109,109,Meadowvale Express,0,29682567,23400,06:30:00,AM peak,22500.0,15.0
109,109,Meadowvale Express,0,29682569,24300,06:45:00,AM peak,23400.0,15.0
109,109,Meadowvale Express,0,29682570,25200,07:00:00,AM peak,24300.0,15.0
109,109,Meadowvale Express,0,29682572,26100,07:15:00,AM peak,25200.0,15.0
109,109,Meadowvale Express,0,29682574,27000,07:30:00,AM peak,26100.0,15.0
109,109,Meadowvale Express,0,29682575,27900,07:45:00,AM peak,27000.0,15.0
109,109,Meadowvale Express,0,29682577,28800,08:00:00,AM peak,27900.0,15.0
109,109,Meadowvale Express,0,29682579,29700,08:15:00,AM peak,28800.0,15.0
109,109,Meadowvale Express,0,29682580,30600,08:30:00,AM peak,29700.0,15.0
109,109,Meadowvale Express,0,29682582,31500,08:45:00,AM peak,30600.0,15.0
109,109,Meadowvale Express,0,29682583,32400,09:00:00,midday,31500.0,15.0
109,109,Meadowvale Express,0,29682585,33300,09:15:00,midday,32400.0,15.0
109,109,Meadowvale Express,0,29682586,34200,09:30:00,midday,33300.0,15.0
109,109,Meadowvale Express,0,29682588,35100,09:45:00,midday,34200.0,15.0
109,109,Meadowvale Express,0,29682589,36000,10:00:00,midday,35100.0,15.0
109,109,Meadowvale Express,0,29682591,36900,10:15:00,midday,36000.0,15.0
109,109,Meadowvale Express,0,29682592,37800,10:30:00,midday,36900.0,15.0
109,109,Meadowvale Express,0,29682593,38700,10:45:00,midday,37800.0,15.0
109,109,Meadowvale Express,0,29682594,39600,11:00:00,midday,38700.0,15.0
109,109,Meadowvale Express,0,29682595,40500,11:15:00,midday,39600.0,15.0
109,109,Meadowvale Express,0,29682596,41400,11:30:00,midday,40500.0,15.0
109,109,Meadowvale Express,0,29682597,42300,11:45:00,midday,41400.0,15.0
109,109,Meadowvale Express,0,29682598,43200,12:00:00,midday,42300.0,15.0
109,109,Meadowvale Express,0,29682599,44100,12:15:00,midday,43200.0,15.0
109,109,Meadowvale Express,0,29682600,45000,12:30:00,midday,44100.0,15.0
109,109,Meadowvale Express,0,29682601,45900,12:45:00,midday,45000.0,15.0
109,109,Meadowvale Express,0,29682602,46800,13:00:00,midday,45900.0,15.0
109,109,Meadowvale Express,0,29682603,47700,13:15:00,midday,46800.0,15.0
109,109,Meadowvale Express,0,29682604,48600,13:30:00,midday,47700.0,15.0
109,109,Meadowvale Express,0,29682605,49500,13:45:00,midday,48600.0,15.0
109,109,Meadowvale Express,0,29682606,50400,14:00:00,midday,49500.0,15.0
109,109,Meadowvale Express,0,29682607,51300,14:15:00,midday,50400.0,15.0
109,109,Meadowvale Express,0,29682608,52200,14:30:00,midday,51300.0,15.0
109,109,Meadowvale Express,0,29682609,53100,14:45:00,midday,52200.0,15.0
109,109,Meadowvale Express,0,29682610,54000,15:00:00,PM peak,53100.0,15.0
109,109,Meadowvale Express,0,29682611,54600,15:10:00,PM peak,54000.0,10.0
109,109,Meadowvale Express,0,29682612,55200,15:20:00,PM peak,54600.0,10.0
109,109,Meadowvale Express,0,29682613,55800,15:30:00,PM peak,55200.0,10.0
109,109,Meadowvale Express,0,29682614,56400,15:40:00,PM peak,55800.0,10.0
109,109,Meadowvale Express,0,29682615,57000,15:50:00,PM peak,56400.0,10.0
109,109,Meadowvale Express,0,29682616,57600,16:00:00,PM peak,57000.0,10.0
109,109,Meadowvale Express,0,29682617,58140,16:09:00,PM peak,57600.0,9.0
109,109,Meadowvale Express,0,29682618,58680,16:18:00,PM peak,58140.0,9.0
109,109,Meadowvale Express,0,29682619,59220,16:27:00,PM peak,58680.0,9.0
109,109,Meadowvale Express,0,29682620,59760,16:36:00,PM peak,59220.0,9.0
109,109,Meadowvale Express,0,29682621,60300,16:45:00,PM peak,59760.0,9.0
109,109,Meadowvale Express,0,29682622,60900,16:55:00,PM peak,60300.0,10.0
109,109,Meadowvale Express,0,29682623,61500,17:05:00,PM peak,60900.0,10.0
109,109,Meadowvale Express,0,29682624,62040,17:14:00,PM peak,61500.0,9.0
109,109,Meadowvale Express,0,29682625,62520,17:22:00,PM peak,62040.0,8.0
109,109,Meadowvale Express,0,29682626,63000,17:30:00,PM peak,62520.0,8.0
109,109,Meadowvale Express,0,29682627,63540,17:39:00,PM peak,63000.0,9.0
109,109,Meadowvale Express,0,29682628,64080,17:48:00,PM peak,63540.0,9.0
109,109,Meadowvale Express,0,29682629,64620,17:57:00,PM peak,64080.0,9.0
109,109,Meadowvale Express,0,29682630,65160,18:06:00,PM peak,64620.0,9.0
109,109,Meadowvale Express,0,29682631,65700,18:15:00,PM peak,65160.0,9.0
109,109,Meadowvale Express,0,29682632,66240,18:24:00,PM peak,65700.0,9.0
109,109,Meadowvale Express,0,29682633,66780,18:33:00,PM peak,66240.0,9.0
109,109,Meadowvale Express,0,29682634,67320,18:42:00,PM peak,66780.0,9.0
109,109,Meadowvale Express,0,29682635,67860,18:51:00,PM peak,67320.0,9.0
109,109,Meadowvale Express,0,29682636,68400,19:00:00,evening,67860.0,9.0
109,109,Meadowvale Express,0,29682637,69300,19:15:00,evening,68400.0,15.0
109,109,Meadowvale Express,0,29682638,70200,19:30:00,evening,69300.0,15.0
109,109,Meadowvale Express,0,29682639,71100,19:45:00,evening,70200.0,15.0
109,109,Meadowvale Express,0,29682640,72000,20:00:00,evening,71100.0,15.0
109,109,Meadowvale Express,0,29682641,72900,20:15:00,evening,72000.0,15.0
109,109,Meadowvale Express,0,29682642,73800,20:30:00,evening,72900.0,15.0
109,109,Meadowvale Express,0,29682643,74700,20:45:00,evening,73800.0,15.0
109,109,Meadowvale Express,0,29682644,75600,21:00:00,evening,74700.0,15.0
109,109,Meadowvale Express,0,29682645,76500,21:15:00,evening,75600.0,15.0
109,109,Meadowvale Express,0,29682646,77400,21:30:00,evening,76500.0,15.0
109,109,Meadowvale Express,0,29682647,78300,21:45:00,evening,77400.0,15.0
109,109,Meadowvale Express,0,29682648,79200,22:00:00,late night,78300.0,15.0
109,109,Meadowvale Express,0,29682649,80280,22:18:00,late night,79200.0,18.0
109,109,Meadowvale Express,0,29682650,81480,22:38:00,late night,80280.0,20.0
109,109,Meadowvale Express,0,29682651,82680,22:58:00,late night,81480.0,20.0
109,109,Meadowvale Express,0,29682652,83880,23:18:00,late night,82680.0,20.0
109,109,Meadowvale Express,0,29682653,85200,23:40:00,late night,83880.0,22.0
109,109,Meadowvale Express,1,29682655,16260,04:31:00,early morning,14760.0,25.0
109,109,Meadowvale Express,1,29682656,17760,04:56:00,early morning,16260.0,25.0
109,109,Meadowvale Express,1,29682657,19260,05:21:00,early morning,17760.0,25.0
109,109,Meadowvale Express,1,29682658,20400,05:40:00,early morning,19260.0,19.0
109,109,Meadowvale Express,1,29682659,21360,05:56:00,early morning,20400.0,16.0
109,109,Meadowvale Express,1,29682660,22260,06:11:00,AM peak,21360.0,15.0
109,109,Meadowvale Express,1,29682661,22860,06:21:00,AM peak,22260.0,10.0
109,109,Meadowvale Express,1,29682662,23460,06:31:00,AM peak,22860.0,10.0
109,109,Meadowvale Express,1,29682663,24060,06:41:00,AM peak,23460.0,10.0
109,109,Meadowvale Express,1,29682664,24660,06:51:00,AM peak,24060.0,10.0
109,109,Meadowvale Express,1,29682665,25260,07:01:00,AM peak,24660.0,10.0
109,109,Meadowvale Express,1,29682666,25860,07:11:00,AM peak,25260.0,10.0
109,109,Meadowvale Express,1,29682667,26460,07:21:00,AM peak,25860.0,10.0
109,109,Meadowvale Express,1,29682668,27060,07:31:00,AM peak,26460.0,10.0
109,109,Meadowvale Express,1,29682669,27660,07:41:00,AM peak,27060.0,10.0
109,109,Meadowvale Express,1,29682670,28260,07:51:00,AM peak,27660.0,10.0
109,109,Meadowvale Express,1,29682671,28860,08:01:00,AM peak,28260.0,10.0
109,109,Meadowvale Express,1,29682672,29460,08:11:00,AM peak,28860.0,10.0
109,109,Meadowvale Express,1,29682673,30060,08:21:00,AM peak,29460.0,10.0
109,109,Meadowvale Express,1,29682674,30660,08:31:00,AM peak,30060.0,10.0
109,109,Meadowvale Express,1,29682675,31260,08:41:00,AM peak,30660.0,10.0
109,109,Meadowvale Express,1,29682676,31860,08:51:00,AM peak,31260.0,10.0
109,109,Meadowvale Express,1,29682677,32460,09:01:00,midday,31860.0,10.0
109,109,Meadowvale Express,1,29682678,33060,09:11:00,midday,32460.0,10.0
109,109,Meadowvale Express,1,29682679,33660,09:21:00,midday,33060.0,10.0
109,109,Meadowvale Express,1,29682680,34260,09:31:00,midday,33660.0,10.0
109,109,Meadowvale Express,1,29682681,34860,09:41:00,midday,34260.0,10.0
109,109,Meadowvale Express,1,29682682,35460,09:51:00,midday,34860.0,10.0
109,109,Meadowvale Express,1,29682683,36060,10:01:00,midday,35460.0,10.0
109,109,Meadowvale Express,1,29682684,36960,10:16:00,midday,36060.0,15.0
109,109,Meadowvale Express,1,29682685,37860,10:31:00,midday,36960.0,15.0
109,109,Meadowvale Express,1,29682686,38760,10:46:00,midday,37860.0,15.0
109,109,Meadowvale Express,1,29682687,39660,11:01:00,midday,38760.0,15.0
109,109,Meadowvale Express,1,29682688,40560,11:16:00,midday,39660.0,15.0
109,109,Meadowvale Express,1,29682689,41460,11:31:00,midday,40560.0,15.0
109,109,Meadowvale Express,1,29682690,42360,11:46:00,midday,41460.0,15.0
109,109,Meadowvale Express,1,29682691,43260,12:01:00,midday,42360.0,15.0
109,109,Meadowvale Express,1,29682692,44160,12:16:00,midday,43260.0,15.0
109,109,Meadowvale Express,1,29682693,45060,12:31:00,midday,44160.0,15.0
109,109,Meadowvale Express,1,29682694,45960,12:46:00,midday,45060.0,15.0
109,109,Meadowvale Express,1,29682695,46860,13:01:00,midday,45960.0,15.0
109,109,Meadowvale Express,1,29682696,47760,13:16:00,midday,46860.0,15.0
109,109,Meadowvale Express,1,29682697,48660,13:31:00,midday,47760.0,15.0
109,109,Meadowvale Express,1,29682698,49560,13:46:00,midday,48660.0,15.0
109,109,Meadowvale Express,1,29682699,50460,14:01:00,midday,49560.0,15.0
109,109,Meadowvale Express,1,29682700,51360,14:16:00,midday,50460.0,15.0
109,109,Meadowvale Express,1,29682701,52260,14:31:00,midday,51360.0,15.0
109,109,Meadowvale Express,1,29682702,53160,14:46:00,midday,52260.0,15.0
109,109,Meadowvale Express,1,29682703,54060,15:01:00,PM peak,53160.0,15.0
109,109,Meadowvale Express,1,29682704,54960,15:16:00,PM peak,54060.0,15.0
109,109,Meadowvale Express,1,29682705,55860,15:31:00,PM peak,54960.0,15.0
109,109,Meadowvale Express,1,29682706,56760,15:46:00,PM peak,55860.0,15.0
109,109,Meadowvale Express,1,29682707,57660,16:01:00,PM peak,56760.0,15.0
109,109,Meadowvale Express,1,29682708,58560,16:16:00,PM peak,57660.0,15.0
109,109,Meadowvale Express,1,29682709,59460,16:31:00,PM peak,58560.0,15.0
109,109,Meadowvale Express,1,29682710,60360,16:46:00,PM peak,59460.0,15.0
109,109,Meadowvale Express,1,29682711,61260,17:01:00,PM peak,60360.0,15.0
109,109,Meadowvale Express,1,29682712,62160,17:16:00,PM peak,61260.0,15.0
109,109,Meadowvale Express,1,29682713,63060,17:31:00,PM peak,62160.0,15.0
109,109,Meadowvale Express,1,29682714,63960,17:46:00,PM peak,63060.0,15.0
109,109,Meadowvale Express,1,29682715,64800,18:00:00,PM peak,63960.0,14.0
109,109,Meadowvale Express,1,29682716,65760,18:16:00,PM peak,64800.0,16.0
109,109,Meadowvale Express,1,29682717,66660,18:31:00,PM peak,65760.0,15.0
109,109,Meadowvale Express,1,29682718,67620,18:47:00,PM peak,66660.0,16.0
109,109,Meadowvale Express,1,29682719,68460,19:01:00,evening,67620.0,14.0
109,109,Meadowvale Express,1,29682720,69360,19:16:00,evening,68460.0,15.0
109,109,Meadowvale Express,1,29682721,70260,19:31:00,evening,69360.0,15.0
109,109,Meadowvale Express,1,29682722,71160,19:46:00,evening,70260.0,15.0
109,109,Meadowvale Express,1,29682723,72060,20:01:00,evening,71160.0,15.0
109,109,Meadowvale Express,1,29682724,72960,20:16:00,evening,72060.0,15.0
109,109,Meadowvale Express,1,29682725,73860,20:31:00,evening,72960.0,15.0
109,109,Meadowvale Express,1,29682726,74760,20:46:00,evening,73860.0,15.0
109,109,Meadowvale Express,1,29682727,75660,21:01:00,evening,74760.0,15.0
109,109,Meadowvale Express,1,29682728,76560,21:16:00,evening,75660.0,15.0
109,109,Meadowvale Express,1,29682729,77460,21:31:00,evening,76560.0,15.0
109,109,Meadowvale Express,1,29682730,78360,21:46:00,evening,77460.0,15.0
109,109,Meadowvale Express,1,29682731,79320,22:02:00,late night,78360.0,16.0
109,109,Meadowvale Express,1,29682732,80280,22:18:00,late night,79320.0,16.0
109,109,Meadowvale Express,1,29682733,81360,22:36:00,late night,80280.0,18.0
110,110,University Express,0,29683765,16680,04:38:00,early morning,15540.0,19.0
110,110,University Express,0,29683769,17580,04:53:00,early morning,16680.0,15.0
110,110,University Express,0,29683766,17700,04:55:00,early morning,17580.0,2.0
110,110,University Express,0,29683755,18600,05:10:00,early morning,17700.0,15.0
110,110,University Express,0,29683763,19620,05:27:00,early morning,18600.0,17.0
110,110,University Express,0,29683756,20760,05:46:00,early morning,19620.0,19.0
110,110,University Express,0,29683759,21840,06:04:00,AM peak,20760.0,18.0
110,110,University Express,0,29683760,23160,06:26:00,AM peak,21840.0,22.0
110,110,University Express,0,29683749,24180,06:43:00,AM peak,23160.0,17.0
110,110,University Express,0,29683753,25320,07:02:00,AM peak,24180.0,19.0
110,110,University Express,0,29683740,26880,07:28:00,AM peak,25320.0,26.0
110,110,University Express,0,29683741,28020,07:47:00,AM peak,26880.0,19.0
110,110,University Express,0,29683751,29400,08:10:00,AM peak,28020.0,23.0
110,110,University Express,0,29683718,30720,08:32:00,AM peak,29400.0,22.0
110,110,University Express,0,29683735,31980,08:53:00,AM peak,30720.0,21.0
110,110,University Express,0,29683722,33120,09:12:00,midday,31980.0,19.0
110,110,University Express,0,29683724,34560,09:36:00,midday,33120.0,24.0
110,110,University Express,0,29683719,35880,09:58:00,midday,34560.0,22.0
110,110,University Express,0,29683716,37020,10:17:00,midday,35880.0,19.0
110,110,University Express,0,29683711,38280,10:38:00,midday,37020.0,21.0
110,110,University Express,0,29683706,39540,10:59:00,midday,38280.0,21.0
110,110,University Express,0,29683707,40800,11:20:00,midday,39540.0,21.0
110,110,University Express,0,29683700,42060,11:41:00,midday,40800.0,21.0
110,110,University Express,0,29683697,43320,12:02:00,midday,42060.0,21.0
110,110,University Express,0,29683687,44580,12:23:00,midday,43320.0,21.0
110,110,University Express,0,29683689,45900,12:45:00,midday,44580.0,22.0
110,110,University Express,0,29683683,47160,13:06:00,midday,45900.0,21.0
110,110,University Express,0,29683670,48480,13:28:00,midday,47160.0,22.0
110,110,University Express,0,29683672,49740,13:49:00,midday,48480.0,21.0
110,110,University Express,0,29683669,51060,14:11:00,midday,49740.0,22.0
110,110,University Express,0,29683674,52200,14:30:00,midday,51060.0,19.0
110,110,University Express,0,29683665,53460,14:51:00,midday,52200.0,21.0
110,110,University Express,0,29683657,54720,15:12:00,PM peak,53460.0,21.0
110,110,University Express,0,29683659,56040,15:34:00,PM peak,54720.0,22.0
110,110,University Express,0,29683653,57360,15:56:00,PM peak,56040.0,22.0
110,110,University Express,0,29683648,58680,16:18:00,PM peak,57360.0,22.0
110,110,University Express,0,29683646,60060,16:41:00,PM peak,58680.0,23.0
110,110,University Express,0,29683640,61440,17:04:00,PM peak,60060.0,23.0
110,110,University Express,0,29683635,62880,17:28:00,PM peak,61440.0,24.0
110,110,University Express,0,29683631,64260,17:51:00,PM peak,62880.0,23.0
110,110,University Express,0,29683627,65640,18:14:00,PM peak,64260.0,23.0
110,110,University Express,0,29683625,67020,18:37:00,PM peak,65640.0,23.0
110,110,University Express,0,29683629,68340,18:59:00,PM peak,67020.0,22.0
110,110,University Express,0,29683616,69600,19:20:00,evening,68340.0,21.0
110,110,University Express,0,29683618,70860,19:41:00,evening,69600.0,21.0
110,110,University Express,0,29683598,71940,19:59:00,evening,70860.0,18.0
110,110,University Express,0,29683605,73020,20:17:00,evening,71940.0,18.0
110,110,University Express,0,29683632,74100,20:35:00,evening,73020.0,18.0
110,110,University Express,0,29683603,75120,20:52:00,evening,74100.0,17.0
110,110,University Express,0,29683621,76920,21:22:00,evening,75120.0,30.0
110,110,University Express,0,29683596,78720,21:52:00,evening,76920.0,30.0
110,110,University Express,0,29683606,80460,22:21:00,late night,78720.0,29.0
110,110,University Express,0,29683619,82080,22:48:00,late night,80460.0,27.0
110,110,University Express,0,29683608,84480,23:28:00,late night,82080.0,40.0
110,110,University Express,0,29683623,85920,23:52:00,late night,84480.0,24.0
110,110,University Express,0,29683600,87360,24:16:00,late night,85920.0,24.0
110,110,University Express,0,29683615,88800,24:40:00,late night,87360.0,24.0
110,110,University Express,0,29683609,90240,25:04:00,late night,88800.0,24.0
110,110,University Express,1,29683771,15720,04:22:00,early morning,14700.0,17.0
110,110,University Express,1,29683770,16800,04:40:00,early morning,15720.0,18.0
110,110,University Express,1,29683757,17880,04:58:00,early morning,16800.0,18.0
110,110,University Express,1,29683758,18960,05:16:00,early morning,17880.0,18.0
110,110,University Express,1,29683762,20040,05:34:00,early morning,18960.0,18.0
110,110,University Express,1,29683761,21060,05:51:00,early morning,20040.0,17.0
110,110,University Express,1,29683764,22140,06:09:00,AM peak,21060.0,18.0
110,110,University Express,1,29683754,23280,06:28:00,AM peak,22140.0,19.0
110,110,University Express,1,29683739,24480,06:48:00,AM peak,23280.0,20.0
110,110,University Express,1,29683752,25740,07:09:00,AM peak,24480.0,21.0
110,110,University Express,1,29683748,27000,07:30:00,AM peak,25740.0,21.0
110,110,University Express,1,29683750,28260,07:51:00,AM peak,27000.0,21.0
110,110,University Express,1,29683721,29760,08:16:00,AM peak,28260.0,25.0
110,110,University Express,1,29683723,31020,08:37:00,AM peak,29760.0,21.0
110,110,University Express,1,29683738,32280,08:58:00,AM peak,31020.0,21.0
110,110,University Express,1,29683737,33660,09:21:00,midday,32280.0,23.0
110,110,University Express,1,29683736,34920,09:42:00,midday,33660.0,21.0
110,110,University Express,1,29683720,36000,10:00:00,midday,34920.0,18.0
110,110,University Express,1,29683713,37260,10:21:00,midday,36000.0,21.0
110,110,University Express,1,29683712,38520,10:42:00,midday,37260.0,21.0
110,110,University Express,1,29683705,39780,11:03:00,midday,38520.0,21.0
110,110,University Express,1,29683702,41040,11:24:00,midday,39780.0,21.0
110,110,University Express,1,29683696,42300,11:45:00,midday,41040.0,21.0
110,110,University Express,1,29683690,43560,12:06:00,midday,42300.0,21.0
110,110,University Express,1,29683688,44820,12:27:00,midday,43560.0,21.0
110,110,University Express,1,29683686,46080,12:48:00,midday,44820.0,21.0
110,110,University Express,1,29683682,47340,13:09:00,midday,46080.0,21.0
110,110,University Express,1,29683671,48600,13:30:00,midday,47340.0,21.0
110,110,University Express,1,29683675,49920,13:52:00,midday,48600.0,22.0
110,110,University Express,1,29683673,51240,14:14:00,midday,49920.0,22.0
110,110,University Express,1,29683664,52560,14:36:00,midday,51240.0,22.0
110,110,University Express,1,29683658,53820,14:57:00,midday,52560.0,21.0
110,110,University Express,1,29683656,55140,15:19:00,PM peak,53820.0,22.0
110,110,University Express,1,29683654,56460,15:41:00,PM peak,55140.0,22.0
110,110,University Express,1,29683650,57780,16:03:00,PM peak,56460.0,22.0
110,110,University Express,1,29683645,59160,16:26:00,PM peak,57780.0,23.0
110,110,University Express,1,29683642,60480,16:48:00,PM peak,59160.0,22.0
110,110,University Express,1,29683639,61800,17:10:00,PM peak,60480.0,22.0
110,110,University Express,1,29683634,63180,17:33:00,PM peak,61800.0,23.0
110,110,University Express,1,29683628,64560,17:56:00,PM peak,63180.0,23.0
110,110,University Express,1,29683626,66000,18:20:00,PM peak,64560.0,24.0
110,110,University Express,1,29683612,67200,18:40:00,PM peak,66000.0,20.0
110,110,University Express,1,29683620,68520,19:02:00,evening,67200.0,22.0
110,110,University Express,1,29683611,69960,19:26:00,evening,68520.0,24.0
110,110,University Express,1,29683630,71040,19:44:00,evening,69960.0,18.0
110,110,University Express,1,29683599,72300,20:05:00,evening,71040.0,21.0
110,110,University Express,1,29683617,73860,20:31:00,evening,72300.0,26.0
110,110,University Express,1,29683597,75720,21:02:00,evening,73860.0,31.0
110,110,University Express,1,29683602,77580,21:33:00,evening,75720.0,31.0
110,110,University Express,1,29683614,79320,22:02:00,late night,77580.0,29.0
110,110,University Express,1,29683595,81120,22:32:00,late night,79320.0,30.0
110,110,University Express,1,29683604,82740,22:59:00,late night,81120.0,27.0
110,110,University Express,1,29683613,84360,23:26:00,late night,82740.0,27.0
110,110,University Express,1,29683607,85800,23:50:00,late night,84360.0,24.0
110,110,University Express,1,29683622,87240,24:14:00,late night,85800.0,24.0
110,110,University Express,1,29683601,88680,24:38:00,late night,87240.0,24.0
110,110,University Express,1,29683624,90120,25:02:00,late night,88680.0,24.0
110,110,University Express,1,29683610,91560,25:26:00,late night,90120.0,24.0
126,126,Burnhamthorpe Express,0,29710445,25800,07:10:00,AM peak,24600.0,20.0
126,126,Burnhamthorpe Express,0,29710446,27000,07:30:00,AM peak,25800.0,20.0
126,126,Burnhamthorpe Express,0,29710447,28200,07:50:00,AM peak,27000.0,20.0
126,126,Burnhamthorpe Express,0,29710448,29400,08:10:00,AM peak,28200.0,20.0
126,126,Burnhamthorpe Express,0,29710449,30600,08:30:00,AM peak,29400.0,20.0
126,126,Burnhamthorpe Express,0,29710450,31800,08:50:00,AM peak,30600.0,20.0
126,126,Burnhamthorpe Express,0,29710451,33000,09:10:00,midday,31800.0,20.0
126,126,Burnhamthorpe Express,0,29710452,34200,09:30:00,midday,33000.0,20.0
126,126,Burnhamthorpe Express,0,29710454,51600,14:20:00,midday,50400.0,20.0
126,126,Burnhamthorpe Express,0,29710455,52800,14:40:00,midday,51600.0,20.0
126,126,Burnhamthorpe Express,0,29710456,54000,15:00:00,PM peak,52800.0,20.0
126,126,Burnhamthorpe Express,0,29710457,55200,15:20:00,PM peak,54000.0,20.0
126,126,Burnhamthorpe Express,0,29710458,56400,15:40:00,PM peak,55200.0,20.0
126,126,Burnhamthorpe Express,0,29710459,57720,16:02:00,PM peak,56400.0,22.0
126,126,Burnhamthorpe Express,0,29710460,59040,16:24:00,PM peak,57720.0,22.0
126,126,Burnhamthorpe Express,0,29710461,60360,16:46:00,PM peak,59040.0,22.0
126,126,Burnhamthorpe Express,0,29710462,61680,17:08:00,PM peak,60360.0,22.0
126,126,Burnhamthorpe Express,0,29710463,63000,17:30:00,PM peak,61680.0,22.0
126,126,Burnhamthorpe Express,0,29710464,64200,17:50:00,PM peak,63000.0,20.0
126,126,Burnhamthorpe Express,0,29710465,65400,18:10:00,PM peak,64200.0,20.0
126,126,Burnhamthorpe Express,0,29710466,66600,18:30:00,PM peak,65400.0,20.0
126,126,Burnhamthorpe Express,0,29710467,67800,18:50:00,PM peak,66600.0,20.0
126,126,Burnhamthorpe Express,0,29710468,69000,19:10:00,evening,67800.0,20.0
126,126,Burnhamthorpe Express,1,29710421,25800,07:10:00,AM peak,24600.0,20.0
126,126,Burnhamthorpe Express,1,29710422,27000,07:30:00,AM peak,25800.0,20.0
126,126,Burnhamthorpe Express,1,29710423,28200,07:50:00,AM peak,27000.0,20.0
126,126,Burnhamthorpe Express,1,29710424,29400,08:10:00,AM peak,28200.0,20.0
126,126,Burnhamthorpe Express,1,29710425,30600,08:30:00,AM peak,29400.0,20.0
126,126,Burnhamthorpe Express,1,29710426,31800,08:50:00,AM peak,30600.0,20.0
126,126,Burnhamthorpe Express,1,29710427,33000,09:10:00,midday,31800.0,20.0
126,126,Burnhamthorpe Express,1,29710428,34200,09:30:00,midday,33000.0,20.0
126,126,Burnhamthorpe Express,1,29710429,35400,09:50:00,midday,34200.0,20.0
126,126,Burnhamthorpe Express,1,29710430,36600,10:10:00,midday,35400.0,20.0
126,126,Burnhamthorpe Express,1,29710431,37800,10:30:00,midday,36600.0,20.0
126,126,Burnhamthorpe Express,1,29710433,55200,15:20:00,PM peak,54000.0,20.0
126,126,Burnhamthorpe Express,1,29710434,56400,15:40:00,PM peak,55200.0,20.0
126,126,Burnhamthorpe Express,1,29710435,57600,16:00:00,PM peak,56400.0,20.0
126,126,Burnhamthorpe Express,1,29710436,58800,16:20:00,PM peak,57600.0,20.0
126,126,Burnhamthorpe Express,1,29710437,60120,16:42:00,PM peak,58800.0,22.0
126,126,Burnhamthorpe Express,1,29710438,61440,17:04:00,PM peak,60120.0,22.0
126,126,Burnhamthorpe Express,1,29710439,62760,17:26:00,PM peak,61440.0,22.0
126,126,Burnhamthorpe Express,1,29710440,64080,17:48:00,PM peak,62760.0,22.0
126,126,Burnhamthorpe Express,1,29710441,65400,18:10:00,PM peak,64080.0,22.0
126,126,Burnhamthorpe Express,1,29710442,66600,18:30:00,PM peak,65400.0,20.0
126,126,Burnhamthorpe Express,1,29710443,67800,18:50:00,PM peak,66600.0,20.0
135,135,Eglinton Express,0,29762731,21900,06:05:00,AM peak,21000.0,15.0
135,135,Eglinton Express,0,29762732,22800,06:20:00,AM peak,21900.0,15.0
135,135,Eglinton Express,0,29762733,23700,06:35:00,AM peak,22800.0,15.0
135,135,Eglinton Express,0,29762734,24600,06:50:00,AM peak,23700.0,15.0
135,135,Eglinton Express,0,29762735,25500,07:05:00,AM peak,24600.0,15.0
135,135,Eglinton Express,0,29762736,26400,07:20:00,AM peak,25500.0,15.0
135,135,Eglinton Express,0,29762737,27300,07:35:00,AM peak,26400.0,15.0
135,135,Eglinton Express,0,29762738,28200,07:50:00,AM peak,27300.0,15.0
135,135,Eglinton Express,0,29762739,29100,08:05:00,AM peak,28200.0,15.0
135,135,Eglinton Express,0,29762740,30000,08:20:00,AM peak,29100.0,15.0
135,135,Eglinton Express,0,29762741,30900,08:35:00,AM peak,30000.0,15.0
135,135,Eglinton Express,0,29762742,31800,08:50:00,AM peak,30900.0,15.0
135,135,Eglinton Express,0,29762743,32700,09:05:00,midday,31800.0,15.0
135,135,Eglinton Express,0,29762745,53520,14:52:00,midday,52620.0,15.0
135,135,Eglinton Express,0,29762746,54420,15:07:00,PM peak,53520.0,15.0
135,135,Eglinton Express,0,29762747,55320,15:22:00,PM peak,54420.0,15.0
135,135,Eglinton Express,0,29762748,56220,15:37:00,PM peak,55320.0,15.0
135,135,Eglinton Express,0,29762749,57120,15:52:00,PM peak,56220.0,15.0
135,135,Eglinton Express,0,29762750,58020,16:07:00,PM peak,57120.0,15.0
135,135,Eglinton Express,0,29762751,58920,16:22:00,PM peak,58020.0,15.0
135,135,Eglinton Express,0,29762752,59820,16:37:00,PM peak,58920.0,15.0
135,135,Eglinton Express,0,29762753,60720,16:52:00,PM peak,59820.0,15.0
135,135,Eglinton Express,0,29762754,61620,17:07:00,PM peak,60720.0,15.0
135,135,Eglinton Express,0,29762755,62520,17:22:00,PM peak,61620.0,15.0
135,135,Eglinton Express,0,29762756,63420,17:37:00,PM peak,62520.0,15.0
135,135,Eglinton Express,1,29762758,22800,06:20:00,AM peak,21900.0,15.0
135,135,Eglinton Express,1,29762759,23700,06:35:00,AM peak,22800.0,15.0
135,135,Eglinton Express,1,29762760,24600,06:50:00,AM peak,23700.0,15.0
135,135,Eglinton Express,1,29762761,25500,07:05:00,AM peak,24600.0,15.0
135,135,Eglinton Express,1,29762762,26400,07:20:00,AM peak,25500.0,15.0
135,135,Eglinton Express,1,29762763,27300,07:35:00,AM peak,26400.0,15.0
135,135,Eglinton Express,1,29762764,28200,07:50:00,AM peak,27300.0,15.0
135,135,Eglinton Express,1,29762765,29100,08:05:00,AM peak,28200.0,15.0
135,135,Eglinton Express,1,29762766,30000,08:20:00,AM peak,29100.0,15.0
135,135,Eglinton Express,1,29762767,30900,08:35:00,AM peak,30000.0,15.0
135,135,Eglinton Express,1,29762768,31800,08:50:00,AM peak,30900.0,15.0
135,135,Eglinton Express,1,29762769,32700,09:05:00,midday,31800.0,15.0
135,135,Eglinton Express,1,29762771,54000,15:00:00,PM peak,53100.0,15.0
135,135,Eglinton Express,1,29762772,54900,15:15:00,PM peak,54000.0,15.0
135,135,Eglinton Express,1,29762773,55800,15:30:00,PM peak,54900.0,15.0
135,135,Eglinton Express,1,29762774,56700,15:45:00,PM peak,55800.0,15.0
135,135,Eglinton Express,1,29762775,57600,16:00:00,PM peak,56700.0,15.0
135,135,Eglinton Express,1,29762776,58500,16:15:00,PM peak,57600.0,15.0
135,135,Eglinton Express,1,29762777,59400,16:30:00,PM peak,58500.0,15.0
135,135,Eglinton Express,1,29762778,60300,16:45:00,PM peak,59400.0,15.0
135,135,Eglinton Express,1,29762779,61200,17:00:00,PM peak,60300.0,15.0
135,135,Eglinton Express,1,29762780,62100,17:15:00,PM peak,61200.0,15.0
135,135,Eglinton Express,1,29762781,63000,17:30:00,PM peak,62100.0,15.0
135,135,Eglinton Express,1,29762782,63900,17:45:00,PM peak,63000.0,15.0
135,135,Eglinton Express,1,29762783,64800,18:00:00,PM peak,63900.0,15.0
302,302,Philip Pocock SS,1,29684083,51720,14:22:00,midday,51300.0,7.0
315,315,Rick Hansen SS,1,29684077,55260,15:21:00,PM peak,55020.0,4.0
321,321,Stephen Lewis SS,0,29684076,30720,08:32:00,AM peak,28740.0,33.0
321,321,Stephen Lewis SS,1,29684078,52740,14:39:00,midday,52680.0,1.0
321,321,Stephen Lewis SS,1,29684079,55500,15:25:00,PM peak,52740.0,46.0
